{
  "artifact_type": "inference_benchmark",
  "generated_by": "python src/benchmark_inference.py",
  "base_name": "exp1_baseline_60split__20260309_202554",
  "experiment": "exp1_baseline_60split",
  "raw_csv_path": "C:/Users/leona/OneDrive/Documents/Projects/Acadêmicos/FG2P/results/exp1_baseline_60split/benchmark_exp1_baseline_60split__20260309_202554_cuda_raw_b4.csv",
  "benchmark_metadata": {
    "benchmark_date": "2026-03-14 21:57:11",
    "devices": [
      "cuda"
    ],
    "test_words": 1000,
    "warmup_runs": 20,
    "benchmark_runs": 50,
    "loop_overhead_us": 0.10000010433941497,
    "force": true,
    "selected_models": 19,
    "cpu_quantize": false,
    "cpu_threads": null,
    "batch_size": 4,
    "sweep_mode": true,
    "sweep_batch_sizes": [
      1,
      4,
      8,
      16,
      32,
      64,
      128,
      256,
      512
    ]
  },
  "result": {
    "model_index": 12,
    "base_name": "exp1_baseline_60split__20260309_202554",
    "experiment": "exp1_baseline_60split",
    "params": 4321963,
    "n": 50000,
    "total_time_s": 441.32240009426914,
    "mean_lat_ms": 8.826448001885383,
    "p50_ms": 8.609975001238581,
    "p95_ms": 11.722424999536543,
    "p99_ms": 14.06104999907484,
    "throughput_wps": 113.29585806050112,
    "throughput_tps": 1097.7235687481952,
    "throughput_cps_in": 1018.982947396147,
    "throughput_cps_out": 1109.0531545542453,
    "tokens_per_word": 9.689,
    "chars_in_per_word": 8.994,
    "chars_out_per_word": 9.789,
    "ci95_lat_low_ms": 8.811471522372614,
    "ci95_lat_high_ms": 8.841424481398153,
    "ci95_wps_low": 113.10394632719448,
    "ci95_wps_high": 113.48842216206083,
    "stable_wps": 109.27611633375939,
    "stable_cv": 0.1652047181588064,
    "stable_window_start": 3976,
    "global_cv": 0.19357652997774266,
    "thermal_ratio": 0.9435817044425552,
    "mean_first_ms": 9.15209870988265,
    "mean_last_ms": 8.63575289989758,
    "loop_overhead_us": 0.10000010433941497,
    "status": "success",
    "device": "cuda",
    "batch_size": 4
  }
}
