{
  "artifact_type": "inference_benchmark",
  "generated_by": "python src/benchmark_inference.py",
  "base_name": "exp1_baseline_60split__20260309_202554",
  "experiment": "exp1_baseline_60split",
  "raw_csv_path": "C:/Users/leona/OneDrive/Documents/Projects/Acadêmicos/FG2P/results/exp1_baseline_60split/benchmark_exp1_baseline_60split__20260309_202554_cuda_raw_b8.csv",
  "benchmark_metadata": {
    "benchmark_date": "2026-03-15 02:00:06",
    "devices": [
      "cuda"
    ],
    "test_words": 1000,
    "warmup_runs": 20,
    "benchmark_runs": 50,
    "loop_overhead_us": 0.10000010433941497,
    "force": true,
    "selected_models": 19,
    "cpu_quantize": false,
    "cpu_threads": null,
    "batch_size": 8,
    "sweep_mode": true,
    "sweep_batch_sizes": [
      1,
      4,
      8,
      16,
      32,
      64,
      128,
      256,
      512
    ]
  },
  "result": {
    "model_index": 12,
    "base_name": "exp1_baseline_60split__20260309_202554",
    "experiment": "exp1_baseline_60split",
    "params": 4321963,
    "n": 50000,
    "total_time_s": 267.02729279454525,
    "mean_lat_ms": 5.3405458558909045,
    "p50_ms": 5.273849998704918,
    "p95_ms": 6.624550000854015,
    "p99_ms": 7.119312501092736,
    "throughput_wps": 187.24677719917844,
    "throughput_tps": 1814.23402428284,
    "throughput_cps_in": 1684.097514129411,
    "throughput_cps_out": 1832.9587020027577,
    "tokens_per_word": 9.689,
    "chars_in_per_word": 8.994,
    "chars_out_per_word": 9.789,
    "ci95_lat_low_ms": 5.334233345000118,
    "ci95_lat_high_ms": 5.346858366781691,
    "ci95_wps_low": 187.02571330721568,
    "ci95_wps_high": 187.46836430343262,
    "stable_wps": 187.52351767984868,
    "stable_cv": 0.12832711733231902,
    "stable_window_start": 20696,
    "global_cv": 0.13484828354543957,
    "thermal_ratio": 1.0007169188493399,
    "mean_first_ms": 5.337996109878532,
    "mean_last_ms": 5.341823019907406,
    "loop_overhead_us": 0.10000010433941497,
    "status": "success",
    "device": "cuda",
    "batch_size": 8
  }
}
