{
  "artifact_type": "inference_benchmark",
  "generated_by": "python src/benchmark_inference.py",
  "base_name": "exp1_baseline_60split__20260309_202554",
  "experiment": "exp1_baseline_60split",
  "raw_csv_path": "C:/Users/leona/OneDrive/Documents/Projects/Acadêmicos/FG2P/results/exp1_baseline_60split/benchmark_exp1_baseline_60split__20260309_202554_cpu_raw_b4.csv",
  "benchmark_metadata": {
    "benchmark_date": "2026-03-15 15:32:05",
    "devices": [
      "cpu"
    ],
    "test_words": 500,
    "warmup_runs": 20,
    "benchmark_runs": 200,
    "adaptive": true,
    "adaptive_min_runs": 10,
    "adaptive_max_runs": 80,
    "adaptive_cv_target": 0.03,
    "loop_overhead_us": 0.100000761449337,
    "force": true,
    "selected_models": 19,
    "cpu_quantize": false,
    "cpu_threads": null,
    "batch_size": 4,
    "sweep_mode": true,
    "sweep_batch_sizes": [
      1,
      4,
      8,
      16,
      32,
      64,
      128
    ]
  },
  "result": {
    "model_index": 12,
    "base_name": "exp1_baseline_60split__20260309_202554",
    "experiment": "exp1_baseline_60split",
    "params": 4321963,
    "n": 4872,
    "total_time_s": 33.44923989662493,
    "mean_lat_ms": 6.865607532147974,
    "p50_ms": 6.807275000028312,
    "p95_ms": 8.736275001865579,
    "p99_ms": 9.213375000399537,
    "throughput_wps": 145.65353398334145,
    "throughput_tps": 1391.4217525970191,
    "throughput_cps_in": 1284.274325298929,
    "throughput_cps_out": 1407.6852013833366,
    "tokens_per_word": 9.55295566502463,
    "chars_in_per_word": 8.817323481116585,
    "chars_out_per_word": 9.664614121510674,
    "ci95_lat_low_ms": 6.836347893349667,
    "ci95_lat_high_ms": 6.894867170946282,
    "ci95_wps_low": 145.03542638411056,
    "ci95_wps_high": 146.27693259624635,
    "stable_wps": 146.3944387568991,
    "stable_cv": 0.14825705791132138,
    "stable_window_start": 498,
    "global_cv": 0.15177056657381208,
    "thermal_ratio": 1.0052177874600272,
    "mean_first_ms": 6.850116888394754,
    "mean_last_ms": 6.885859342394741,
    "loop_overhead_us": 0.100000761449337,
    "status": "success",
    "device": "cpu",
    "batch_size": 4,
    "adaptive": true,
    "runs_executed": 10,
    "max_runs": 80,
    "min_runs": 10,
    "cv_target": 0.03,
    "converged": true,
    "final_run_cv": 0.007132585966677354,
    "n_samples_raw": 5000,
    "n_samples_clean": 4872,
    "n_outliers_removed": 128
  }
}
