{
  "artifact_type": "inference_benchmark",
  "generated_by": "python src/benchmark_inference.py",
  "base_name": "exp1_baseline_60split__20260309_202554",
  "experiment": "exp1_baseline_60split",
  "raw_csv_path": "C:/Users/leona/OneDrive/Documents/Projects/Acadêmicos/FG2P/results/exp1_baseline_60split/benchmark_exp1_baseline_60split__20260309_202554_cuda_raw_b128.csv",
  "benchmark_metadata": {
    "benchmark_date": "2026-03-15 09:12:54",
    "devices": [
      "cuda"
    ],
    "test_words": 1000,
    "warmup_runs": 20,
    "benchmark_runs": 50,
    "loop_overhead_us": 0.10000010433941497,
    "force": true,
    "selected_models": 19,
    "cpu_quantize": false,
    "cpu_threads": null,
    "batch_size": 128,
    "sweep_mode": true,
    "sweep_batch_sizes": [
      1,
      4,
      8,
      16,
      32,
      64,
      128,
      256,
      512
    ]
  },
  "result": {
    "model_index": 12,
    "base_name": "exp1_baseline_60split__20260309_202554",
    "experiment": "exp1_baseline_60split",
    "params": 4321963,
    "n": 50000,
    "total_time_s": 60.49098469473848,
    "mean_lat_ms": 1.2098196938947696,
    "p50_ms": 1.2082903845036808,
    "p95_ms": 1.2942851561524549,
    "p99_ms": 1.483012499850247,
    "throughput_wps": 826.5694508416394,
    "throughput_tps": 8008.631409204644,
    "throughput_cps_in": 7434.165640869705,
    "throughput_cps_out": 8091.2883542888085,
    "tokens_per_word": 9.689,
    "chars_in_per_word": 8.994,
    "chars_out_per_word": 9.789,
    "ci95_lat_low_ms": 1.209118348216291,
    "ci95_lat_high_ms": 1.2105210395732482,
    "ci95_wps_low": 826.0905571311141,
    "ci95_wps_high": 827.0489001140497,
    "stable_wps": 832.5183950222852,
    "stable_cv": 0.04049854842375697,
    "stable_window_start": 23128,
    "global_cv": 0.06613637791958057,
    "thermal_ratio": 1.0012879834051966,
    "mean_first_ms": 1.2101553398978466,
    "mean_last_ms": 1.2117139998933453,
    "loop_overhead_us": 0.10000010433941497,
    "status": "success",
    "device": "cuda",
    "batch_size": 128
  }
}
