{
  "artifact_type": "inference_benchmark",
  "generated_by": "python src/benchmark_inference.py",
  "base_name": "exp1_baseline_60split__20260309_202554",
  "experiment": "exp1_baseline_60split",
  "raw_csv_path": "C:/Users/leona/OneDrive/Documents/Projects/Acadêmicos/FG2P/results/exp1_baseline_60split/benchmark_exp1_baseline_60split__20260309_202554_cuda_raw_b32.csv",
  "benchmark_metadata": {
    "benchmark_date": "2026-03-15 06:34:55",
    "devices": [
      "cuda"
    ],
    "test_words": 1000,
    "warmup_runs": 20,
    "benchmark_runs": 50,
    "loop_overhead_us": 0.10000010433941497,
    "force": true,
    "selected_models": 19,
    "cpu_quantize": false,
    "cpu_threads": null,
    "batch_size": 32,
    "sweep_mode": true,
    "sweep_batch_sizes": [
      1,
      4,
      8,
      16,
      32,
      64,
      128,
      256,
      512
    ]
  },
  "result": {
    "model_index": 12,
    "base_name": "exp1_baseline_60split__20260309_202554",
    "experiment": "exp1_baseline_60split",
    "params": 4321963,
    "n": 50000,
    "total_time_s": 105.61424429483031,
    "mean_lat_ms": 2.1122848858966066,
    "p50_ms": 2.0904718751103246,
    "p95_ms": 2.403631249510454,
    "p99_ms": 2.739096875050109,
    "throughput_wps": 473.42098912738646,
    "throughput_tps": 4586.975963655247,
    "throughput_cps_in": 4257.948376211714,
    "throughput_cps_out": 4634.318062567986,
    "tokens_per_word": 9.689,
    "chars_in_per_word": 8.994,
    "chars_out_per_word": 9.789,
    "ci95_lat_low_ms": 2.1099928257729057,
    "ci95_lat_high_ms": 2.114576946020307,
    "ci95_wps_low": 472.90783240686886,
    "ci95_wps_high": 473.9352607199945,
    "stable_wps": 473.85019104330735,
    "stable_cv": 0.11945218347983605,
    "stable_window_start": 1832,
    "global_cv": 0.12379481205911207,
    "thermal_ratio": 0.997968059329183,
    "mean_first_ms": 2.110356899890121,
    "mean_last_ms": 2.106068779875295,
    "loop_overhead_us": 0.10000010433941497,
    "status": "success",
    "device": "cuda",
    "batch_size": 32
  }
}
