{
  "artifact_type": "inference_benchmark",
  "generated_by": "python src/benchmark_inference.py",
  "base_name": "exp1_baseline_60split__20260309_202554",
  "experiment": "exp1_baseline_60split",
  "raw_csv_path": "C:/Users/leona/OneDrive/Documents/Projects/Acadêmicos/FG2P/results/exp1_baseline_60split/benchmark_exp1_baseline_60split__20260309_202554_cpu_raw_b32.csv",
  "benchmark_metadata": {
    "benchmark_date": "2026-03-15 17:04:56",
    "devices": [
      "cpu"
    ],
    "test_words": 500,
    "warmup_runs": 20,
    "benchmark_runs": 200,
    "adaptive": true,
    "adaptive_min_runs": 10,
    "adaptive_max_runs": 80,
    "adaptive_cv_target": 0.03,
    "loop_overhead_us": 0.100000761449337,
    "force": true,
    "selected_models": 19,
    "cpu_quantize": false,
    "cpu_threads": null,
    "batch_size": 32,
    "sweep_mode": true,
    "sweep_batch_sizes": [
      1,
      4,
      8,
      16,
      32,
      64,
      128
    ]
  },
  "result": {
    "model_index": 12,
    "base_name": "exp1_baseline_60split__20260309_202554",
    "experiment": "exp1_baseline_60split",
    "params": 4321963,
    "n": 5000,
    "total_time_s": 10.195365796316764,
    "mean_lat_ms": 2.039073159263353,
    "p50_ms": 2.0263187493583246,
    "p95_ms": 2.433912499327562,
    "p99_ms": 2.4874249997083098,
    "throughput_wps": 490.41889225851304,
    "throughput_tps": 4717.829743526895,
    "throughput_cps_in": 4354.919763255595,
    "throughput_cps_out": 4776.680010597916,
    "tokens_per_word": 9.62,
    "chars_in_per_word": 8.88,
    "chars_out_per_word": 9.74,
    "ci95_lat_low_ms": 2.0326652432368024,
    "ci95_lat_high_ms": 2.045481075289903,
    "ci95_wps_low": 488.8825480129517,
    "ci95_wps_high": 491.9649230621008,
    "stable_wps": 493.6417951388538,
    "stable_cv": 0.10734635732249088,
    "stable_window_start": 628,
    "global_cv": 0.11337386039636882,
    "thermal_ratio": 0.9944856750235315,
    "mean_first_ms": 2.0418636992835673,
    "mean_last_ms": 2.0306041992880637,
    "loop_overhead_us": 0.100000761449337,
    "status": "success",
    "device": "cpu",
    "batch_size": 32,
    "adaptive": true,
    "runs_executed": 10,
    "max_runs": 80,
    "min_runs": 10,
    "cv_target": 0.03,
    "converged": true,
    "final_run_cv": 0.019300758664080105,
    "n_samples_raw": 5000,
    "n_samples_clean": 5000,
    "n_outliers_removed": 0
  }
}
