{
  "artifact_type": "inference_benchmark",
  "generated_by": "python src/benchmark_inference.py",
  "base_name": "exp1_baseline_60split__20260309_202554",
  "experiment": "exp1_baseline_60split",
  "raw_csv_path": "C:/Users/leona/OneDrive/Documents/Projects/Acadêmicos/FG2P/results/exp1_baseline_60split/benchmark_exp1_baseline_60split__20260309_202554_cpu_raw_b8.csv",
  "benchmark_metadata": {
    "benchmark_date": "2026-03-15 16:15:46",
    "devices": [
      "cpu"
    ],
    "test_words": 500,
    "warmup_runs": 20,
    "benchmark_runs": 200,
    "adaptive": true,
    "adaptive_min_runs": 10,
    "adaptive_max_runs": 80,
    "adaptive_cv_target": 0.03,
    "loop_overhead_us": 0.100000761449337,
    "force": true,
    "selected_models": 19,
    "cpu_quantize": false,
    "cpu_threads": null,
    "batch_size": 8,
    "sweep_mode": true,
    "sweep_batch_sizes": [
      1,
      4,
      8,
      16,
      32,
      64,
      128
    ]
  },
  "result": {
    "model_index": 12,
    "base_name": "exp1_baseline_60split__20260309_202554",
    "experiment": "exp1_baseline_60split",
    "params": 4321963,
    "n": 4856,
    "total_time_s": 21.33425149638788,
    "mean_lat_ms": 4.3933796326993155,
    "p50_ms": 4.317074999562465,
    "p95_ms": 5.392149998442619,
    "p99_ms": 5.85999999930209,
    "throughput_wps": 227.61520369356168,
    "throughput_tps": 2182.8748014845896,
    "throughput_cps_in": 2015.4913804817666,
    "throughput_cps_out": 2209.404909658098,
    "tokens_per_word": 9.590197693574959,
    "chars_in_per_word": 8.854818780889621,
    "chars_out_per_word": 9.70675453047776,
    "ci95_lat_low_ms": 4.377767593391371,
    "ci95_lat_high_ms": 4.408991672007261,
    "ci95_wps_low": 226.8092285927895,
    "ci95_wps_high": 228.42692734753413,
    "stable_wps": 228.67513212799955,
    "stable_cv": 0.1203685907491928,
    "stable_window_start": 512,
    "global_cv": 0.12634095966633857,
    "thermal_ratio": 1.0005672184051368,
    "mean_first_ms": 4.395808083641563,
    "mean_last_ms": 4.398301466892053,
    "loop_overhead_us": 0.100000761449337,
    "status": "success",
    "device": "cpu",
    "batch_size": 8,
    "adaptive": true,
    "runs_executed": 10,
    "max_runs": 80,
    "min_runs": 10,
    "cv_target": 0.03,
    "converged": true,
    "final_run_cv": 0.00977932515800492,
    "n_samples_raw": 5000,
    "n_samples_clean": 4856,
    "n_outliers_removed": 144
  }
}
