{
  "artifact_type": "inference_benchmark",
  "generated_by": "python src/benchmark_inference.py",
  "base_name": "exp1_baseline_60split__20260309_202554",
  "experiment": "exp1_baseline_60split",
  "raw_csv_path": "C:/Users/leona/OneDrive/Documents/Projects/Acadêmicos/FG2P/results/exp1_baseline_60split/benchmark_exp1_baseline_60split__20260309_202554_cpu_raw_b64.csv",
  "benchmark_metadata": {
    "benchmark_date": "2026-03-15 17:19:58",
    "devices": [
      "cpu"
    ],
    "test_words": 500,
    "warmup_runs": 20,
    "benchmark_runs": 200,
    "adaptive": true,
    "adaptive_min_runs": 10,
    "adaptive_max_runs": 80,
    "adaptive_cv_target": 0.03,
    "loop_overhead_us": 0.100000761449337,
    "force": true,
    "selected_models": 19,
    "cpu_quantize": false,
    "cpu_threads": null,
    "batch_size": 64,
    "sweep_mode": true,
    "sweep_batch_sizes": [
      1,
      4,
      8,
      16,
      32,
      64,
      128
    ]
  },
  "result": {
    "model_index": 12,
    "base_name": "exp1_baseline_60split__20260309_202554",
    "experiment": "exp1_baseline_60split",
    "params": 4321963,
    "n": 4360,
    "total_time_s": 7.27968709669949,
    "mean_lat_ms": 1.6696530038301582,
    "p50_ms": 1.6765769222939315,
    "p95_ms": 1.8198124994341924,
    "p99_ms": 1.8438140616581222,
    "throughput_wps": 598.9268415089934,
    "throughput_tps": 5817.557738051805,
    "throughput_cps_in": 5383.473146499416,
    "throughput_cps_out": 5890.363065115972,
    "tokens_per_word": 9.713302752293577,
    "chars_in_per_word": 8.988532110091743,
    "chars_out_per_word": 9.8348623853211,
    "ci95_lat_low_ms": 1.666825141611875,
    "ci95_lat_high_ms": 1.6724808660484418,
    "ci95_wps_low": 597.9141646999482,
    "ci95_wps_high": 599.9429544438999,
    "stable_wps": 595.4780004330971,
    "stable_cv": 0.051093184190727614,
    "stable_window_start": 756,
    "global_cv": 0.057058348293219846,
    "thermal_ratio": 0.9981970115958613,
    "mean_first_ms": 1.664222246966455,
    "mean_last_ms": 1.6612216735532648,
    "loop_overhead_us": 0.100000761449337,
    "status": "success",
    "device": "cpu",
    "batch_size": 64,
    "adaptive": true,
    "runs_executed": 10,
    "max_runs": 80,
    "min_runs": 10,
    "cv_target": 0.03,
    "converged": true,
    "final_run_cv": 0.011703706090799508,
    "n_samples_raw": 5000,
    "n_samples_clean": 4360,
    "n_outliers_removed": 640
  }
}
