{
  "artifact_type": "inference_benchmark",
  "generated_by": "python src/benchmark_inference.py",
  "base_name": "exp1_baseline_60split__20260309_202554",
  "experiment": "exp1_baseline_60split",
  "raw_csv_path": "C:/Users/leona/OneDrive/Documents/Projects/Acadêmicos/FG2P/results/exp1_baseline_60split/benchmark_exp1_baseline_60split__20260309_202554_cuda_raw_b512.csv",
  "benchmark_metadata": {
    "benchmark_date": "2026-03-15 11:19:26",
    "devices": [
      "cuda"
    ],
    "test_words": 1000,
    "warmup_runs": 20,
    "benchmark_runs": 50,
    "loop_overhead_us": 0.10000010433941497,
    "force": true,
    "selected_models": 19,
    "cpu_quantize": false,
    "cpu_threads": null,
    "batch_size": 512,
    "sweep_mode": true,
    "sweep_batch_sizes": [
      1,
      4,
      8,
      16,
      32,
      64,
      128,
      256,
      512
    ]
  },
  "result": {
    "model_index": 12,
    "base_name": "exp1_baseline_60split__20260309_202554",
    "experiment": "exp1_baseline_60split",
    "params": 4321963,
    "n": 50000,
    "total_time_s": 35.69984869481141,
    "mean_lat_ms": 0.7139969738962282,
    "p50_ms": 0.6878162108455399,
    "p95_ms": 0.926364139247131,
    "p99_ms": 0.9668754097290237,
    "throughput_wps": 1400.5661600259657,
    "throughput_tps": 13570.085524491582,
    "throughput_cps_in": 12596.692043273537,
    "throughput_cps_out": 13710.14214049418,
    "tokens_per_word": 9.689,
    "chars_in_per_word": 8.994,
    "chars_out_per_word": 9.789,
    "ci95_lat_low_ms": 0.7131573546814368,
    "ci95_lat_high_ms": 0.7148365931110194,
    "ci95_wps_low": 1398.9211095754474,
    "ci95_wps_high": 1402.215084000212,
    "stable_wps": 1440.94891234118,
    "stable_cv": 0.10214157296244569,
    "stable_window_start": 23000,
    "global_cv": 0.1341574913242614,
    "thermal_ratio": 0.9486672038238232,
    "mean_first_ms": 0.7290364598965424,
    "mean_last_ms": 0.6916129798956717,
    "loop_overhead_us": 0.10000010433941497,
    "status": "success",
    "device": "cuda",
    "batch_size": 512
  }
}
