{
  "artifact_type": "inference_benchmark",
  "generated_by": "python src/benchmark_inference.py",
  "base_name": "exp1_baseline_60split__20260309_202554",
  "experiment": "exp1_baseline_60split",
  "raw_csv_path": "C:/Users/leona/OneDrive/Documents/Projects/Acadêmicos/FG2P/results/exp1_baseline_60split/benchmark_exp1_baseline_60split__20260309_202554_cuda_raw.csv",
  "benchmark_metadata": {
    "benchmark_date": "2026-03-14 11:37:52",
    "devices": [
      "cuda"
    ],
    "test_words": 1000,
    "warmup_runs": 20,
    "benchmark_runs": 50,
    "loop_overhead_us": 0.10000010433941497,
    "force": true,
    "selected_models": 19,
    "cpu_quantize": false,
    "cpu_threads": null,
    "batch_size": 1,
    "sweep_mode": true,
    "sweep_batch_sizes": [
      1,
      4,
      8,
      16,
      32,
      64,
      128,
      256,
      512
    ]
  },
  "result": {
    "model_index": 12,
    "base_name": "exp1_baseline_60split__20260309_202554",
    "experiment": "exp1_baseline_60split",
    "params": 4321963,
    "n": 50000,
    "total_time_s": 1252.4779180953092,
    "mean_lat_ms": 25.049558361906186,
    "p50_ms": 24.278300000080435,
    "p95_ms": 36.71609999648581,
    "p99_ms": 44.504700003674316,
    "throughput_wps": 39.92086349597037,
    "throughput_tps": 386.79324641245694,
    "throughput_cps_in": 359.04824628275753,
    "throughput_cps_out": 390.785332762054,
    "tokens_per_word": 9.689,
    "chars_in_per_word": 8.994,
    "chars_out_per_word": 9.789,
    "ci95_lat_low_ms": 24.991222045267655,
    "ci95_lat_high_ms": 25.107894678544717,
    "ci95_wps_low": 39.82811035345482,
    "ci95_wps_high": 40.01404966066316,
    "stable_wps": 40.16013553662364,
    "stable_cv": 0.24433003262929784,
    "stable_window_start": 4127,
    "global_cv": 0.26568550524007345,
    "thermal_ratio": 0.9829106273338969,
    "mean_first_ms": 25.092187899936924,
    "mean_last_ms": 24.66337814990702,
    "loop_overhead_us": 0.10000010433941497,
    "status": "success",
    "device": "cuda",
    "batch_size": 1
  }
}
