{
  "artifact_type": "inference_benchmark",
  "generated_by": "python src/benchmark_inference.py",
  "base_name": "exp1_baseline_60split__20260309_202554",
  "experiment": "exp1_baseline_60split",
  "raw_csv_path": "C:/Users/leona/OneDrive/Documents/Projects/Acadêmicos/FG2P/results/exp1_baseline_60split/benchmark_exp1_baseline_60split__20260309_202554_cuda_raw_b256.csv",
  "benchmark_metadata": {
    "benchmark_date": "2026-03-15 10:17:42",
    "devices": [
      "cuda"
    ],
    "test_words": 1000,
    "warmup_runs": 20,
    "benchmark_runs": 50,
    "loop_overhead_us": 0.10000010433941497,
    "force": true,
    "selected_models": 19,
    "cpu_quantize": false,
    "cpu_threads": null,
    "batch_size": 256,
    "sweep_mode": true,
    "sweep_batch_sizes": [
      1,
      4,
      8,
      16,
      32,
      64,
      128,
      256,
      512
    ]
  },
  "result": {
    "model_index": 12,
    "base_name": "exp1_baseline_60split__20260309_202554",
    "experiment": "exp1_baseline_60split",
    "params": 4321963,
    "n": 50000,
    "total_time_s": 55.016974194860275,
    "mean_lat_ms": 1.1003394838972056,
    "p50_ms": 1.1016453123920655,
    "p95_ms": 1.142452155048463,
    "p99_ms": 1.277279687403734,
    "throughput_wps": 908.8104304484094,
    "throughput_tps": 8805.464260614639,
    "throughput_cps_in": 8173.841011452994,
    "throughput_cps_out": 8896.34530365948,
    "tokens_per_word": 9.689,
    "chars_in_per_word": 8.994,
    "chars_out_per_word": 9.789,
    "ci95_lat_low_ms": 1.0999857175526073,
    "ci95_lat_high_ms": 1.1006932502418039,
    "ci95_wps_low": 908.5183358581664,
    "ci95_wps_high": 909.1027129197016,
    "stable_wps": 916.0602287809365,
    "stable_cv": 0.022207950530243704,
    "stable_window_start": 8768,
    "global_cv": 0.03667910649995938,
    "thermal_ratio": 1.0004806928531311,
    "mean_first_ms": 1.1043642598925543,
    "mean_last_ms": 1.1048951198995383,
    "loop_overhead_us": 0.10000010433941497,
    "status": "success",
    "device": "cuda",
    "batch_size": 256
  }
}
