{
  "artifact_type": "inference_benchmark",
  "generated_by": "python src/benchmark_inference.py",
  "base_name": "exp1_baseline_60split__20260309_202554",
  "experiment": "exp1_baseline_60split",
  "raw_csv_path": "C:/Users/leona/OneDrive/Documents/Projects/Acadêmicos/FG2P/results/exp1_baseline_60split/benchmark_exp1_baseline_60split__20260309_202554_cpu_raw_b128.csv",
  "benchmark_metadata": {
    "benchmark_date": "2026-03-15 17:32:27",
    "devices": [
      "cpu"
    ],
    "test_words": 500,
    "warmup_runs": 20,
    "benchmark_runs": 200,
    "adaptive": true,
    "adaptive_min_runs": 10,
    "adaptive_max_runs": 80,
    "adaptive_cv_target": 0.03,
    "loop_overhead_us": 0.100000761449337,
    "force": true,
    "selected_models": 19,
    "cpu_quantize": false,
    "cpu_threads": null,
    "batch_size": 128,
    "sweep_mode": true,
    "sweep_batch_sizes": [
      1,
      4,
      8,
      16,
      32,
      64,
      128
    ]
  },
  "result": {
    "model_index": 12,
    "base_name": "exp1_baseline_60split__20260309_202554",
    "experiment": "exp1_baseline_60split",
    "params": 4321963,
    "n": 5000,
    "total_time_s": 7.242839596176054,
    "mean_lat_ms": 1.448567919235211,
    "p50_ms": 1.441137499227807,
    "p95_ms": 1.5757827578485817,
    "p99_ms": 1.6297789054533496,
    "throughput_wps": 690.3369781431873,
    "throughput_tps": 6641.0417297374615,
    "throughput_cps_in": 6130.192365911503,
    "throughput_cps_out": 6723.882167114644,
    "tokens_per_word": 9.62,
    "chars_in_per_word": 8.88,
    "chars_out_per_word": 9.74,
    "ci95_lat_low_ms": 1.4462959343341069,
    "ci95_lat_high_ms": 1.4508399041363151,
    "ci95_wps_low": 689.2559248949663,
    "ci95_wps_high": 691.4214278424372,
    "stable_wps": 690.4975321483944,
    "stable_cv": 0.045575603802545626,
    "stable_window_start": 1884,
    "global_cv": 0.05658424282746941,
    "thermal_ratio": 0.9900887626317743,
    "mean_first_ms": 1.4524018992233323,
    "mean_last_ms": 1.4380067992460681,
    "loop_overhead_us": 0.100000761449337,
    "status": "success",
    "device": "cpu",
    "batch_size": 128,
    "adaptive": true,
    "runs_executed": 10,
    "max_runs": 80,
    "min_runs": 10,
    "cv_target": 0.03,
    "converged": true,
    "final_run_cv": 0.007305518708489803,
    "n_samples_raw": 5000,
    "n_samples_clean": 5000,
    "n_outliers_removed": 0
  }
}
