{
  "artifact_type": "inference_benchmark",
  "generated_by": "python src/benchmark_inference.py",
  "base_name": "exp1_baseline_60split__20260309_202554",
  "experiment": "exp1_baseline_60split",
  "raw_csv_path": "C:/Users/leona/OneDrive/Documents/Projects/Acadêmicos/FG2P/results/exp1_baseline_60split/benchmark_exp1_baseline_60split__20260309_202554_cpu_raw_b16.csv",
  "benchmark_metadata": {
    "benchmark_date": "2026-03-15 16:44:46",
    "devices": [
      "cpu"
    ],
    "test_words": 500,
    "warmup_runs": 20,
    "benchmark_runs": 200,
    "adaptive": true,
    "adaptive_min_runs": 10,
    "adaptive_max_runs": 80,
    "adaptive_cv_target": 0.03,
    "loop_overhead_us": 0.100000761449337,
    "force": true,
    "selected_models": 19,
    "cpu_quantize": false,
    "cpu_threads": null,
    "batch_size": 16,
    "sweep_mode": true,
    "sweep_batch_sizes": [
      1,
      4,
      8,
      16,
      32,
      64,
      128
    ]
  },
  "result": {
    "model_index": 12,
    "base_name": "exp1_baseline_60split__20260309_202554",
    "experiment": "exp1_baseline_60split",
    "params": 4321963,
    "n": 4944,
    "total_time_s": 14.384080896139494,
    "mean_lat_ms": 2.90940147575637,
    "p50_ms": 2.891112499128212,
    "p95_ms": 3.555699999196804,
    "p99_ms": 3.7086062493472127,
    "throughput_wps": 343.7133060984736,
    "throughput_tps": 3305.807325705606,
    "throughput_cps_in": 3051.220325921502,
    "throughput_cps_out": 3346.6858499745995,
    "tokens_per_word": 9.61792071197411,
    "chars_in_per_word": 8.877224919093852,
    "chars_out_per_word": 9.736852750809062,
    "ci95_lat_low_ms": 2.899821750269439,
    "ci95_lat_high_ms": 2.9189812012433016,
    "ci95_wps_low": 342.58528269180465,
    "ci95_wps_high": 344.8487824836421,
    "stable_wps": 345.9648891100056,
    "stable_cv": 0.11349911036045356,
    "stable_window_start": 2196,
    "global_cv": 0.11812248345416562,
    "thermal_ratio": 0.9956974059605731,
    "mean_first_ms": 2.9194973423197554,
    "mean_last_ms": 2.906935930456568,
    "loop_overhead_us": 0.100000761449337,
    "status": "success",
    "device": "cpu",
    "batch_size": 16,
    "adaptive": true,
    "runs_executed": 10,
    "max_runs": 80,
    "min_runs": 10,
    "cv_target": 0.03,
    "converged": true,
    "final_run_cv": 0.0074862166188197675,
    "n_samples_raw": 5000,
    "n_samples_clean": 4944,
    "n_outliers_removed": 56
  }
}
