{
  "artifact_type": "inference_benchmark",
  "generated_by": "python src/benchmark_inference.py",
  "base_name": "exp1_baseline_60split__20260309_202554",
  "experiment": "exp1_baseline_60split",
  "raw_csv_path": "C:/Users/leona/OneDrive/Documents/Projects/Acadêmicos/FG2P/results/exp1_baseline_60split/benchmark_exp1_baseline_60split__20260309_202554_cpu_raw.csv",
  "benchmark_metadata": {
    "benchmark_date": "2026-03-15 13:37:48",
    "devices": [
      "cpu"
    ],
    "test_words": 500,
    "warmup_runs": 20,
    "benchmark_runs": 200,
    "adaptive": true,
    "adaptive_min_runs": 10,
    "adaptive_max_runs": 80,
    "adaptive_cv_target": 0.03,
    "loop_overhead_us": 0.100000761449337,
    "force": true,
    "selected_models": 19,
    "cpu_quantize": false,
    "cpu_threads": null,
    "batch_size": 1,
    "sweep_mode": true,
    "sweep_batch_sizes": [
      1,
      4,
      8,
      16,
      32,
      64,
      128
    ]
  },
  "result": {
    "model_index": 12,
    "base_name": "exp1_baseline_60split__20260309_202554",
    "experiment": "exp1_baseline_60split",
    "params": 4321963,
    "n": 4923,
    "total_time_s": 92.03136589717178,
    "mean_lat_ms": 18.69416329416449,
    "p50_ms": 18.50029999332037,
    "p95_ms": 25.881800000206567,
    "p99_ms": 28.931999986525625,
    "throughput_wps": 53.49263212610092,
    "throughput_tps": 508.14197468557984,
    "throughput_cps_in": 468.68803455763504,
    "throughput_cps_out": 514.6397593720329,
    "tokens_per_word": 9.499289051391427,
    "chars_in_per_word": 8.761730652041438,
    "chars_out_per_word": 9.620759699370304,
    "ci95_lat_low_ms": 18.574140645099344,
    "ci95_lat_high_ms": 18.81418594322964,
    "ci95_wps_low": 53.15138284576454,
    "ci95_wps_high": 53.83829158544909,
    "stable_wps": 53.471860813289005,
    "stable_cv": 0.2271765207732168,
    "stable_window_start": 2643,
    "global_cv": 0.22983492457159413,
    "thermal_ratio": 1.0100372405961193,
    "mean_first_ms": 18.642454470916082,
    "mean_last_ms": 18.82957327174287,
    "loop_overhead_us": 0.100000761449337,
    "status": "success",
    "device": "cpu",
    "batch_size": 1,
    "adaptive": true,
    "runs_executed": 10,
    "max_runs": 80,
    "min_runs": 10,
    "cv_target": 0.03,
    "converged": true,
    "final_run_cv": 0.004191609678310016,
    "n_samples_raw": 5000,
    "n_samples_clean": 4923,
    "n_outliers_removed": 77
  }
}
