{
  "artifact_type": "inference_benchmark",
  "generated_by": "python src/benchmark_inference.py",
  "base_name": "exp1_baseline_60split__20260309_202554",
  "experiment": "exp1_baseline_60split",
  "raw_csv_path": "C:/Users/leona/OneDrive/Documents/Projects/Acadêmicos/FG2P/results/exp1_baseline_60split/benchmark_exp1_baseline_60split__20260309_202554_cuda_raw_b64.csv",
  "benchmark_metadata": {
    "benchmark_date": "2026-03-15 08:01:10",
    "devices": [
      "cuda"
    ],
    "test_words": 1000,
    "warmup_runs": 20,
    "benchmark_runs": 50,
    "loop_overhead_us": 0.10000010433941497,
    "force": true,
    "selected_models": 19,
    "cpu_quantize": false,
    "cpu_threads": null,
    "batch_size": 64,
    "sweep_mode": true,
    "sweep_batch_sizes": [
      1,
      4,
      8,
      16,
      32,
      64,
      128,
      256,
      512
    ]
  },
  "result": {
    "model_index": 12,
    "base_name": "exp1_baseline_60split__20260309_202554",
    "experiment": "exp1_baseline_60split",
    "params": 4321963,
    "n": 50000,
    "total_time_s": 73.12593279492012,
    "mean_lat_ms": 1.4625186558984022,
    "p50_ms": 1.4429546874657717,
    "p95_ms": 1.8122324999444575,
    "p99_ms": 1.9089024997106208,
    "throughput_wps": 683.7519617045265,
    "throughput_tps": 6624.8727569551575,
    "throughput_cps_in": 6149.665143570512,
    "throughput_cps_out": 6693.24795312561,
    "tokens_per_word": 9.689,
    "chars_in_per_word": 8.994,
    "chars_out_per_word": 9.789,
    "ci95_lat_low_ms": 1.4613243596242902,
    "ci95_lat_high_ms": 1.4637129521725145,
    "ci95_wps_low": 683.1940637785236,
    "ci95_wps_high": 684.3107715367876,
    "stable_wps": 684.2769631742141,
    "stable_cv": 0.08721369838516199,
    "stable_window_start": 10448,
    "global_cv": 0.09316216950705855,
    "thermal_ratio": 1.0020656045111689,
    "mean_first_ms": 1.4575442599053532,
    "mean_last_ms": 1.4605549699038418,
    "loop_overhead_us": 0.10000010433941497,
    "status": "success",
    "device": "cuda",
    "batch_size": 64
  }
}
