{
  "artifact_type": "inference_benchmark",
  "generated_by": "python src/benchmark_inference.py",
  "base_name": "exp1_baseline_60split__20260309_202554",
  "experiment": "exp1_baseline_60split",
  "raw_csv_path": "C:/Users/leona/OneDrive/Documents/Projects/Acadêmicos/FG2P/results/exp1_baseline_60split/benchmark_exp1_baseline_60split__20260309_202554_cuda_raw_b16.csv",
  "benchmark_metadata": {
    "benchmark_date": "2026-03-15 04:42:32",
    "devices": [
      "cuda"
    ],
    "test_words": 1000,
    "warmup_runs": 20,
    "benchmark_runs": 50,
    "loop_overhead_us": 0.10000010433941497,
    "force": true,
    "selected_models": 19,
    "cpu_quantize": false,
    "cpu_threads": null,
    "batch_size": 16,
    "sweep_mode": true,
    "sweep_batch_sizes": [
      1,
      4,
      8,
      16,
      32,
      64,
      128,
      256,
      512
    ]
  },
  "result": {
    "model_index": 12,
    "base_name": "exp1_baseline_60split__20260309_202554",
    "experiment": "exp1_baseline_60split",
    "params": 4321963,
    "n": 50000,
    "total_time_s": 158.28230819443434,
    "mean_lat_ms": 3.165646163888687,
    "p50_ms": 3.130349999739792,
    "p95_ms": 3.772875000070144,
    "p99_ms": 4.170737499155166,
    "throughput_wps": 315.891274080865,
    "throughput_tps": 3060.670554569501,
    "throughput_cps_in": 2841.1261190832997,
    "throughput_cps_out": 3092.259681977587,
    "tokens_per_word": 9.689,
    "chars_in_per_word": 8.994,
    "chars_out_per_word": 9.789,
    "ci95_lat_low_ms": 3.162638876464496,
    "ci95_lat_high_ms": 3.1686534513128777,
    "ci95_wps_low": 315.59146980420564,
    "ci95_wps_high": 316.1916485128068,
    "stable_wps": 315.97014708872916,
    "stable_cv": 0.10448480569810617,
    "stable_window_start": 3064,
    "global_cv": 0.10837809137239829,
    "thermal_ratio": 1.0017702088139213,
    "mean_first_ms": 3.1698859198871103,
    "mean_last_ms": 3.1754972798816197,
    "loop_overhead_us": 0.10000010433941497,
    "status": "success",
    "device": "cuda",
    "batch_size": 16
  }
}
