{
  "experiment": "exp1_baseline_60split__20260309_202554",
  "timestamp": "2026-03-10T01:06:46.110393",
  "training": {
    "num_epochs": 90,
    "throughput": {
      "avg_samples_per_sec": 435.37326074889404,
      "min_samples_per_sec": 435.37326074889404,
      "max_samples_per_sec": 435.37326074889404
    },
    "best_epoch": 74,
    "best_val_loss": 0.017082,
    "best_train_loss": 0.021949,
    "initial_train_loss": 0.652802,
    "initial_val_loss": 0.19809,
    "final_train_loss": 0.018205,
    "final_val_loss": 0.018404,
    "convergence_epoch_95percent": 11,
    "gap_at_best": -0.004867,
    "gap_at_final": 0.00019900000000000126,
    "overfitting": "[OK] Nenhum",
    "last5_std": 0.0005184999999999999
  },
  "test_metrics": {}
}