{
  "artifact_type": "inference_benchmark",
  "generated_by": "python src/benchmark_inference.py",
  "base_name": "exp105_reduced_data_50split__20260225_232552",
  "experiment": "exp105_reduced_data_50split",
  "raw_csv_path": "C:/Users/leona/OneDrive/Documents/Projects/Acadêmicos/FG2P/results/exp105_reduced_data_50split/benchmark_exp105_reduced_data_50split__20260225_232552_cuda_raw_b256.csv",
  "benchmark_metadata": {
    "benchmark_date": "2026-03-15 10:17:42",
    "devices": [
      "cuda"
    ],
    "test_words": 1000,
    "warmup_runs": 20,
    "benchmark_runs": 50,
    "loop_overhead_us": 0.10000010433941497,
    "force": true,
    "selected_models": 19,
    "cpu_quantize": false,
    "cpu_threads": null,
    "batch_size": 256,
    "sweep_mode": true,
    "sweep_batch_sizes": [
      1,
      4,
      8,
      16,
      32,
      64,
      128,
      256,
      512
    ]
  },
  "result": {
    "model_index": 9,
    "base_name": "exp105_reduced_data_50split__20260225_232552",
    "experiment": "exp105_reduced_data_50split",
    "params": 9679340,
    "n": 50000,
    "total_time_s": 56.281929194706215,
    "mean_lat_ms": 1.1256385838941243,
    "p50_ms": 1.0972452584971883,
    "p95_ms": 1.2476773436310395,
    "p99_ms": 1.2699691405123303,
    "throughput_wps": 888.3846150160559,
    "throughput_tps": 10886.26507240675,
    "throughput_cps_in": 7738.718381404863,
    "throughput_cps_out": 10965.331303143179,
    "tokens_per_word": 12.254,
    "chars_in_per_word": 8.711,
    "chars_out_per_word": 12.343,
    "ci95_lat_low_ms": 1.1250692937391809,
    "ci95_lat_high_ms": 1.1262078740490677,
    "ci95_wps_low": 887.9355428449359,
    "ci95_wps_high": 888.8341416522785,
    "stable_wps": 889.9271531361602,
    "stable_cv": 0.05440427147025581,
    "stable_window_start": 39512,
    "global_cv": 0.057698381783745575,
    "thermal_ratio": 0.9951294875360751,
    "mean_first_ms": 1.128856569891741,
    "mean_last_ms": 1.1233584598980997,
    "loop_overhead_us": 0.10000010433941497,
    "status": "success",
    "device": "cuda",
    "batch_size": 256
  }
}
