{
  "artifact_type": "inference_benchmark",
  "generated_by": "python src/benchmark_inference.py",
  "base_name": "exp105_reduced_data_50split__20260225_232552",
  "experiment": "exp105_reduced_data_50split",
  "raw_csv_path": "C:/Users/leona/OneDrive/Documents/Projects/Acadêmicos/FG2P/results/exp105_reduced_data_50split/benchmark_exp105_reduced_data_50split__20260225_232552_cuda_raw_b64.csv",
  "benchmark_metadata": {
    "benchmark_date": "2026-03-15 08:01:10",
    "devices": [
      "cuda"
    ],
    "test_words": 1000,
    "warmup_runs": 20,
    "benchmark_runs": 50,
    "loop_overhead_us": 0.10000010433941497,
    "force": true,
    "selected_models": 19,
    "cpu_quantize": false,
    "cpu_threads": null,
    "batch_size": 64,
    "sweep_mode": true,
    "sweep_batch_sizes": [
      1,
      4,
      8,
      16,
      32,
      64,
      128,
      256,
      512
    ]
  },
  "result": {
    "model_index": 9,
    "base_name": "exp105_reduced_data_50split__20260225_232552",
    "experiment": "exp105_reduced_data_50split",
    "params": 9679340,
    "n": 50000,
    "total_time_s": 81.52399569524005,
    "mean_lat_ms": 1.630479913904801,
    "p50_ms": 1.5860640623691324,
    "p95_ms": 1.9701109374386758,
    "p99_ms": 2.3512949999008015,
    "throughput_wps": 613.3163564125864,
    "throughput_tps": 7515.578631479833,
    "throughput_cps_in": 5342.59878071004,
    "throughput_cps_out": 7570.163787200553,
    "tokens_per_word": 12.254,
    "chars_in_per_word": 8.711,
    "chars_out_per_word": 12.343,
    "ci95_lat_low_ms": 1.628736120435148,
    "ci95_lat_high_ms": 1.632223707374454,
    "ci95_wps_low": 612.6611171507673,
    "ci95_wps_high": 613.9729987278915,
    "stable_wps": 615.8756217820317,
    "stable_cv": 0.11197149349379157,
    "stable_window_start": 16896,
    "global_cv": 0.1220136796688349,
    "thermal_ratio": 1.007419426455146,
    "mean_first_ms": 1.627884589901896,
    "mean_last_ms": 1.6399625598941385,
    "loop_overhead_us": 0.10000010433941497,
    "status": "success",
    "device": "cuda",
    "batch_size": 64
  }
}
