{
  "artifact_type": "inference_benchmark",
  "generated_by": "python src/benchmark_inference.py",
  "base_name": "exp105_reduced_data_50split__20260225_232552",
  "experiment": "exp105_reduced_data_50split",
  "raw_csv_path": "C:/Users/leona/OneDrive/Documents/Projects/Acadêmicos/FG2P/results/exp105_reduced_data_50split/benchmark_exp105_reduced_data_50split__20260225_232552_cuda_raw_b4.csv",
  "benchmark_metadata": {
    "benchmark_date": "2026-03-14 21:57:11",
    "devices": [
      "cuda"
    ],
    "test_words": 1000,
    "warmup_runs": 20,
    "benchmark_runs": 50,
    "loop_overhead_us": 0.10000010433941497,
    "force": true,
    "selected_models": 19,
    "cpu_quantize": false,
    "cpu_threads": null,
    "batch_size": 4,
    "sweep_mode": true,
    "sweep_batch_sizes": [
      1,
      4,
      8,
      16,
      32,
      64,
      128,
      256,
      512
    ]
  },
  "result": {
    "model_index": 9,
    "base_name": "exp105_reduced_data_50split__20260225_232552",
    "experiment": "exp105_reduced_data_50split",
    "params": 9679340,
    "n": 50000,
    "total_time_s": 501.6127655941209,
    "mean_lat_ms": 10.032255311882418,
    "p50_ms": 9.729449998051223,
    "p95_ms": 13.537125000514152,
    "p99_ms": 17.875800000840627,
    "throughput_wps": 99.67848394125083,
    "throughput_tps": 1221.4601422160877,
    "throughput_cps_in": 868.299273612236,
    "throughput_cps_out": 1230.331527286859,
    "tokens_per_word": 12.254,
    "chars_in_per_word": 8.711,
    "chars_out_per_word": 12.343,
    "ci95_lat_low_ms": 10.014273233661939,
    "ci95_lat_high_ms": 10.050237390102897,
    "ci95_wps_low": 99.5001372788232,
    "ci95_wps_high": 99.85747109821249,
    "stable_wps": 100.94737883596042,
    "stable_cv": 0.1742681938123875,
    "stable_window_start": 10236,
    "global_cv": 0.20448913472293576,
    "thermal_ratio": 0.9898064796742007,
    "mean_first_ms": 10.27634581990651,
    "mean_last_ms": 10.17159367991635,
    "loop_overhead_us": 0.10000010433941497,
    "status": "success",
    "device": "cuda",
    "batch_size": 4
  }
}
