{
  "artifact_type": "inference_benchmark",
  "generated_by": "python src/benchmark_inference.py",
  "base_name": "exp105_reduced_data_50split__20260225_232552",
  "experiment": "exp105_reduced_data_50split",
  "raw_csv_path": "C:/Users/leona/OneDrive/Documents/Projects/Acadêmicos/FG2P/results/exp105_reduced_data_50split/benchmark_exp105_reduced_data_50split__20260225_232552_cuda_raw.csv",
  "benchmark_metadata": {
    "benchmark_date": "2026-03-14 11:37:52",
    "devices": [
      "cuda"
    ],
    "test_words": 1000,
    "warmup_runs": 20,
    "benchmark_runs": 50,
    "loop_overhead_us": 0.10000010433941497,
    "force": true,
    "selected_models": 19,
    "cpu_quantize": false,
    "cpu_threads": null,
    "batch_size": 1,
    "sweep_mode": true,
    "sweep_batch_sizes": [
      1,
      4,
      8,
      16,
      32,
      64,
      128,
      256,
      512
    ]
  },
  "result": {
    "model_index": 9,
    "base_name": "exp105_reduced_data_50split__20260225_232552",
    "experiment": "exp105_reduced_data_50split",
    "params": 9679340,
    "n": 50000,
    "total_time_s": 1498.6001027951615,
    "mean_lat_ms": 29.972002055903232,
    "p50_ms": 29.38910000441183,
    "p95_ms": 44.49259999885044,
    "p99_ms": 54.00190000429802,
    "throughput_wps": 33.36447122000119,
    "throughput_tps": 408.84823032989465,
    "throughput_cps_in": 290.6379087974304,
    "throughput_cps_out": 411.81766826847473,
    "tokens_per_word": 12.254,
    "chars_in_per_word": 8.711,
    "chars_out_per_word": 12.343,
    "ci95_lat_low_ms": 29.898202601093256,
    "ci95_lat_high_ms": 30.045801510713204,
    "ci95_wps_low": 33.28252034293169,
    "ci95_wps_high": 33.44682666520676,
    "stable_wps": 33.591550349353454,
    "stable_cv": 0.271140609853258,
    "stable_window_start": 17007,
    "global_cv": 0.28090943781897865,
    "thermal_ratio": 0.9995985523473704,
    "mean_first_ms": 29.781566499883137,
    "mean_last_ms": 29.769610759920127,
    "loop_overhead_us": 0.10000010433941497,
    "status": "success",
    "device": "cuda",
    "batch_size": 1
  }
}
