{
  "artifact_type": "inference_benchmark",
  "generated_by": "python src/benchmark_inference.py",
  "base_name": "exp105_reduced_data_50split__20260225_232552",
  "experiment": "exp105_reduced_data_50split",
  "raw_csv_path": "C:/Users/leona/OneDrive/Documents/Projects/Acadêmicos/FG2P/results/exp105_reduced_data_50split/benchmark_exp105_reduced_data_50split__20260225_232552_cpu_raw.csv",
  "benchmark_metadata": {
    "benchmark_date": "2026-03-15 13:37:48",
    "devices": [
      "cpu"
    ],
    "test_words": 500,
    "warmup_runs": 20,
    "benchmark_runs": 200,
    "adaptive": true,
    "adaptive_min_runs": 10,
    "adaptive_max_runs": 80,
    "adaptive_cv_target": 0.03,
    "loop_overhead_us": 0.100000761449337,
    "force": true,
    "selected_models": 19,
    "cpu_quantize": false,
    "cpu_threads": null,
    "batch_size": 1,
    "sweep_mode": true,
    "sweep_batch_sizes": [
      1,
      4,
      8,
      16,
      32,
      64,
      128
    ]
  },
  "result": {
    "model_index": 9,
    "base_name": "exp105_reduced_data_50split__20260225_232552",
    "experiment": "exp105_reduced_data_50split",
    "params": 9679340,
    "n": 4942,
    "total_time_s": 145.09106509649428,
    "mean_lat_ms": 29.358774807060758,
    "p50_ms": 29.241899988846853,
    "p95_ms": 41.87800000363495,
    "p99_ms": 46.94200000085402,
    "throughput_wps": 34.061366885088844,
    "throughput_tps": 423.5408979810764,
    "throughput_cps_in": 301.8586979899304,
    "throughput_cps_out": 426.57347617400217,
    "tokens_per_word": 12.434641845406718,
    "chars_in_per_word": 8.862201537838931,
    "chars_out_per_word": 12.523674625657629,
    "ci95_lat_low_ms": 29.153631617649317,
    "ci95_lat_high_ms": 29.563917996472203,
    "ci95_wps_low": 33.8250160252551,
    "ci95_wps_high": 34.301043969925516,
    "stable_wps": 33.95528906456086,
    "stable_cv": 0.2490212218497015,
    "stable_window_start": 489,
    "global_cv": 0.25061927813250173,
    "thermal_ratio": 0.9944794916885442,
    "mean_first_ms": 29.43320172004164,
    "mean_last_ms": 29.270715485313396,
    "loop_overhead_us": 0.100000761449337,
    "status": "success",
    "device": "cpu",
    "batch_size": 1,
    "adaptive": true,
    "runs_executed": 10,
    "max_runs": 80,
    "min_runs": 10,
    "cv_target": 0.03,
    "converged": true,
    "final_run_cv": 0.0034779737321603377,
    "n_samples_raw": 5000,
    "n_samples_clean": 4942,
    "n_outliers_removed": 58
  }
}
