{
  "artifact_type": "inference_benchmark",
  "generated_by": "python src/benchmark_inference.py",
  "base_name": "exp105_reduced_data_50split__20260225_232552",
  "experiment": "exp105_reduced_data_50split",
  "raw_csv_path": "C:/Users/leona/OneDrive/Documents/Projects/Acadêmicos/FG2P/results/exp105_reduced_data_50split/benchmark_exp105_reduced_data_50split__20260225_232552_cuda_raw_b16.csv",
  "benchmark_metadata": {
    "benchmark_date": "2026-03-15 04:42:32",
    "devices": [
      "cuda"
    ],
    "test_words": 1000,
    "warmup_runs": 20,
    "benchmark_runs": 50,
    "loop_overhead_us": 0.10000010433941497,
    "force": true,
    "selected_models": 19,
    "cpu_quantize": false,
    "cpu_threads": null,
    "batch_size": 16,
    "sweep_mode": true,
    "sweep_batch_sizes": [
      1,
      4,
      8,
      16,
      32,
      64,
      128,
      256,
      512
    ]
  },
  "result": {
    "model_index": 9,
    "base_name": "exp105_reduced_data_50split__20260225_232552",
    "experiment": "exp105_reduced_data_50split",
    "params": 9679340,
    "n": 50000,
    "total_time_s": 179.7553879950401,
    "mean_lat_ms": 3.5951077599008023,
    "p50_ms": 3.4918250000578155,
    "p95_ms": 4.605437499524214,
    "p99_ms": 5.524162500225884,
    "throughput_wps": 278.1557791267966,
    "throughput_tps": 3408.5209174197653,
    "throughput_cps_in": 2423.014991973525,
    "throughput_cps_out": 3433.27678176205,
    "tokens_per_word": 12.254,
    "chars_in_per_word": 8.711,
    "chars_out_per_word": 12.343,
    "ci95_lat_low_ms": 3.590438966273302,
    "ci95_lat_high_ms": 3.5997765535283026,
    "ci95_wps_low": 277.7950200880816,
    "ci95_wps_high": 278.5174763847749,
    "stable_wps": 277.3116231090994,
    "stable_cv": 0.1309932306395877,
    "stable_window_start": 8064,
    "global_cv": 0.14815683634917345,
    "thermal_ratio": 0.9916029730639048,
    "mean_first_ms": 3.611486569910721,
    "mean_last_ms": 3.5811608199038347,
    "loop_overhead_us": 0.10000010433941497,
    "status": "success",
    "device": "cuda",
    "batch_size": 16
  }
}
