{
  "artifact_type": "inference_benchmark",
  "generated_by": "python src/benchmark_inference.py",
  "base_name": "exp105_reduced_data_50split__20260225_232552",
  "experiment": "exp105_reduced_data_50split",
  "raw_csv_path": "C:/Users/leona/OneDrive/Documents/Projects/Acadêmicos/FG2P/results/exp105_reduced_data_50split/benchmark_exp105_reduced_data_50split__20260225_232552_cpu_raw_b4.csv",
  "benchmark_metadata": {
    "benchmark_date": "2026-03-15 15:32:05",
    "devices": [
      "cpu"
    ],
    "test_words": 500,
    "warmup_runs": 20,
    "benchmark_runs": 200,
    "adaptive": true,
    "adaptive_min_runs": 10,
    "adaptive_max_runs": 80,
    "adaptive_cv_target": 0.03,
    "loop_overhead_us": 0.100000761449337,
    "force": true,
    "selected_models": 19,
    "cpu_quantize": false,
    "cpu_threads": null,
    "batch_size": 4,
    "sweep_mode": true,
    "sweep_batch_sizes": [
      1,
      4,
      8,
      16,
      32,
      64,
      128
    ]
  },
  "result": {
    "model_index": 9,
    "base_name": "exp105_reduced_data_50split__20260225_232552",
    "experiment": "exp105_reduced_data_50split",
    "params": 9679340,
    "n": 4868,
    "total_time_s": 54.633744196398766,
    "mean_lat_ms": 11.22303701651577,
    "p50_ms": 11.019274999853224,
    "p95_ms": 14.052025002456503,
    "p99_ms": 15.431449999596225,
    "throughput_wps": 89.10244156981793,
    "throughput_tps": 1108.1978892449931,
    "throughput_cps_in": 789.5303650604142,
    "throughput_cps_out": 1116.0501791861293,
    "tokens_per_word": 12.4373459326212,
    "chars_in_per_word": 8.860928512736237,
    "chars_out_per_word": 12.525472473294988,
    "ci95_lat_low_ms": 11.176907854543497,
    "ci95_lat_high_ms": 11.269166178488042,
    "ci95_wps_low": 88.73770997440093,
    "ci95_wps_high": 89.47018379448235,
    "stable_wps": 89.20392043049593,
    "stable_cv": 0.14303693157911768,
    "stable_window_start": 2948,
    "global_cv": 0.1463134944908863,
    "thermal_ratio": 1.007586575384786,
    "mean_first_ms": 11.17380850392923,
    "mean_last_ms": 11.258579444479452,
    "loop_overhead_us": 0.100000761449337,
    "status": "success",
    "device": "cpu",
    "batch_size": 4,
    "adaptive": true,
    "runs_executed": 10,
    "max_runs": 80,
    "min_runs": 10,
    "cv_target": 0.03,
    "converged": true,
    "final_run_cv": 0.0067523878922765256,
    "n_samples_raw": 5000,
    "n_samples_clean": 4868,
    "n_outliers_removed": 132
  }
}
