{
  "artifact_type": "inference_benchmark",
  "generated_by": "python src/benchmark_inference.py",
  "base_name": "exp105_reduced_data_50split__20260225_232552",
  "experiment": "exp105_reduced_data_50split",
  "raw_csv_path": "C:/Users/leona/OneDrive/Documents/Projects/Acadêmicos/FG2P/results/exp105_reduced_data_50split/benchmark_exp105_reduced_data_50split__20260225_232552_cuda_raw_b128.csv",
  "benchmark_metadata": {
    "benchmark_date": "2026-03-15 09:12:54",
    "devices": [
      "cuda"
    ],
    "test_words": 1000,
    "warmup_runs": 20,
    "benchmark_runs": 50,
    "loop_overhead_us": 0.10000010433941497,
    "force": true,
    "selected_models": 19,
    "cpu_quantize": false,
    "cpu_threads": null,
    "batch_size": 128,
    "sweep_mode": true,
    "sweep_batch_sizes": [
      1,
      4,
      8,
      16,
      32,
      64,
      128,
      256,
      512
    ]
  },
  "result": {
    "model_index": 9,
    "base_name": "exp105_reduced_data_50split__20260225_232552",
    "experiment": "exp105_reduced_data_50split",
    "params": 9679340,
    "n": 50000,
    "total_time_s": 64.15473639474385,
    "mean_lat_ms": 1.283094727894877,
    "p50_ms": 1.2726451922174842,
    "p95_ms": 1.4899343748061256,
    "p99_ms": 1.6493039061947457,
    "throughput_wps": 779.3656838109379,
    "throughput_tps": 9550.347089419232,
    "throughput_cps_in": 6789.054471677079,
    "throughput_cps_out": 9619.710635278405,
    "tokens_per_word": 12.254,
    "chars_in_per_word": 8.711,
    "chars_out_per_word": 12.343,
    "ci95_lat_low_ms": 1.2821678712637967,
    "ci95_lat_high_ms": 1.2840215845259573,
    "ci95_wps_low": 778.8031074019568,
    "ci95_wps_high": 779.929073573126,
    "stable_wps": 778.0723767922648,
    "stable_cv": 0.06701944580061513,
    "stable_window_start": 256,
    "global_cv": 0.08241054223915073,
    "thermal_ratio": 0.9993176200914201,
    "mean_first_ms": 1.2836104798953782,
    "mean_last_ms": 1.2827345698934551,
    "loop_overhead_us": 0.10000010433941497,
    "status": "success",
    "device": "cuda",
    "batch_size": 128
  }
}
