{
  "artifact_type": "inference_benchmark",
  "generated_by": "python src/benchmark_inference.py",
  "base_name": "exp105_reduced_data_50split__20260225_232552",
  "experiment": "exp105_reduced_data_50split",
  "raw_csv_path": "C:/Users/leona/OneDrive/Documents/Projects/Acadêmicos/FG2P/results/exp105_reduced_data_50split/benchmark_exp105_reduced_data_50split__20260225_232552_cuda_raw_b8.csv",
  "benchmark_metadata": {
    "benchmark_date": "2026-03-15 02:00:06",
    "devices": [
      "cuda"
    ],
    "test_words": 1000,
    "warmup_runs": 20,
    "benchmark_runs": 50,
    "loop_overhead_us": 0.10000010433941497,
    "force": true,
    "selected_models": 19,
    "cpu_quantize": false,
    "cpu_threads": null,
    "batch_size": 8,
    "sweep_mode": true,
    "sweep_batch_sizes": [
      1,
      4,
      8,
      16,
      32,
      64,
      128,
      256,
      512
    ]
  },
  "result": {
    "model_index": 9,
    "base_name": "exp105_reduced_data_50split__20260225_232552",
    "experiment": "exp105_reduced_data_50split",
    "params": 9679340,
    "n": 50000,
    "total_time_s": 318.7597424940441,
    "mean_lat_ms": 6.375194849880882,
    "p50_ms": 6.330487500893014,
    "p95_ms": 7.912849998976981,
    "p99_ms": 9.196337500472964,
    "throughput_wps": 156.85795078383913,
    "throughput_tps": 1922.1373289051646,
    "throughput_cps_in": 1366.3896092780226,
    "throughput_cps_out": 1936.0976865249263,
    "tokens_per_word": 12.254,
    "chars_in_per_word": 8.711,
    "chars_out_per_word": 12.343,
    "ci95_lat_low_ms": 6.367251490079882,
    "ci95_lat_high_ms": 6.383138209681881,
    "ci95_wps_low": 156.66275226239185,
    "ci95_wps_high": 157.05363633869192,
    "stable_wps": 156.67197761433778,
    "stable_cv": 0.14083557474691855,
    "stable_window_start": 6400,
    "global_cv": 0.14214765597982648,
    "thermal_ratio": 0.9945517682812934,
    "mean_first_ms": 6.405685689832262,
    "mean_last_ms": 6.370786029876854,
    "loop_overhead_us": 0.10000010433941497,
    "status": "success",
    "device": "cuda",
    "batch_size": 8
  }
}
