{
  "artifact_type": "inference_benchmark",
  "generated_by": "python src/benchmark_inference.py",
  "base_name": "exp105_reduced_data_50split__20260225_232552",
  "experiment": "exp105_reduced_data_50split",
  "raw_csv_path": "C:/Users/leona/OneDrive/Documents/Projects/Acadêmicos/FG2P/results/exp105_reduced_data_50split/benchmark_exp105_reduced_data_50split__20260225_232552_cpu_raw_b32.csv",
  "benchmark_metadata": {
    "benchmark_date": "2026-03-15 17:04:56",
    "devices": [
      "cpu"
    ],
    "test_words": 500,
    "warmup_runs": 20,
    "benchmark_runs": 200,
    "adaptive": true,
    "adaptive_min_runs": 10,
    "adaptive_max_runs": 80,
    "adaptive_cv_target": 0.03,
    "loop_overhead_us": 0.100000761449337,
    "force": true,
    "selected_models": 19,
    "cpu_quantize": false,
    "cpu_threads": null,
    "batch_size": 32,
    "sweep_mode": true,
    "sweep_batch_sizes": [
      1,
      4,
      8,
      16,
      32,
      64,
      128
    ]
  },
  "result": {
    "model_index": 9,
    "base_name": "exp105_reduced_data_50split__20260225_232552",
    "experiment": "exp105_reduced_data_50split",
    "params": 9679340,
    "n": 4680,
    "total_time_s": 18.05253799649654,
    "mean_lat_ms": 3.857379913781312,
    "p50_ms": 3.730840624484699,
    "p95_ms": 4.6417937492151395,
    "p99_ms": 4.813599999761209,
    "throughput_wps": 259.24332639035293,
    "throughput_tps": 3266.576700264767,
    "throughput_cps_in": 2323.77297907592,
    "throughput_cps_out": 3289.2881882605034,
    "tokens_per_word": 12.600427350427351,
    "chars_in_per_word": 8.963675213675213,
    "chars_out_per_word": 12.688034188034187,
    "ci95_lat_low_ms": 3.8453660669652105,
    "ci95_lat_high_ms": 3.8693937605974127,
    "ci95_wps_low": 258.4384174552464,
    "ci95_wps_high": 260.0532647829825,
    "stable_wps": 260.5487881713166,
    "stable_cv": 0.10468894354657544,
    "stable_window_start": 2000,
    "global_cv": 0.10870675469683266,
    "thermal_ratio": 0.9958598902929577,
    "mean_first_ms": 3.8681930548195034,
    "mean_last_ms": 3.852178311204532,
    "loop_overhead_us": 0.100000761449337,
    "status": "success",
    "device": "cpu",
    "batch_size": 32,
    "adaptive": true,
    "runs_executed": 10,
    "max_runs": 80,
    "min_runs": 10,
    "cv_target": 0.03,
    "converged": true,
    "final_run_cv": 0.008715577172167309,
    "n_samples_raw": 5000,
    "n_samples_clean": 4680,
    "n_outliers_removed": 320
  }
}
