{
  "artifact_type": "inference_benchmark",
  "generated_by": "python src/benchmark_inference.py",
  "base_name": "exp105_reduced_data_50split__20260225_232552",
  "experiment": "exp105_reduced_data_50split",
  "raw_csv_path": "C:/Users/leona/OneDrive/Documents/Projects/Acadêmicos/FG2P/results/exp105_reduced_data_50split/benchmark_exp105_reduced_data_50split__20260225_232552_cpu_raw_b128.csv",
  "benchmark_metadata": {
    "benchmark_date": "2026-03-15 17:32:27",
    "devices": [
      "cpu"
    ],
    "test_words": 500,
    "warmup_runs": 20,
    "benchmark_runs": 200,
    "adaptive": true,
    "adaptive_min_runs": 10,
    "adaptive_max_runs": 80,
    "adaptive_cv_target": 0.03,
    "loop_overhead_us": 0.100000761449337,
    "force": true,
    "selected_models": 19,
    "cpu_quantize": false,
    "cpu_threads": null,
    "batch_size": 128,
    "sweep_mode": true,
    "sweep_batch_sizes": [
      1,
      4,
      8,
      16,
      32,
      64,
      128
    ]
  },
  "result": {
    "model_index": 9,
    "base_name": "exp105_reduced_data_50split__20260225_232552",
    "experiment": "exp105_reduced_data_50split",
    "params": 9679340,
    "n": 8500,
    "total_time_s": 28.573743593558902,
    "mean_lat_ms": 3.3616168933598707,
    "p50_ms": 3.1560456888561523,
    "p95_ms": 4.2686585929914145,
    "p99_ms": 4.3789890617063065,
    "throughput_wps": 297.4758967850496,
    "throughput_tps": 3739.2720225880735,
    "throughput_cps_in": 2663.599179813334,
    "throughput_cps_out": 3766.044853298728,
    "tokens_per_word": 12.57,
    "chars_in_per_word": 8.954,
    "chars_out_per_word": 12.66,
    "ci95_lat_low_ms": 3.3506898665220914,
    "ci95_lat_high_ms": 3.3725439201976504,
    "ci95_wps_low": 296.5120762434413,
    "ci95_wps_high": 298.4460036099873,
    "stable_wps": 279.50511516594787,
    "stable_cv": 0.1301870113795231,
    "stable_window_start": 800,
    "global_cv": 0.1528998937737481,
    "thermal_ratio": 0.9835424641723847,
    "mean_first_ms": 3.382091135279231,
    "mean_last_ms": 3.3264302492481126,
    "loop_overhead_us": 0.100000761449337,
    "status": "success",
    "device": "cpu",
    "batch_size": 128,
    "adaptive": true,
    "runs_executed": 17,
    "max_runs": 80,
    "min_runs": 10,
    "cv_target": 0.03,
    "converged": true,
    "final_run_cv": 0.010816214438513048,
    "n_samples_raw": 8500,
    "n_samples_clean": 8500,
    "n_outliers_removed": 0
  }
}
