{
  "artifact_type": "inference_benchmark",
  "generated_by": "python src/benchmark_inference.py",
  "base_name": "exp105_reduced_data_50split__20260225_232552",
  "experiment": "exp105_reduced_data_50split",
  "raw_csv_path": "C:/Users/leona/OneDrive/Documents/Projects/Acadêmicos/FG2P/results/exp105_reduced_data_50split/benchmark_exp105_reduced_data_50split__20260225_232552_cpu_raw_b64.csv",
  "benchmark_metadata": {
    "benchmark_date": "2026-03-15 17:19:58",
    "devices": [
      "cpu"
    ],
    "test_words": 500,
    "warmup_runs": 20,
    "benchmark_runs": 200,
    "adaptive": true,
    "adaptive_min_runs": 10,
    "adaptive_max_runs": 80,
    "adaptive_cv_target": 0.03,
    "loop_overhead_us": 0.100000761449337,
    "force": true,
    "selected_models": 19,
    "cpu_quantize": false,
    "cpu_threads": null,
    "batch_size": 64,
    "sweep_mode": true,
    "sweep_batch_sizes": [
      1,
      4,
      8,
      16,
      32,
      64,
      128
    ]
  },
  "result": {
    "model_index": 9,
    "base_name": "exp105_reduced_data_50split__20260225_232552",
    "experiment": "exp105_reduced_data_50split",
    "params": 9679340,
    "n": 4360,
    "total_time_s": 14.169336896651657,
    "mean_lat_ms": 3.249847912076068,
    "p50_ms": 3.340629686590546,
    "p95_ms": 3.6243703118543635,
    "p99_ms": 3.6681921867511846,
    "throughput_wps": 307.7067072228558,
    "throughput_tps": 3859.743077527061,
    "throughput_cps_in": 2748.8936344794115,
    "throughput_cps_out": 3887.9730506667725,
    "tokens_per_word": 12.543577981651376,
    "chars_in_per_word": 8.93348623853211,
    "chars_out_per_word": 12.635321100917432,
    "ci95_lat_low_ms": 3.2419648331162287,
    "ci95_lat_high_ms": 3.257730991035907,
    "ci95_wps_low": 306.9621165012203,
    "ci95_wps_high": 308.45491900008795,
    "stable_wps": 307.1586602371617,
    "stable_cv": 0.07702255254461078,
    "stable_window_start": 0,
    "global_cv": 0.08171842972571015,
    "thermal_ratio": 0.9994055141434449,
    "mean_first_ms": 3.255646444179322,
    "mean_last_ms": 3.2537110084143133,
    "loop_overhead_us": 0.100000761449337,
    "status": "success",
    "device": "cpu",
    "batch_size": 64,
    "adaptive": true,
    "runs_executed": 10,
    "max_runs": 80,
    "min_runs": 10,
    "cv_target": 0.03,
    "converged": true,
    "final_run_cv": 0.0038946401232519967,
    "n_samples_raw": 5000,
    "n_samples_clean": 4360,
    "n_outliers_removed": 640
  }
}
