{
  "artifact_type": "inference_benchmark",
  "generated_by": "python src/benchmark_inference.py",
  "base_name": "exp105_reduced_data_50split__20260225_232552",
  "experiment": "exp105_reduced_data_50split",
  "raw_csv_path": "C:/Users/leona/OneDrive/Documents/Projects/Acadêmicos/FG2P/results/exp105_reduced_data_50split/benchmark_exp105_reduced_data_50split__20260225_232552_cpu_raw_b8.csv",
  "benchmark_metadata": {
    "benchmark_date": "2026-03-15 16:15:46",
    "devices": [
      "cpu"
    ],
    "test_words": 500,
    "warmup_runs": 20,
    "benchmark_runs": 200,
    "adaptive": true,
    "adaptive_min_runs": 10,
    "adaptive_max_runs": 80,
    "adaptive_cv_target": 0.03,
    "loop_overhead_us": 0.100000761449337,
    "force": true,
    "selected_models": 19,
    "cpu_quantize": false,
    "cpu_threads": null,
    "batch_size": 8,
    "sweep_mode": true,
    "sweep_batch_sizes": [
      1,
      4,
      8,
      16,
      32,
      64,
      128
    ]
  },
  "result": {
    "model_index": 9,
    "base_name": "exp105_reduced_data_50split__20260225_232552",
    "experiment": "exp105_reduced_data_50split",
    "params": 9679340,
    "n": 4856,
    "total_time_s": 35.67428239660512,
    "mean_lat_ms": 7.346433771953278,
    "p50_ms": 7.300625000425498,
    "p95_ms": 9.434737499759649,
    "p99_ms": 10.041824998552329,
    "throughput_wps": 136.12046756859536,
    "throughput_tps": 1703.9165448156173,
    "throughput_cps_in": 1213.8155862140272,
    "throughput_cps_out": 1715.913983060955,
    "tokens_per_word": 12.517710049423394,
    "chars_in_per_word": 8.917215815485998,
    "chars_out_per_word": 12.605848434925864,
    "ci95_lat_low_ms": 7.316896657114139,
    "ci95_lat_high_ms": 7.375970886792418,
    "ci95_wps_low": 135.57537242868227,
    "ci95_wps_high": 136.6699636283247,
    "stable_wps": 136.47575986800052,
    "stable_cv": 0.13805336462941042,
    "stable_window_start": 1248,
    "global_cv": 0.14294690983760272,
    "thermal_ratio": 1.0134826301035176,
    "mean_first_ms": 7.307988735162366,
    "mean_last_ms": 7.406519644079233,
    "loop_overhead_us": 0.100000761449337,
    "status": "success",
    "device": "cpu",
    "batch_size": 8,
    "adaptive": true,
    "runs_executed": 10,
    "max_runs": 80,
    "min_runs": 10,
    "cv_target": 0.03,
    "converged": true,
    "final_run_cv": 0.009357833482218782,
    "n_samples_raw": 5000,
    "n_samples_clean": 4856,
    "n_outliers_removed": 144
  }
}
