{
  "artifact_type": "inference_benchmark",
  "generated_by": "python src/benchmark_inference.py",
  "base_name": "exp105_reduced_data_50split__20260225_232552",
  "experiment": "exp105_reduced_data_50split",
  "raw_csv_path": "C:/Users/leona/OneDrive/Documents/Projects/Acadêmicos/FG2P/results/exp105_reduced_data_50split/benchmark_exp105_reduced_data_50split__20260225_232552_cpu_raw_b16.csv",
  "benchmark_metadata": {
    "benchmark_date": "2026-03-15 16:44:46",
    "devices": [
      "cpu"
    ],
    "test_words": 500,
    "warmup_runs": 20,
    "benchmark_runs": 200,
    "adaptive": true,
    "adaptive_min_runs": 10,
    "adaptive_max_runs": 80,
    "adaptive_cv_target": 0.03,
    "loop_overhead_us": 0.100000761449337,
    "force": true,
    "selected_models": 19,
    "cpu_quantize": false,
    "cpu_threads": null,
    "batch_size": 16,
    "sweep_mode": true,
    "sweep_batch_sizes": [
      1,
      4,
      8,
      16,
      32,
      64,
      128
    ]
  },
  "result": {
    "model_index": 9,
    "base_name": "exp105_reduced_data_50split__20260225_232552",
    "experiment": "exp105_reduced_data_50split",
    "params": 9679340,
    "n": 4640,
    "total_time_s": 23.60132919647731,
    "mean_lat_ms": 5.086493361309765,
    "p50_ms": 5.097281248708896,
    "p95_ms": 6.244706249162846,
    "p99_ms": 6.372824998834403,
    "throughput_wps": 196.59909665988465,
    "throughput_tps": 2465.1153973431224,
    "throughput_cps_in": 1756.680721448021,
    "throughput_cps_out": 2482.9110052304395,
    "tokens_per_word": 12.538793103448276,
    "chars_in_per_word": 8.935344827586206,
    "chars_out_per_word": 12.629310344827585,
    "ci95_lat_low_ms": 5.0699196427283155,
    "ci95_lat_high_ms": 5.103067079891215,
    "ci95_wps_low": 195.96058298753888,
    "ci95_wps_high": 197.2417849727224,
    "stable_wps": 196.416753115301,
    "stable_cv": 0.11027269759939991,
    "stable_window_start": 3696,
    "global_cv": 0.11324118288806242,
    "thermal_ratio": 1.0018556029880892,
    "mean_first_ms": 5.0832765079325455,
    "mean_last_ms": 5.092709051009948,
    "loop_overhead_us": 0.100000761449337,
    "status": "success",
    "device": "cpu",
    "batch_size": 16,
    "adaptive": true,
    "runs_executed": 10,
    "max_runs": 80,
    "min_runs": 10,
    "cv_target": 0.03,
    "converged": true,
    "final_run_cv": 0.0038674765069129,
    "n_samples_raw": 5000,
    "n_samples_clean": 4640,
    "n_outliers_removed": 360
  }
}
