{
  "artifact_type": "inference_benchmark",
  "generated_by": "python src/benchmark_inference.py",
  "base_name": "exp105_reduced_data_50split__20260225_232552",
  "experiment": "exp105_reduced_data_50split",
  "raw_csv_path": "C:/Users/leona/OneDrive/Documents/Projects/Acadêmicos/FG2P/results/exp105_reduced_data_50split/benchmark_exp105_reduced_data_50split__20260225_232552_cuda_raw_b32.csv",
  "benchmark_metadata": {
    "benchmark_date": "2026-03-15 06:34:55",
    "devices": [
      "cuda"
    ],
    "test_words": 1000,
    "warmup_runs": 20,
    "benchmark_runs": 50,
    "loop_overhead_us": 0.10000010433941497,
    "force": true,
    "selected_models": 19,
    "cpu_quantize": false,
    "cpu_threads": null,
    "batch_size": 32,
    "sweep_mode": true,
    "sweep_batch_sizes": [
      1,
      4,
      8,
      16,
      32,
      64,
      128,
      256,
      512
    ]
  },
  "result": {
    "model_index": 9,
    "base_name": "exp105_reduced_data_50split__20260225_232552",
    "experiment": "exp105_reduced_data_50split",
    "params": 9679340,
    "n": 50000,
    "total_time_s": 119.03315669453605,
    "mean_lat_ms": 2.380663133890721,
    "p50_ms": 2.2933281249811444,
    "p95_ms": 2.9496656249853004,
    "p99_ms": 4.498206250193562,
    "throughput_wps": 420.0510293809182,
    "throughput_tps": 5147.3053140337715,
    "throughput_cps_in": 3659.0645169371783,
    "throughput_cps_out": 5184.689855648673,
    "tokens_per_word": 12.254,
    "chars_in_per_word": 8.711,
    "chars_out_per_word": 12.343,
    "ci95_lat_low_ms": 2.376435017521094,
    "ci95_lat_high_ms": 2.3848912502603477,
    "ci95_wps_low": 419.30633100810553,
    "ci95_wps_high": 420.7983776653483,
    "stable_wps": 425.7848582952526,
    "stable_cv": 0.17716945006510965,
    "stable_window_start": 16416,
    "global_cv": 0.2026179494900845,
    "thermal_ratio": 1.0304852785651377,
    "mean_first_ms": 2.361824899890871,
    "mean_last_ms": 2.433825789886123,
    "loop_overhead_us": 0.10000010433941497,
    "status": "success",
    "device": "cuda",
    "batch_size": 32
  }
}
