{
  "artifact_type": "inference_benchmark",
  "generated_by": "python src/benchmark_inference.py",
  "base_name": "exp104c_structural_tokens__20260311_222339",
  "experiment": "exp104c_structural_tokens",
  "raw_csv_path": "C:/Users/leona/OneDrive/Documents/Projects/Acadêmicos/FG2P/results/exp104c_structural_tokens/benchmark_exp104c_structural_tokens__20260311_222339_cuda_raw_b32.csv",
  "benchmark_metadata": {
    "benchmark_date": "2026-03-15 06:34:55",
    "devices": [
      "cuda"
    ],
    "test_words": 1000,
    "warmup_runs": 20,
    "benchmark_runs": 50,
    "loop_overhead_us": 0.10000010433941497,
    "force": true,
    "selected_models": 19,
    "cpu_quantize": false,
    "cpu_threads": null,
    "batch_size": 32,
    "sweep_mode": true,
    "sweep_batch_sizes": [
      1,
      4,
      8,
      16,
      32,
      64,
      128,
      256,
      512
    ]
  },
  "result": {
    "model_index": 17,
    "base_name": "exp104c_structural_tokens__20260311_222339",
    "experiment": "exp104c_structural_tokens",
    "params": 17163563,
    "n": 50000,
    "total_time_s": 97.28537259477616,
    "mean_lat_ms": 1.9457074518955233,
    "p50_ms": 1.912625000134085,
    "p95_ms": 2.1859874998176565,
    "p99_ms": 3.638528124813547,
    "throughput_wps": 513.9518785446354,
    "throughput_tps": 4978.651847461883,
    "throughput_cps_in": 4622.483195630451,
    "throughput_cps_out": 5029.533083437802,
    "tokens_per_word": 9.687,
    "chars_in_per_word": 8.994,
    "chars_out_per_word": 9.786,
    "ci95_lat_low_ms": 1.9432270216068106,
    "ci95_lat_high_ms": 1.948187882184236,
    "ci95_wps_low": 513.297515678435,
    "ci95_wps_high": 514.6079119325557,
    "stable_wps": 518.9159605018637,
    "stable_cv": 0.12184278599392383,
    "stable_window_start": 31064,
    "global_cv": 0.14543817441300227,
    "thermal_ratio": 0.9948382374083897,
    "mean_first_ms": 1.9453974898810884,
    "mean_last_ms": 1.9353558098920076,
    "loop_overhead_us": 0.10000010433941497,
    "status": "success",
    "device": "cuda",
    "batch_size": 32
  }
}
