{
  "artifact_type": "inference_benchmark",
  "generated_by": "python src/benchmark_inference.py",
  "base_name": "exp104c_structural_tokens__20260311_222339",
  "experiment": "exp104c_structural_tokens",
  "raw_csv_path": "C:/Users/leona/OneDrive/Documents/Projects/Acadêmicos/FG2P/results/exp104c_structural_tokens/benchmark_exp104c_structural_tokens__20260311_222339_cpu_raw_b16.csv",
  "benchmark_metadata": {
    "benchmark_date": "2026-03-15 16:44:46",
    "devices": [
      "cpu"
    ],
    "test_words": 500,
    "warmup_runs": 20,
    "benchmark_runs": 200,
    "adaptive": true,
    "adaptive_min_runs": 10,
    "adaptive_max_runs": 80,
    "adaptive_cv_target": 0.03,
    "loop_overhead_us": 0.100000761449337,
    "force": true,
    "selected_models": 19,
    "cpu_quantize": false,
    "cpu_threads": null,
    "batch_size": 16,
    "sweep_mode": true,
    "sweep_batch_sizes": [
      1,
      4,
      8,
      16,
      32,
      64,
      128
    ]
  },
  "result": {
    "model_index": 17,
    "base_name": "exp104c_structural_tokens__20260311_222339",
    "experiment": "exp104c_structural_tokens",
    "params": 17163563,
    "n": 4960,
    "total_time_s": 32.40676139615243,
    "mean_lat_ms": 6.5336212492242804,
    "p50_ms": 6.475562499872467,
    "p95_ms": 8.094881249235186,
    "p99_ms": 8.502587499606307,
    "throughput_wps": 153.0544795688497,
    "throughput_tps": 1472.5322106906267,
    "throughput_cps_in": 1358.975661333093,
    "throughput_cps_out": 1490.4297103176293,
    "tokens_per_word": 9.620967741935484,
    "chars_in_per_word": 8.879032258064516,
    "chars_out_per_word": 9.737903225806452,
    "ci95_lat_low_ms": 6.511060388873143,
    "ci95_lat_high_ms": 6.556182109575419,
    "ci95_wps_low": 152.52779487919997,
    "ci95_wps_high": 153.58481418923964,
    "stable_wps": 152.9641758995187,
    "stable_cv": 0.12064494559734357,
    "stable_window_start": 2336,
    "global_cv": 0.12407562432489344,
    "thermal_ratio": 1.0009397903171455,
    "mean_first_ms": 6.534359071807676,
    "mean_last_ms": 6.540499999192112,
    "loop_overhead_us": 0.100000761449337,
    "status": "success",
    "device": "cpu",
    "batch_size": 16,
    "adaptive": true,
    "runs_executed": 10,
    "max_runs": 80,
    "min_runs": 10,
    "cv_target": 0.03,
    "converged": true,
    "final_run_cv": 0.00473918512435629,
    "n_samples_raw": 5000,
    "n_samples_clean": 4960,
    "n_outliers_removed": 40
  }
}
