{
  "artifact_type": "inference_benchmark",
  "generated_by": "python src/benchmark_inference.py",
  "base_name": "exp104c_structural_tokens__20260311_222339",
  "experiment": "exp104c_structural_tokens",
  "raw_csv_path": "C:/Users/leona/OneDrive/Documents/Projects/Acadêmicos/FG2P/results/exp104c_structural_tokens/benchmark_exp104c_structural_tokens__20260311_222339_cpu_raw_b128.csv",
  "benchmark_metadata": {
    "benchmark_date": "2026-03-15 17:32:27",
    "devices": [
      "cpu"
    ],
    "test_words": 500,
    "warmup_runs": 20,
    "benchmark_runs": 200,
    "adaptive": true,
    "adaptive_min_runs": 10,
    "adaptive_max_runs": 80,
    "adaptive_cv_target": 0.03,
    "loop_overhead_us": 0.100000761449337,
    "force": true,
    "selected_models": 19,
    "cpu_quantize": false,
    "cpu_threads": null,
    "batch_size": 128,
    "sweep_mode": true,
    "sweep_batch_sizes": [
      1,
      4,
      8,
      16,
      32,
      64,
      128
    ]
  },
  "result": {
    "model_index": 17,
    "base_name": "exp104c_structural_tokens__20260311_222339",
    "experiment": "exp104c_structural_tokens",
    "params": 17163563,
    "n": 5000,
    "total_time_s": 20.302056196218473,
    "mean_lat_ms": 4.060411239243694,
    "p50_ms": 4.0768749992100215,
    "p95_ms": 4.466292186748433,
    "p99_ms": 4.539713280564683,
    "throughput_wps": 246.2804728582771,
    "throughput_tps": 2369.710709842342,
    "throughput_cps_in": 2186.9705989815006,
    "throughput_cps_out": 2398.771805639619,
    "tokens_per_word": 9.622,
    "chars_in_per_word": 8.88,
    "chars_out_per_word": 9.74,
    "ci95_lat_low_ms": 4.053700581596188,
    "ci95_lat_high_ms": 4.0671218968912,
    "ci95_wps_low": 245.87411573879146,
    "ci95_wps_high": 246.68817537733366,
    "stable_wps": 246.57497501602884,
    "stable_cv": 0.049780300718094535,
    "stable_window_start": 2884,
    "global_cv": 0.05962439603522013,
    "thermal_ratio": 1.004062589741645,
    "mean_first_ms": 4.043307599276886,
    "mean_last_ms": 4.0597338992520235,
    "loop_overhead_us": 0.100000761449337,
    "status": "success",
    "device": "cpu",
    "batch_size": 128,
    "adaptive": true,
    "runs_executed": 10,
    "max_runs": 80,
    "min_runs": 10,
    "cv_target": 0.03,
    "converged": true,
    "final_run_cv": 0.017206553908244052,
    "n_samples_raw": 5000,
    "n_samples_clean": 5000,
    "n_outliers_removed": 0
  }
}
