{
  "artifact_type": "inference_benchmark",
  "generated_by": "python src/benchmark_inference.py",
  "base_name": "exp104c_structural_tokens__20260311_222339",
  "experiment": "exp104c_structural_tokens",
  "raw_csv_path": "C:/Users/leona/OneDrive/Documents/Projects/Acadêmicos/FG2P/results/exp104c_structural_tokens/benchmark_exp104c_structural_tokens__20260311_222339_cuda_raw_b128.csv",
  "benchmark_metadata": {
    "benchmark_date": "2026-03-15 09:12:54",
    "devices": [
      "cuda"
    ],
    "test_words": 1000,
    "warmup_runs": 20,
    "benchmark_runs": 50,
    "loop_overhead_us": 0.10000010433941497,
    "force": true,
    "selected_models": 19,
    "cpu_quantize": false,
    "cpu_threads": null,
    "batch_size": 128,
    "sweep_mode": true,
    "sweep_batch_sizes": [
      1,
      4,
      8,
      16,
      32,
      64,
      128,
      256,
      512
    ]
  },
  "result": {
    "model_index": 17,
    "base_name": "exp104c_structural_tokens__20260311_222339",
    "experiment": "exp104c_structural_tokens",
    "params": 17163563,
    "n": 50000,
    "total_time_s": 54.5327686947976,
    "mean_lat_ms": 1.090655373895952,
    "p50_ms": 1.0953343748701627,
    "p95_ms": 1.1579778845066357,
    "p99_ms": 1.2174992186578493,
    "throughput_wps": 916.8799090292654,
    "throughput_tps": 8881.815678766494,
    "throughput_cps_in": 8246.417901809213,
    "throughput_cps_out": 8972.586789760391,
    "tokens_per_word": 9.687,
    "chars_in_per_word": 8.994,
    "chars_out_per_word": 9.786,
    "ci95_lat_low_ms": 1.0902511865914923,
    "ci95_lat_high_ms": 1.0910595612004117,
    "ci95_wps_low": 916.5402472618216,
    "ci95_wps_high": 917.2198226413776,
    "stable_wps": 927.0107087938568,
    "stable_cv": 0.034506847850466434,
    "stable_window_start": 15896,
    "global_cv": 0.04227893660322348,
    "thermal_ratio": 0.9787341571833771,
    "mean_first_ms": 1.100441689899253,
    "mean_last_ms": 1.0770398698929968,
    "loop_overhead_us": 0.10000010433941497,
    "status": "success",
    "device": "cuda",
    "batch_size": 128
  }
}
