{
  "artifact_type": "inference_benchmark",
  "generated_by": "python src/benchmark_inference.py",
  "base_name": "exp104c_structural_tokens__20260311_222339",
  "experiment": "exp104c_structural_tokens",
  "raw_csv_path": "C:/Users/leona/OneDrive/Documents/Projects/Acadêmicos/FG2P/results/exp104c_structural_tokens/benchmark_exp104c_structural_tokens__20260311_222339_cpu_raw_b8.csv",
  "benchmark_metadata": {
    "benchmark_date": "2026-03-15 16:15:46",
    "devices": [
      "cpu"
    ],
    "test_words": 500,
    "warmup_runs": 20,
    "benchmark_runs": 200,
    "adaptive": true,
    "adaptive_min_runs": 10,
    "adaptive_max_runs": 80,
    "adaptive_cv_target": 0.03,
    "loop_overhead_us": 0.100000761449337,
    "force": true,
    "selected_models": 19,
    "cpu_quantize": false,
    "cpu_threads": null,
    "batch_size": 8,
    "sweep_mode": true,
    "sweep_batch_sizes": [
      1,
      4,
      8,
      16,
      32,
      64,
      128
    ]
  },
  "result": {
    "model_index": 17,
    "base_name": "exp104c_structural_tokens__20260311_222339",
    "experiment": "exp104c_structural_tokens",
    "params": 17163563,
    "n": 4920,
    "total_time_s": 45.03557089609967,
    "mean_lat_ms": 9.153571320345462,
    "p50_ms": 8.992837500045425,
    "p95_ms": 11.441224998634425,
    "p99_ms": 12.408287499056314,
    "throughput_wps": 109.2469774914322,
    "throughput_tps": 1048.5489372155307,
    "throughput_cps_in": 967.8793702996013,
    "throughput_cps_out": 1061.2055992419773,
    "tokens_per_word": 9.597967479674796,
    "chars_in_per_word": 8.859552845528455,
    "chars_out_per_word": 9.713821138211381,
    "ci95_lat_low_ms": 9.119557862268369,
    "ci95_lat_high_ms": 9.187584778422554,
    "ci95_wps_low": 108.8425330614139,
    "ci95_wps_high": 109.65443885579595,
    "stable_wps": 109.22357214792957,
    "stable_cv": 0.1262969837726149,
    "stable_window_start": 1032,
    "global_cv": 0.13298011319922562,
    "thermal_ratio": 0.9987509932248192,
    "mean_first_ms": 9.157276117030865,
    "mean_last_ms": 9.14583861711849,
    "loop_overhead_us": 0.100000761449337,
    "status": "success",
    "device": "cpu",
    "batch_size": 8,
    "adaptive": true,
    "runs_executed": 10,
    "max_runs": 80,
    "min_runs": 10,
    "cv_target": 0.03,
    "converged": true,
    "final_run_cv": 0.005770947683688951,
    "n_samples_raw": 5000,
    "n_samples_clean": 4920,
    "n_outliers_removed": 80
  }
}
