{
  "artifact_type": "inference_benchmark",
  "generated_by": "python src/benchmark_inference.py",
  "base_name": "exp104c_structural_tokens__20260311_222339",
  "experiment": "exp104c_structural_tokens",
  "raw_csv_path": "C:/Users/leona/OneDrive/Documents/Projects/Acadêmicos/FG2P/results/exp104c_structural_tokens/benchmark_exp104c_structural_tokens__20260311_222339_cuda_raw_b8.csv",
  "benchmark_metadata": {
    "benchmark_date": "2026-03-15 02:00:06",
    "devices": [
      "cuda"
    ],
    "test_words": 1000,
    "warmup_runs": 20,
    "benchmark_runs": 50,
    "loop_overhead_us": 0.10000010433941497,
    "force": true,
    "selected_models": 19,
    "cpu_quantize": false,
    "cpu_threads": null,
    "batch_size": 8,
    "sweep_mode": true,
    "sweep_batch_sizes": [
      1,
      4,
      8,
      16,
      32,
      64,
      128,
      256,
      512
    ]
  },
  "result": {
    "model_index": 17,
    "base_name": "exp104c_structural_tokens__20260311_222339",
    "experiment": "exp104c_structural_tokens",
    "params": 17163563,
    "n": 50000,
    "total_time_s": 246.53653469439905,
    "mean_lat_ms": 4.930730693887981,
    "p50_ms": 4.818987500332241,
    "p95_ms": 6.056999999348136,
    "p99_ms": 6.519537499773378,
    "throughput_wps": 202.80969740237015,
    "throughput_tps": 1964.6175387367596,
    "throughput_cps_in": 1824.0704184369172,
    "throughput_cps_out": 1984.6956987795943,
    "tokens_per_word": 9.687,
    "chars_in_per_word": 8.994,
    "chars_out_per_word": 9.786,
    "ci95_lat_low_ms": 4.925371108435551,
    "ci95_lat_high_ms": 4.9360902793404104,
    "ci95_wps_low": 202.5894875110805,
    "ci95_wps_high": 203.03038654028052,
    "stable_wps": 202.62294265029928,
    "stable_cv": 0.12064609156177497,
    "stable_window_start": 28552,
    "global_cv": 0.12400775565419002,
    "thermal_ratio": 0.9986067283496907,
    "mean_first_ms": 4.941103889869646,
    "mean_last_ms": 4.934219589898658,
    "loop_overhead_us": 0.10000010433941497,
    "status": "success",
    "device": "cuda",
    "batch_size": 8
  }
}
