{
  "artifact_type": "inference_benchmark",
  "generated_by": "python src/benchmark_inference.py",
  "base_name": "exp104c_structural_tokens__20260311_222339",
  "experiment": "exp104c_structural_tokens",
  "raw_csv_path": "C:/Users/leona/OneDrive/Documents/Projects/Acadêmicos/FG2P/results/exp104c_structural_tokens/benchmark_exp104c_structural_tokens__20260311_222339_cuda_raw_b4.csv",
  "benchmark_metadata": {
    "benchmark_date": "2026-03-14 21:57:11",
    "devices": [
      "cuda"
    ],
    "test_words": 1000,
    "warmup_runs": 20,
    "benchmark_runs": 50,
    "loop_overhead_us": 0.10000010433941497,
    "force": true,
    "selected_models": 19,
    "cpu_quantize": false,
    "cpu_threads": null,
    "batch_size": 4,
    "sweep_mode": true,
    "sweep_batch_sizes": [
      1,
      4,
      8,
      16,
      32,
      64,
      128,
      256,
      512
    ]
  },
  "result": {
    "model_index": 17,
    "base_name": "exp104c_structural_tokens__20260311_222339",
    "experiment": "exp104c_structural_tokens",
    "params": 17163563,
    "n": 50000,
    "total_time_s": 441.8217022942963,
    "mean_lat_ms": 8.836434045885927,
    "p50_ms": 8.721850001822986,
    "p95_ms": 11.469624999083408,
    "p99_ms": 12.767375000041739,
    "throughput_wps": 113.16782254099218,
    "throughput_tps": 1096.2566969545912,
    "throughput_cps_in": 1017.8313959336837,
    "throughput_cps_out": 1107.4603113861494,
    "tokens_per_word": 9.687,
    "chars_in_per_word": 8.994,
    "chars_out_per_word": 9.786,
    "ci95_lat_low_ms": 8.823588872883214,
    "ci95_lat_high_ms": 8.849279218888638,
    "ci95_wps_low": 113.00355376577075,
    "ci95_wps_high": 113.33256959344683,
    "stable_wps": 113.17549322372474,
    "stable_cv": 0.16209632799331486,
    "stable_window_start": 18788,
    "global_cv": 0.16584097729816072,
    "thermal_ratio": 1.0238064363479629,
    "mean_first_ms": 8.692219489909712,
    "mean_last_ms": 8.89915025991877,
    "loop_overhead_us": 0.10000010433941497,
    "status": "success",
    "device": "cuda",
    "batch_size": 4
  }
}
