{
  "artifact_type": "inference_benchmark",
  "generated_by": "python src/benchmark_inference.py",
  "base_name": "exp104c_structural_tokens__20260311_222339",
  "experiment": "exp104c_structural_tokens",
  "raw_csv_path": "C:/Users/leona/OneDrive/Documents/Projects/Acadêmicos/FG2P/results/exp104c_structural_tokens/benchmark_exp104c_structural_tokens__20260311_222339_cuda_raw.csv",
  "benchmark_metadata": {
    "benchmark_date": "2026-03-14 11:37:52",
    "devices": [
      "cuda"
    ],
    "test_words": 1000,
    "warmup_runs": 20,
    "benchmark_runs": 50,
    "loop_overhead_us": 0.10000010433941497,
    "force": true,
    "selected_models": 19,
    "cpu_quantize": false,
    "cpu_threads": null,
    "batch_size": 1,
    "sweep_mode": true,
    "sweep_batch_sizes": [
      1,
      4,
      8,
      16,
      32,
      64,
      128,
      256,
      512
    ]
  },
  "result": {
    "model_index": 17,
    "base_name": "exp104c_structural_tokens__20260311_222339",
    "experiment": "exp104c_structural_tokens",
    "params": 17163563,
    "n": 50000,
    "total_time_s": 1194.6565592945817,
    "mean_lat_ms": 23.893131185891633,
    "p50_ms": 23.159600001893068,
    "p95_ms": 34.754599998198046,
    "p99_ms": 40.885700000874294,
    "throughput_wps": 41.85303266532424,
    "throughput_tps": 405.43032742899595,
    "throughput_cps_in": 376.42617579192625,
    "throughput_cps_out": 409.57377766286305,
    "tokens_per_word": 9.687,
    "chars_in_per_word": 8.994,
    "chars_out_per_word": 9.786,
    "ci95_lat_low_ms": 23.841425822160513,
    "ci95_lat_high_ms": 23.944836549622753,
    "ci95_wps_low": 41.762657177785364,
    "ci95_wps_high": 41.943800151017136,
    "stable_wps": 42.075070264859214,
    "stable_cv": 0.23599852048474262,
    "stable_window_start": 38902,
    "global_cv": 0.24688315617040096,
    "thermal_ratio": 0.99507243053961,
    "mean_first_ms": 23.860832589867734,
    "mean_last_ms": 23.743256679898423,
    "loop_overhead_us": 0.10000010433941497,
    "status": "success",
    "device": "cuda",
    "batch_size": 1
  }
}
