{
  "artifact_type": "inference_benchmark",
  "generated_by": "python src/benchmark_inference.py",
  "base_name": "exp104c_structural_tokens__20260311_222339",
  "experiment": "exp104c_structural_tokens",
  "raw_csv_path": "C:/Users/leona/OneDrive/Documents/Projects/Acadêmicos/FG2P/results/exp104c_structural_tokens/benchmark_exp104c_structural_tokens__20260311_222339_cuda_raw_b256.csv",
  "benchmark_metadata": {
    "benchmark_date": "2026-03-15 10:17:42",
    "devices": [
      "cuda"
    ],
    "test_words": 1000,
    "warmup_runs": 20,
    "benchmark_runs": 50,
    "loop_overhead_us": 0.10000010433941497,
    "force": true,
    "selected_models": 19,
    "cpu_quantize": false,
    "cpu_threads": null,
    "batch_size": 256,
    "sweep_mode": true,
    "sweep_batch_sizes": [
      1,
      4,
      8,
      16,
      32,
      64,
      128,
      256,
      512
    ]
  },
  "result": {
    "model_index": 17,
    "base_name": "exp104c_structural_tokens__20260311_222339",
    "experiment": "exp104c_structural_tokens",
    "params": 17163563,
    "n": 50000,
    "total_time_s": 44.198818594767545,
    "mean_lat_ms": 0.8839763718953508,
    "p50_ms": 0.88393620676478,
    "p95_ms": 0.925887499853898,
    "p99_ms": 0.9396672412848099,
    "throughput_wps": 1131.2519562665238,
    "throughput_tps": 10958.437700353817,
    "throughput_cps_in": 10174.480094661116,
    "throughput_cps_out": 11070.431644024204,
    "tokens_per_word": 9.687,
    "chars_in_per_word": 8.994,
    "chars_out_per_word": 9.786,
    "ci95_lat_low_ms": 0.8837541502750401,
    "ci95_lat_high_ms": 0.8841985935156617,
    "ci95_wps_low": 1130.9676438455986,
    "ci95_wps_high": 1131.5364116692206,
    "stable_wps": 1126.397463735263,
    "stable_cv": 0.022134189304304195,
    "stable_window_start": 6000,
    "global_cv": 0.028679698665891765,
    "thermal_ratio": 0.9960622339692795,
    "mean_first_ms": 0.8874778199017783,
    "mean_last_ms": 0.8839831398895512,
    "loop_overhead_us": 0.10000010433941497,
    "status": "success",
    "device": "cuda",
    "batch_size": 256
  }
}
