{
  "artifact_type": "inference_benchmark",
  "generated_by": "python src/benchmark_inference.py",
  "base_name": "exp104c_structural_tokens__20260311_222339",
  "experiment": "exp104c_structural_tokens",
  "raw_csv_path": "C:/Users/leona/OneDrive/Documents/Projects/Acadêmicos/FG2P/results/exp104c_structural_tokens/benchmark_exp104c_structural_tokens__20260311_222339_cpu_raw_b32.csv",
  "benchmark_metadata": {
    "benchmark_date": "2026-03-15 17:04:56",
    "devices": [
      "cpu"
    ],
    "test_words": 500,
    "warmup_runs": 20,
    "benchmark_runs": 200,
    "adaptive": true,
    "adaptive_min_runs": 10,
    "adaptive_max_runs": 80,
    "adaptive_cv_target": 0.03,
    "loop_overhead_us": 0.100000761449337,
    "force": true,
    "selected_models": 19,
    "cpu_quantize": false,
    "cpu_threads": null,
    "batch_size": 32,
    "sweep_mode": true,
    "sweep_batch_sizes": [
      1,
      4,
      8,
      16,
      32,
      64,
      128
    ]
  },
  "result": {
    "model_index": 17,
    "base_name": "exp104c_structural_tokens__20260311_222339",
    "experiment": "exp104c_structural_tokens",
    "params": 17163563,
    "n": 5000,
    "total_time_s": 25.867504696332617,
    "mean_lat_ms": 5.173500939266523,
    "p50_ms": 5.213740624185448,
    "p95_ms": 6.214799999270326,
    "p99_ms": 6.343256249238038,
    "throughput_wps": 193.2927067645948,
    "throughput_tps": 1859.8624244889313,
    "throughput_cps_in": 1716.439236069602,
    "throughput_cps_out": 1882.6709638871537,
    "tokens_per_word": 9.622,
    "chars_in_per_word": 8.88,
    "chars_out_per_word": 9.74,
    "ci95_lat_low_ms": 5.156683711851146,
    "ci95_lat_high_ms": 5.1903181666819,
    "ci95_wps_low": 192.6664161783528,
    "ci95_wps_high": 193.92308232940275,
    "stable_wps": 193.16251447114126,
    "stable_cv": 0.11105779163975925,
    "stable_window_start": 160,
    "global_cv": 0.11727320535789812,
    "thermal_ratio": 1.0001512857698505,
    "mean_first_ms": 5.157788599230116,
    "mean_last_ms": 5.158568899249076,
    "loop_overhead_us": 0.100000761449337,
    "status": "success",
    "device": "cpu",
    "batch_size": 32,
    "adaptive": true,
    "runs_executed": 10,
    "max_runs": 80,
    "min_runs": 10,
    "cv_target": 0.03,
    "converged": true,
    "final_run_cv": 0.010473233843260519,
    "n_samples_raw": 5000,
    "n_samples_clean": 5000,
    "n_outliers_removed": 0
  }
}
