{
  "artifact_type": "inference_benchmark",
  "generated_by": "python src/benchmark_inference.py",
  "base_name": "exp104c_structural_tokens__20260311_222339",
  "experiment": "exp104c_structural_tokens",
  "raw_csv_path": "C:/Users/leona/OneDrive/Documents/Projects/Acadêmicos/FG2P/results/exp104c_structural_tokens/benchmark_exp104c_structural_tokens__20260311_222339_cpu_raw_b64.csv",
  "benchmark_metadata": {
    "benchmark_date": "2026-03-15 17:19:58",
    "devices": [
      "cpu"
    ],
    "test_words": 500,
    "warmup_runs": 20,
    "benchmark_runs": 200,
    "adaptive": true,
    "adaptive_min_runs": 10,
    "adaptive_max_runs": 80,
    "adaptive_cv_target": 0.03,
    "loop_overhead_us": 0.100000761449337,
    "force": true,
    "selected_models": 19,
    "cpu_quantize": false,
    "cpu_threads": null,
    "batch_size": 64,
    "sweep_mode": true,
    "sweep_batch_sizes": [
      1,
      4,
      8,
      16,
      32,
      64,
      128
    ]
  },
  "result": {
    "model_index": 17,
    "base_name": "exp104c_structural_tokens__20260311_222339",
    "experiment": "exp104c_structural_tokens",
    "params": 17163563,
    "n": 5000,
    "total_time_s": 22.006976696226047,
    "mean_lat_ms": 4.40139533924521,
    "p50_ms": 4.430874999133476,
    "p95_ms": 5.038559374270335,
    "p99_ms": 5.11069062417846,
    "throughput_wps": 227.20067681343275,
    "throughput_tps": 2186.1249122988497,
    "throughput_cps_in": 2017.5420101032828,
    "throughput_cps_out": 2212.934592162835,
    "tokens_per_word": 9.622,
    "chars_in_per_word": 8.88,
    "chars_out_per_word": 9.74,
    "ci95_lat_low_ms": 4.388935351489724,
    "ci95_lat_high_ms": 4.413855327000696,
    "ci95_wps_low": 226.5593060748369,
    "ci95_wps_high": 227.84568919671437,
    "stable_wps": 227.22832483329788,
    "stable_cv": 0.09981999314291613,
    "stable_window_start": 820,
    "global_cv": 0.10213066673965443,
    "thermal_ratio": 0.9861102774113961,
    "mean_first_ms": 4.426380699238507,
    "mean_last_ms": 4.364899499254534,
    "loop_overhead_us": 0.100000761449337,
    "status": "success",
    "device": "cpu",
    "batch_size": 64,
    "adaptive": true,
    "runs_executed": 10,
    "max_runs": 80,
    "min_runs": 10,
    "cv_target": 0.03,
    "converged": true,
    "final_run_cv": 0.012098439898286338,
    "n_samples_raw": 5000,
    "n_samples_clean": 5000,
    "n_outliers_removed": 0
  }
}
