{
  "artifact_type": "inference_benchmark",
  "generated_by": "python src/benchmark_inference.py",
  "base_name": "exp104c_structural_tokens__20260311_222339",
  "experiment": "exp104c_structural_tokens",
  "raw_csv_path": "C:/Users/leona/OneDrive/Documents/Projects/Acadêmicos/FG2P/results/exp104c_structural_tokens/benchmark_exp104c_structural_tokens__20260311_222339_cpu_raw.csv",
  "benchmark_metadata": {
    "benchmark_date": "2026-03-15 13:37:48",
    "devices": [
      "cpu"
    ],
    "test_words": 500,
    "warmup_runs": 20,
    "benchmark_runs": 200,
    "adaptive": true,
    "adaptive_min_runs": 10,
    "adaptive_max_runs": 80,
    "adaptive_cv_target": 0.03,
    "loop_overhead_us": 0.100000761449337,
    "force": true,
    "selected_models": 19,
    "cpu_quantize": false,
    "cpu_threads": null,
    "batch_size": 1,
    "sweep_mode": true,
    "sweep_batch_sizes": [
      1,
      4,
      8,
      16,
      32,
      64,
      128
    ]
  },
  "result": {
    "model_index": 17,
    "base_name": "exp104c_structural_tokens__20260311_222339",
    "experiment": "exp104c_structural_tokens",
    "params": 17163563,
    "n": 4929,
    "total_time_s": 170.39453859676723,
    "mean_lat_ms": 34.56979886321104,
    "p50_ms": 34.190899998066016,
    "p95_ms": 47.90839999623131,
    "p99_ms": 53.256899991538376,
    "throughput_wps": 28.92698346197766,
    "throughput_tps": 275.0088141668235,
    "throughput_cps_in": 253.64662715087735,
    "throughput_cps_out": 278.4596289924764,
    "tokens_per_word": 9.506999391357274,
    "chars_in_per_word": 8.768512882937715,
    "chars_out_per_word": 9.626293365794279,
    "ci95_lat_low_ms": 34.35247603865325,
    "ci95_lat_high_ms": 34.78712168776884,
    "ci95_wps_low": 28.746270213887808,
    "ci95_wps_high": 29.10998318941565,
    "stable_wps": 29.010566930278173,
    "stable_cv": 0.2234530396607919,
    "stable_window_start": 2098,
    "global_cv": 0.22518104278694828,
    "thermal_ratio": 0.9935413656617962,
    "mean_first_ms": 34.70466974564251,
    "mean_last_ms": 34.48052497392729,
    "loop_overhead_us": 0.100000761449337,
    "status": "success",
    "device": "cpu",
    "batch_size": 1,
    "adaptive": true,
    "runs_executed": 10,
    "max_runs": 80,
    "min_runs": 10,
    "cv_target": 0.03,
    "converged": true,
    "final_run_cv": 0.00523987260831924,
    "n_samples_raw": 5000,
    "n_samples_clean": 4929,
    "n_outliers_removed": 71
  }
}
