{
  "artifact_type": "inference_benchmark",
  "generated_by": "python src/benchmark_inference.py",
  "base_name": "exp104c_structural_tokens__20260311_222339",
  "experiment": "exp104c_structural_tokens",
  "raw_csv_path": "C:/Users/leona/OneDrive/Documents/Projects/Acadêmicos/FG2P/results/exp104c_structural_tokens/benchmark_exp104c_structural_tokens__20260311_222339_cuda_raw_b64.csv",
  "benchmark_metadata": {
    "benchmark_date": "2026-03-15 08:01:10",
    "devices": [
      "cuda"
    ],
    "test_words": 1000,
    "warmup_runs": 20,
    "benchmark_runs": 50,
    "loop_overhead_us": 0.10000010433941497,
    "force": true,
    "selected_models": 19,
    "cpu_quantize": false,
    "cpu_threads": null,
    "batch_size": 64,
    "sweep_mode": true,
    "sweep_batch_sizes": [
      1,
      4,
      8,
      16,
      32,
      64,
      128,
      256,
      512
    ]
  },
  "result": {
    "model_index": 17,
    "base_name": "exp104c_structural_tokens__20260311_222339",
    "experiment": "exp104c_structural_tokens",
    "params": 17163563,
    "n": 50000,
    "total_time_s": 67.79454559480382,
    "mean_lat_ms": 1.3558909118960765,
    "p50_ms": 1.351921875059361,
    "p95_ms": 1.482281249739117,
    "p99_ms": 1.6771325000468098,
    "throughput_wps": 737.5224593854686,
    "throughput_tps": 7144.380064067034,
    "throughput_cps_in": 6633.276999712904,
    "throughput_cps_out": 7217.394787546195,
    "tokens_per_word": 9.687,
    "chars_in_per_word": 8.994,
    "chars_out_per_word": 9.786,
    "ci95_lat_low_ms": 1.3550836677462859,
    "ci95_lat_high_ms": 1.356698156045867,
    "ci95_wps_low": 737.0836287671582,
    "ci95_wps_high": 737.9618128400551,
    "stable_wps": 732.1691283522259,
    "stable_cv": 0.0650664726969616,
    "stable_window_start": 4064,
    "global_cv": 0.06792178446365135,
    "thermal_ratio": 0.9944980882583001,
    "mean_first_ms": 1.3657307398892045,
    "mean_last_ms": 1.3582166098954076,
    "loop_overhead_us": 0.10000010433941497,
    "status": "success",
    "device": "cuda",
    "batch_size": 64
  }
}
