{
  "artifact_type": "inference_benchmark",
  "generated_by": "python src/benchmark_inference.py",
  "base_name": "exp104c_structural_tokens__20260311_222339",
  "experiment": "exp104c_structural_tokens",
  "raw_csv_path": "C:/Users/leona/OneDrive/Documents/Projects/Acadêmicos/FG2P/results/exp104c_structural_tokens/benchmark_exp104c_structural_tokens__20260311_222339_cuda_raw_b512.csv",
  "benchmark_metadata": {
    "benchmark_date": "2026-03-15 11:19:26",
    "devices": [
      "cuda"
    ],
    "test_words": 1000,
    "warmup_runs": 20,
    "benchmark_runs": 50,
    "loop_overhead_us": 0.10000010433941497,
    "force": true,
    "selected_models": 19,
    "cpu_quantize": false,
    "cpu_threads": null,
    "batch_size": 512,
    "sweep_mode": true,
    "sweep_batch_sizes": [
      1,
      4,
      8,
      16,
      32,
      64,
      128,
      256,
      512
    ]
  },
  "result": {
    "model_index": 17,
    "base_name": "exp104c_structural_tokens__20260311_222339",
    "experiment": "exp104c_structural_tokens",
    "params": 17163563,
    "n": 50000,
    "total_time_s": 38.324742794863596,
    "mean_lat_ms": 0.766494855897272,
    "p50_ms": 0.7611213113715971,
    "p95_ms": 0.823924999899161,
    "p99_ms": 0.8299249999026497,
    "throughput_wps": 1304.640197264446,
    "throughput_tps": 12638.04959090069,
    "throughput_cps_in": 11733.933934196428,
    "throughput_cps_out": 12767.208970429869,
    "tokens_per_word": 9.687,
    "chars_in_per_word": 8.994,
    "chars_out_per_word": 9.786,
    "ci95_lat_low_ms": 0.7661987874292501,
    "ci95_lat_high_ms": 0.7667909243652937,
    "ci95_wps_low": 1304.136457832679,
    "ci95_wps_high": 1305.1443259982173,
    "stable_wps": 1356.1376377505164,
    "stable_cv": 0.019970248663101785,
    "stable_window_start": 36512,
    "global_cv": 0.04406683330695619,
    "thermal_ratio": 1.0189632829791788,
    "mean_first_ms": 0.7437161598988495,
    "mean_last_ms": 0.7578194598951996,
    "loop_overhead_us": 0.10000010433941497,
    "status": "success",
    "device": "cuda",
    "batch_size": 512
  }
}
