{
  "artifact_type": "inference_benchmark",
  "generated_by": "python src/benchmark_inference.py",
  "base_name": "exp104c_structural_tokens__20260311_222339",
  "experiment": "exp104c_structural_tokens",
  "raw_csv_path": "C:/Users/leona/OneDrive/Documents/Projects/Acadêmicos/FG2P/results/exp104c_structural_tokens/benchmark_exp104c_structural_tokens__20260311_222339_cuda_raw_b16.csv",
  "benchmark_metadata": {
    "benchmark_date": "2026-03-15 04:42:32",
    "devices": [
      "cuda"
    ],
    "test_words": 1000,
    "warmup_runs": 20,
    "benchmark_runs": 50,
    "loop_overhead_us": 0.10000010433941497,
    "force": true,
    "selected_models": 19,
    "cpu_quantize": false,
    "cpu_threads": null,
    "batch_size": 16,
    "sweep_mode": true,
    "sweep_batch_sizes": [
      1,
      4,
      8,
      16,
      32,
      64,
      128,
      256,
      512
    ]
  },
  "result": {
    "model_index": 17,
    "base_name": "exp104c_structural_tokens__20260311_222339",
    "experiment": "exp104c_structural_tokens",
    "params": 17163563,
    "n": 50000,
    "total_time_s": 148.98403629447876,
    "mean_lat_ms": 2.979680725889575,
    "p50_ms": 2.957649999846126,
    "p95_ms": 3.5325249998300023,
    "p99_ms": 3.798831250353487,
    "throughput_wps": 335.60642632322725,
    "throughput_tps": 3251.0194517931022,
    "throughput_cps_in": 3018.444198351106,
    "throughput_cps_out": 3284.244487999102,
    "tokens_per_word": 9.687,
    "chars_in_per_word": 8.994,
    "chars_out_per_word": 9.786,
    "ci95_lat_low_ms": 2.9770244529706917,
    "ci95_lat_high_ms": 2.9823369988084587,
    "ci95_wps_low": 335.30751232993885,
    "ci95_wps_high": 335.9058737331254,
    "stable_wps": 337.0599683505117,
    "stable_cv": 0.10028146271237585,
    "stable_window_start": 35064,
    "global_cv": 0.10170256206201032,
    "thermal_ratio": 0.9854316594016543,
    "mean_first_ms": 3.014291139887882,
    "mean_last_ms": 2.97037791989942,
    "loop_overhead_us": 0.10000010433941497,
    "status": "success",
    "device": "cuda",
    "batch_size": 16
  }
}
