{
  "artifact_type": "inference_benchmark",
  "generated_by": "python src/benchmark_inference.py",
  "base_name": "exp104c_structural_tokens__20260311_222339",
  "experiment": "exp104c_structural_tokens",
  "raw_csv_path": "C:/Users/leona/OneDrive/Documents/Projects/Acadêmicos/FG2P/results/exp104c_structural_tokens/benchmark_exp104c_structural_tokens__20260311_222339_cpu_raw_b4.csv",
  "benchmark_metadata": {
    "benchmark_date": "2026-03-15 15:32:05",
    "devices": [
      "cpu"
    ],
    "test_words": 500,
    "warmup_runs": 20,
    "benchmark_runs": 200,
    "adaptive": true,
    "adaptive_min_runs": 10,
    "adaptive_max_runs": 80,
    "adaptive_cv_target": 0.03,
    "loop_overhead_us": 0.100000761449337,
    "force": true,
    "selected_models": 19,
    "cpu_quantize": false,
    "cpu_threads": null,
    "batch_size": 4,
    "sweep_mode": true,
    "sweep_batch_sizes": [
      1,
      4,
      8,
      16,
      32,
      64,
      128
    ]
  },
  "result": {
    "model_index": 17,
    "base_name": "exp104c_structural_tokens__20260311_222339",
    "experiment": "exp104c_structural_tokens",
    "params": 17163563,
    "n": 4876,
    "total_time_s": 65.69841779644776,
    "mean_lat_ms": 13.473834658828498,
    "p50_ms": 13.36194999748841,
    "p95_ms": 17.16160000069067,
    "p99_ms": 18.300449999514967,
    "throughput_wps": 74.21792127638788,
    "throughput_tps": 709.1494980038784,
    "throughput_cps_in": 654.3840999824585,
    "throughput_cps_out": 717.2775476268463,
    "tokens_per_word": 9.554963084495489,
    "chars_in_per_word": 8.817063166529943,
    "chars_out_per_word": 9.66447908121411,
    "ci95_lat_low_ms": 13.414704929564753,
    "ci95_lat_high_ms": 13.532964388092243,
    "ci95_wps_low": 73.8936401014923,
    "ci95_wps_high": 74.54506120340326,
    "stable_wps": 74.27658435402083,
    "stable_cv": 0.15328546842809193,
    "stable_window_start": 569,
    "global_cv": 0.15634732455845893,
    "thermal_ratio": 1.0003334476947525,
    "mean_first_ms": 13.473377768401779,
    "mean_last_ms": 13.477870435159183,
    "loop_overhead_us": 0.100000761449337,
    "status": "success",
    "device": "cpu",
    "batch_size": 4,
    "adaptive": true,
    "runs_executed": 10,
    "max_runs": 80,
    "min_runs": 10,
    "cv_target": 0.03,
    "converged": true,
    "final_run_cv": 0.006281166550780328,
    "n_samples_raw": 5000,
    "n_samples_clean": 4876,
    "n_outliers_removed": 124
  }
}
