{
  "artifact_type": "inference_benchmark",
  "generated_by": "python src/benchmark_inference.py",
  "base_name": "exp103_intermediate_sep_distance_aware__20260223_220406",
  "experiment": "exp103_intermediate_sep_distance_aware",
  "raw_csv_path": "C:/Users/leona/OneDrive/Documents/Projects/Acadêmicos/FG2P/results/exp103_intermediate_sep_distance_aware/benchmark_exp103_intermediate_sep_distance_aware__20260223_220406_cuda_raw_b64.csv",
  "benchmark_metadata": {
    "benchmark_date": "2026-03-15 08:01:10",
    "devices": [
      "cuda"
    ],
    "test_words": 1000,
    "warmup_runs": 20,
    "benchmark_runs": 50,
    "loop_overhead_us": 0.10000010433941497,
    "force": true,
    "selected_models": 19,
    "cpu_quantize": false,
    "cpu_threads": null,
    "batch_size": 64,
    "sweep_mode": true,
    "sweep_batch_sizes": [
      1,
      4,
      8,
      16,
      32,
      64,
      128,
      256,
      512
    ]
  },
  "result": {
    "model_index": 7,
    "base_name": "exp103_intermediate_sep_distance_aware__20260223_220406",
    "experiment": "exp103_intermediate_sep_distance_aware",
    "params": 9679340,
    "n": 50000,
    "total_time_s": 84.4799330946671,
    "mean_lat_ms": 1.689598661893342,
    "p50_ms": 1.6541203123983905,
    "p95_ms": 2.064072499999838,
    "p99_ms": 2.1836899998766053,
    "throughput_wps": 591.8565293366255,
    "throughput_tps": 7482.250243873619,
    "throughput_cps_in": 5323.157624853609,
    "throughput_cps_out": 7541.435896807282,
    "tokens_per_word": 12.642,
    "chars_in_per_word": 8.994,
    "chars_out_per_word": 12.742,
    "ci95_lat_low_ms": 1.6880510011160499,
    "ci95_lat_high_ms": 1.6911463226706342,
    "ci95_wps_low": 591.3148889569852,
    "ci95_wps_high": 592.3991629037588,
    "stable_wps": 590.2466289824863,
    "stable_cv": 0.09709978997889292,
    "stable_window_start": 4320,
    "global_cv": 0.10450116936493813,
    "thermal_ratio": 1.008604338003909,
    "mean_first_ms": 1.6787601798897411,
    "mean_last_ms": 1.6932047999050155,
    "loop_overhead_us": 0.10000010433941497,
    "status": "success",
    "device": "cuda",
    "batch_size": 64
  }
}
