{
  "artifact_type": "inference_benchmark",
  "generated_by": "python src/benchmark_inference.py",
  "base_name": "exp103_intermediate_sep_distance_aware__20260223_220406",
  "experiment": "exp103_intermediate_sep_distance_aware",
  "raw_csv_path": "C:/Users/leona/OneDrive/Documents/Projects/Acadêmicos/FG2P/results/exp103_intermediate_sep_distance_aware/benchmark_exp103_intermediate_sep_distance_aware__20260223_220406_cuda_raw_b16.csv",
  "benchmark_metadata": {
    "benchmark_date": "2026-03-15 04:42:32",
    "devices": [
      "cuda"
    ],
    "test_words": 1000,
    "warmup_runs": 20,
    "benchmark_runs": 50,
    "loop_overhead_us": 0.10000010433941497,
    "force": true,
    "selected_models": 19,
    "cpu_quantize": false,
    "cpu_threads": null,
    "batch_size": 16,
    "sweep_mode": true,
    "sweep_batch_sizes": [
      1,
      4,
      8,
      16,
      32,
      64,
      128,
      256,
      512
    ]
  },
  "result": {
    "model_index": 7,
    "base_name": "exp103_intermediate_sep_distance_aware__20260223_220406",
    "experiment": "exp103_intermediate_sep_distance_aware",
    "params": 9679340,
    "n": 50000,
    "total_time_s": 185.43655719548133,
    "mean_lat_ms": 3.7087311439096267,
    "p50_ms": 3.633118750005906,
    "p95_ms": 4.696199999418695,
    "p99_ms": 5.185224999625007,
    "throughput_wps": 269.6339964254815,
    "throughput_tps": 3408.7129828109364,
    "throughput_cps_in": 2425.0881638507803,
    "throughput_cps_out": 3435.6763824534846,
    "tokens_per_word": 12.642,
    "chars_in_per_word": 8.994,
    "chars_out_per_word": 12.742,
    "ci95_lat_low_ms": 3.7041887236648843,
    "ci95_lat_high_ms": 3.713273564154369,
    "ci95_wps_low": 269.3041551404608,
    "ci95_wps_high": 269.9646466745384,
    "stable_wps": 270.2598177972496,
    "stable_cv": 0.13439138309173418,
    "stable_window_start": 880,
    "global_cv": 0.13973039614105243,
    "thermal_ratio": 1.0058753372594387,
    "mean_first_ms": 3.696851609886744,
    "mean_last_ms": 3.7185718598929274,
    "loop_overhead_us": 0.10000010433941497,
    "status": "success",
    "device": "cuda",
    "batch_size": 16
  }
}
