{
  "artifact_type": "inference_benchmark",
  "generated_by": "python src/benchmark_inference.py",
  "base_name": "exp103_intermediate_sep_distance_aware__20260223_220406",
  "experiment": "exp103_intermediate_sep_distance_aware",
  "raw_csv_path": "C:/Users/leona/OneDrive/Documents/Projects/Acadêmicos/FG2P/results/exp103_intermediate_sep_distance_aware/benchmark_exp103_intermediate_sep_distance_aware__20260223_220406_cpu_raw_b32.csv",
  "benchmark_metadata": {
    "benchmark_date": "2026-03-15 17:04:56",
    "devices": [
      "cpu"
    ],
    "test_words": 500,
    "warmup_runs": 20,
    "benchmark_runs": 200,
    "adaptive": true,
    "adaptive_min_runs": 10,
    "adaptive_max_runs": 80,
    "adaptive_cv_target": 0.03,
    "loop_overhead_us": 0.100000761449337,
    "force": true,
    "selected_models": 19,
    "cpu_quantize": false,
    "cpu_threads": null,
    "batch_size": 32,
    "sweep_mode": true,
    "sweep_batch_sizes": [
      1,
      4,
      8,
      16,
      32,
      64,
      128
    ]
  },
  "result": {
    "model_index": 7,
    "base_name": "exp103_intermediate_sep_distance_aware__20260223_220406",
    "experiment": "exp103_intermediate_sep_distance_aware",
    "params": 9679340,
    "n": 5000,
    "total_time_s": 19.998222296038875,
    "mean_lat_ms": 3.9996444592077753,
    "p50_ms": 4.007021874258498,
    "p95_ms": 5.012253124277777,
    "p99_ms": 5.048699999406381,
    "throughput_wps": 250.02222327483423,
    "throughput_tps": 3139.7790798853684,
    "throughput_cps_in": 2220.197342680528,
    "throughput_cps_out": 3169.7817466783486,
    "tokens_per_word": 12.558,
    "chars_in_per_word": 8.88,
    "chars_out_per_word": 12.678,
    "ci95_lat_low_ms": 3.9844439351772287,
    "ci95_lat_high_ms": 4.014844983238322,
    "ci95_wps_low": 249.07561915215294,
    "ci95_wps_high": 250.97604992540064,
    "stable_wps": 248.6686158449863,
    "stable_cv": 0.12804981265804644,
    "stable_window_start": 416,
    "global_cv": 0.13710904435727161,
    "thermal_ratio": 0.9982245250086235,
    "mean_first_ms": 3.9908193992159795,
    "mean_last_ms": 3.983733799177571,
    "loop_overhead_us": 0.100000761449337,
    "status": "success",
    "device": "cpu",
    "batch_size": 32,
    "adaptive": true,
    "runs_executed": 10,
    "max_runs": 80,
    "min_runs": 10,
    "cv_target": 0.03,
    "converged": true,
    "final_run_cv": 0.004540351543121836,
    "n_samples_raw": 5000,
    "n_samples_clean": 5000,
    "n_outliers_removed": 0
  }
}
