{
  "artifact_type": "inference_benchmark",
  "generated_by": "python src/benchmark_inference.py",
  "base_name": "exp103_intermediate_sep_distance_aware__20260223_220406",
  "experiment": "exp103_intermediate_sep_distance_aware",
  "raw_csv_path": "C:/Users/leona/OneDrive/Documents/Projects/Acadêmicos/FG2P/results/exp103_intermediate_sep_distance_aware/benchmark_exp103_intermediate_sep_distance_aware__20260223_220406_cpu_raw_b16.csv",
  "benchmark_metadata": {
    "benchmark_date": "2026-03-15 16:44:46",
    "devices": [
      "cpu"
    ],
    "test_words": 500,
    "warmup_runs": 20,
    "benchmark_runs": 200,
    "adaptive": true,
    "adaptive_min_runs": 10,
    "adaptive_max_runs": 80,
    "adaptive_cv_target": 0.03,
    "loop_overhead_us": 0.100000761449337,
    "force": true,
    "selected_models": 19,
    "cpu_quantize": false,
    "cpu_threads": null,
    "batch_size": 16,
    "sweep_mode": true,
    "sweep_batch_sizes": [
      1,
      4,
      8,
      16,
      32,
      64,
      128
    ]
  },
  "result": {
    "model_index": 7,
    "base_name": "exp103_intermediate_sep_distance_aware__20260223_220406",
    "experiment": "exp103_intermediate_sep_distance_aware",
    "params": 9679340,
    "n": 4848,
    "total_time_s": 25.454284096325864,
    "mean_lat_ms": 5.250471141981408,
    "p50_ms": 5.190287499317492,
    "p95_ms": 6.544656249388936,
    "p99_ms": 6.896543748553086,
    "throughput_wps": 190.45909842342698,
    "throughput_tps": 2384.1566225293964,
    "throughput_cps_in": 1685.0601587412605,
    "throughput_cps_out": 2406.2354206552145,
    "tokens_per_word": 12.517945544554456,
    "chars_in_per_word": 8.847359735973598,
    "chars_out_per_word": 12.633869636963697,
    "ci95_lat_low_ms": 5.230491602170227,
    "ci95_lat_high_ms": 5.270450681792589,
    "ci95_wps_low": 189.73709467666993,
    "ci95_wps_high": 191.18661801982086,
    "stable_wps": 190.8928254243528,
    "stable_cv": 0.12688345470851553,
    "stable_window_start": 2800,
    "global_cv": 0.13517999912604114,
    "thermal_ratio": 0.9928696743259933,
    "mean_first_ms": 5.288385938288947,
    "mean_last_ms": 5.250678024259109,
    "loop_overhead_us": 0.100000761449337,
    "status": "success",
    "device": "cpu",
    "batch_size": 16,
    "adaptive": true,
    "runs_executed": 10,
    "max_runs": 80,
    "min_runs": 10,
    "cv_target": 0.03,
    "converged": true,
    "final_run_cv": 0.009777631320143447,
    "n_samples_raw": 5000,
    "n_samples_clean": 4848,
    "n_outliers_removed": 152
  }
}
