{
  "artifact_type": "inference_benchmark",
  "generated_by": "python src/benchmark_inference.py",
  "base_name": "exp103_intermediate_sep_distance_aware__20260223_220406",
  "experiment": "exp103_intermediate_sep_distance_aware",
  "raw_csv_path": "C:/Users/leona/OneDrive/Documents/Projects/Acadêmicos/FG2P/results/exp103_intermediate_sep_distance_aware/benchmark_exp103_intermediate_sep_distance_aware__20260223_220406_cuda_raw_b8.csv",
  "benchmark_metadata": {
    "benchmark_date": "2026-03-15 02:00:06",
    "devices": [
      "cuda"
    ],
    "test_words": 1000,
    "warmup_runs": 20,
    "benchmark_runs": 50,
    "loop_overhead_us": 0.10000010433941497,
    "force": true,
    "selected_models": 19,
    "cpu_quantize": false,
    "cpu_threads": null,
    "batch_size": 8,
    "sweep_mode": true,
    "sweep_batch_sizes": [
      1,
      4,
      8,
      16,
      32,
      64,
      128,
      256,
      512
    ]
  },
  "result": {
    "model_index": 7,
    "base_name": "exp103_intermediate_sep_distance_aware__20260223_220406",
    "experiment": "exp103_intermediate_sep_distance_aware",
    "params": 9679340,
    "n": 50000,
    "total_time_s": 307.7888690946975,
    "mean_lat_ms": 6.15577738189395,
    "p50_ms": 5.993125000461532,
    "p95_ms": 7.959199999024804,
    "p99_ms": 9.003862499159823,
    "throughput_wps": 162.44901950829316,
    "throughput_tps": 2053.6805046238424,
    "throughput_cps_in": 1461.0664814575887,
    "throughput_cps_out": 2069.9254065746713,
    "tokens_per_word": 12.642,
    "chars_in_per_word": 8.994,
    "chars_out_per_word": 12.742,
    "ci95_lat_low_ms": 6.147272670826467,
    "ci95_lat_high_ms": 6.164282092961433,
    "ci95_wps_low": 162.22489252103352,
    "ci95_wps_high": 162.6737666519607,
    "stable_wps": 163.84122689564978,
    "stable_cv": 0.14781160305849406,
    "stable_window_start": 39848,
    "global_cv": 0.1576179189085232,
    "thermal_ratio": 0.9840330778728205,
    "mean_first_ms": 6.204542689878963,
    "mean_last_ms": 6.105475239914904,
    "loop_overhead_us": 0.10000010433941497,
    "status": "success",
    "device": "cuda",
    "batch_size": 8
  }
}
