{
  "artifact_type": "inference_benchmark",
  "generated_by": "python src/benchmark_inference.py",
  "base_name": "exp103_intermediate_sep_distance_aware__20260223_220406",
  "experiment": "exp103_intermediate_sep_distance_aware",
  "raw_csv_path": "C:/Users/leona/OneDrive/Documents/Projects/Acadêmicos/FG2P/results/exp103_intermediate_sep_distance_aware/benchmark_exp103_intermediate_sep_distance_aware__20260223_220406_cuda_raw_b128.csv",
  "benchmark_metadata": {
    "benchmark_date": "2026-03-15 09:12:54",
    "devices": [
      "cuda"
    ],
    "test_words": 1000,
    "warmup_runs": 20,
    "benchmark_runs": 50,
    "loop_overhead_us": 0.10000010433941497,
    "force": true,
    "selected_models": 19,
    "cpu_quantize": false,
    "cpu_threads": null,
    "batch_size": 128,
    "sweep_mode": true,
    "sweep_batch_sizes": [
      1,
      4,
      8,
      16,
      32,
      64,
      128,
      256,
      512
    ]
  },
  "result": {
    "model_index": 7,
    "base_name": "exp103_intermediate_sep_distance_aware__20260223_220406",
    "experiment": "exp103_intermediate_sep_distance_aware",
    "params": 9679340,
    "n": 50000,
    "total_time_s": 68.02006829477341,
    "mean_lat_ms": 1.3604013658954683,
    "p50_ms": 1.3449980768894843,
    "p95_ms": 1.5115062497875442,
    "p99_ms": 2.2274640623186315,
    "throughput_wps": 735.0771802127394,
    "throughput_tps": 9292.845712249453,
    "throughput_cps_in": 6611.284158833379,
    "throughput_cps_out": 9366.353430270727,
    "tokens_per_word": 12.642,
    "chars_in_per_word": 8.994,
    "chars_out_per_word": 12.742,
    "ci95_lat_low_ms": 1.3589944425455047,
    "ci95_lat_high_ms": 1.3618082892454317,
    "ci95_wps_low": 734.3177508150526,
    "ci95_wps_high": 735.8381820362124,
    "stable_wps": 738.8680004923806,
    "stable_cv": 0.034961165302255966,
    "stable_window_start": 31128,
    "global_cv": 0.117986497480059,
    "thermal_ratio": 1.0149231846125246,
    "mean_first_ms": 1.3518944198957799,
    "mean_last_ms": 1.3720689899005265,
    "loop_overhead_us": 0.10000010433941497,
    "status": "success",
    "device": "cuda",
    "batch_size": 128
  }
}
