{
  "artifact_type": "inference_benchmark",
  "generated_by": "python src/benchmark_inference.py",
  "base_name": "exp103_intermediate_sep_distance_aware__20260223_220406",
  "experiment": "exp103_intermediate_sep_distance_aware",
  "raw_csv_path": "C:/Users/leona/OneDrive/Documents/Projects/Acadêmicos/FG2P/results/exp103_intermediate_sep_distance_aware/benchmark_exp103_intermediate_sep_distance_aware__20260223_220406_cuda_raw_b32.csv",
  "benchmark_metadata": {
    "benchmark_date": "2026-03-15 06:34:55",
    "devices": [
      "cuda"
    ],
    "test_words": 1000,
    "warmup_runs": 20,
    "benchmark_runs": 50,
    "loop_overhead_us": 0.10000010433941497,
    "force": true,
    "selected_models": 19,
    "cpu_quantize": false,
    "cpu_threads": null,
    "batch_size": 32,
    "sweep_mode": true,
    "sweep_batch_sizes": [
      1,
      4,
      8,
      16,
      32,
      64,
      128,
      256,
      512
    ]
  },
  "result": {
    "model_index": 7,
    "base_name": "exp103_intermediate_sep_distance_aware__20260223_220406",
    "experiment": "exp103_intermediate_sep_distance_aware",
    "params": 9679340,
    "n": 50000,
    "total_time_s": 122.53667389468774,
    "mean_lat_ms": 2.4507334778937544,
    "p50_ms": 2.391546874807773,
    "p95_ms": 3.0340749997071725,
    "p99_ms": 4.337346874965533,
    "throughput_wps": 408.0411064770024,
    "throughput_tps": 5158.455668082264,
    "throughput_cps_in": 3669.9217116541595,
    "throughput_cps_out": 5199.259778729965,
    "tokens_per_word": 12.642,
    "chars_in_per_word": 8.994,
    "chars_out_per_word": 12.742,
    "ci95_lat_low_ms": 2.4472123523229192,
    "ci95_lat_high_ms": 2.45425460346459,
    "ci95_wps_low": 407.4556888223142,
    "ci95_wps_high": 408.62820876610465,
    "stable_wps": 410.7840153655081,
    "stable_cv": 0.1477419510642204,
    "stable_window_start": 9064,
    "global_cv": 0.16391336292936082,
    "thermal_ratio": 0.9877864019011665,
    "mean_first_ms": 2.4608129198918505,
    "mean_last_ms": 2.430757539891874,
    "loop_overhead_us": 0.10000010433941497,
    "status": "success",
    "device": "cuda",
    "batch_size": 32
  }
}
