{
  "artifact_type": "inference_benchmark",
  "generated_by": "python src/benchmark_inference.py",
  "base_name": "exp103_intermediate_sep_distance_aware__20260223_220406",
  "experiment": "exp103_intermediate_sep_distance_aware",
  "raw_csv_path": "C:/Users/leona/OneDrive/Documents/Projects/Acadêmicos/FG2P/results/exp103_intermediate_sep_distance_aware/benchmark_exp103_intermediate_sep_distance_aware__20260223_220406_cuda_raw_b512.csv",
  "benchmark_metadata": {
    "benchmark_date": "2026-03-15 11:19:26",
    "devices": [
      "cuda"
    ],
    "test_words": 1000,
    "warmup_runs": 20,
    "benchmark_runs": 50,
    "loop_overhead_us": 0.10000010433941497,
    "force": true,
    "selected_models": 19,
    "cpu_quantize": false,
    "cpu_threads": null,
    "batch_size": 512,
    "sweep_mode": true,
    "sweep_batch_sizes": [
      1,
      4,
      8,
      16,
      32,
      64,
      128,
      256,
      512
    ]
  },
  "result": {
    "model_index": 7,
    "base_name": "exp103_intermediate_sep_distance_aware__20260223_220406",
    "experiment": "exp103_intermediate_sep_distance_aware",
    "params": 9679340,
    "n": 50000,
    "total_time_s": 45.42941289485043,
    "mean_lat_ms": 0.9085882578970086,
    "p50_ms": 0.9087390623994906,
    "p95_ms": 0.9432915982478572,
    "p99_ms": 0.9555415982500101,
    "throughput_wps": 1100.608544418756,
    "throughput_tps": 13913.893218541914,
    "throughput_cps_in": 9898.873248502292,
    "throughput_cps_out": 14023.95407298379,
    "tokens_per_word": 12.642,
    "chars_in_per_word": 8.994,
    "chars_out_per_word": 12.742,
    "ci95_lat_low_ms": 0.9083822455809716,
    "ci95_lat_high_ms": 0.9087942702130455,
    "ci95_wps_low": 1100.3590502012887,
    "ci95_wps_high": 1100.8581518019791,
    "stable_wps": 1081.1586441051275,
    "stable_cv": 0.01770721405833366,
    "stable_window_start": 512,
    "global_cv": 0.02586753202670894,
    "thermal_ratio": 0.9848188706513452,
    "mean_first_ms": 0.9233594999001979,
    "mean_last_ms": 0.9093418598969039,
    "loop_overhead_us": 0.10000010433941497,
    "status": "success",
    "device": "cuda",
    "batch_size": 512
  }
}
