{
  "artifact_type": "inference_benchmark",
  "generated_by": "python src/benchmark_inference.py",
  "base_name": "exp103_intermediate_sep_distance_aware__20260223_220406",
  "experiment": "exp103_intermediate_sep_distance_aware",
  "raw_csv_path": "C:/Users/leona/OneDrive/Documents/Projects/Acadêmicos/FG2P/results/exp103_intermediate_sep_distance_aware/benchmark_exp103_intermediate_sep_distance_aware__20260223_220406_cpu_raw_b4.csv",
  "benchmark_metadata": {
    "benchmark_date": "2026-03-15 15:32:05",
    "devices": [
      "cpu"
    ],
    "test_words": 500,
    "warmup_runs": 20,
    "benchmark_runs": 200,
    "adaptive": true,
    "adaptive_min_runs": 10,
    "adaptive_max_runs": 80,
    "adaptive_cv_target": 0.03,
    "loop_overhead_us": 0.100000761449337,
    "force": true,
    "selected_models": 19,
    "cpu_quantize": false,
    "cpu_threads": null,
    "batch_size": 4,
    "sweep_mode": true,
    "sweep_batch_sizes": [
      1,
      4,
      8,
      16,
      32,
      64,
      128
    ]
  },
  "result": {
    "model_index": 7,
    "base_name": "exp103_intermediate_sep_distance_aware__20260223_220406",
    "experiment": "exp103_intermediate_sep_distance_aware",
    "params": 9679340,
    "n": 4904,
    "total_time_s": 55.14434839633759,
    "mean_lat_ms": 11.24476924884535,
    "p50_ms": 11.079924999648938,
    "p95_ms": 14.639749999332707,
    "p99_ms": 15.959625001414679,
    "throughput_wps": 88.93023750600159,
    "throughput_tps": 1109.6332041175035,
    "throughput_cps_in": 784.9036439584557,
    "throughput_cps_out": 1119.6614303289266,
    "tokens_per_word": 12.477569331158238,
    "chars_in_per_word": 8.826060358890702,
    "chars_out_per_word": 12.590334420880913,
    "ci95_lat_low_ms": 11.190378261766217,
    "ci95_lat_high_ms": 11.29916023592448,
    "ci95_wps_low": 88.5021522945224,
    "ci95_wps_high": 89.36248414556869,
    "stable_wps": 89.68653531495079,
    "stable_cv": 0.16777569923518884,
    "stable_window_start": 3584,
    "global_cv": 0.1728206172672611,
    "thermal_ratio": 0.9914003670355733,
    "mean_first_ms": 11.287560509336632,
    "mean_last_ms": 11.19049163189258,
    "loop_overhead_us": 0.100000761449337,
    "status": "success",
    "device": "cpu",
    "batch_size": 4,
    "adaptive": true,
    "runs_executed": 10,
    "max_runs": 80,
    "min_runs": 10,
    "cv_target": 0.03,
    "converged": true,
    "final_run_cv": 0.008461668507734837,
    "n_samples_raw": 5000,
    "n_samples_clean": 4904,
    "n_outliers_removed": 96
  }
}
