{
  "artifact_type": "inference_benchmark",
  "generated_by": "python src/benchmark_inference.py",
  "base_name": "exp103_intermediate_sep_distance_aware__20260223_220406",
  "experiment": "exp103_intermediate_sep_distance_aware",
  "raw_csv_path": "C:/Users/leona/OneDrive/Documents/Projects/Acadêmicos/FG2P/results/exp103_intermediate_sep_distance_aware/benchmark_exp103_intermediate_sep_distance_aware__20260223_220406_cuda_raw_b4.csv",
  "benchmark_metadata": {
    "benchmark_date": "2026-03-14 21:57:11",
    "devices": [
      "cuda"
    ],
    "test_words": 1000,
    "warmup_runs": 20,
    "benchmark_runs": 50,
    "loop_overhead_us": 0.10000010433941497,
    "force": true,
    "selected_models": 19,
    "cpu_quantize": false,
    "cpu_threads": null,
    "batch_size": 4,
    "sweep_mode": true,
    "sweep_batch_sizes": [
      1,
      4,
      8,
      16,
      32,
      64,
      128,
      256,
      512
    ]
  },
  "result": {
    "model_index": 7,
    "base_name": "exp103_intermediate_sep_distance_aware__20260223_220406",
    "experiment": "exp103_intermediate_sep_distance_aware",
    "params": 9679340,
    "n": 50000,
    "total_time_s": 518.9743944945048,
    "mean_lat_ms": 10.379487889890097,
    "p50_ms": 10.011524999501944,
    "p95_ms": 14.436724998379304,
    "p99_ms": 18.063649999678546,
    "throughput_wps": 96.34386692372628,
    "throughput_tps": 1217.9791656497475,
    "throughput_cps_in": 866.5167391119942,
    "throughput_cps_out": 1227.6135523421203,
    "tokens_per_word": 12.642,
    "chars_in_per_word": 8.994,
    "chars_out_per_word": 12.742,
    "ci95_lat_low_ms": 10.358278907611677,
    "ci95_lat_high_ms": 10.400696872168517,
    "ci95_wps_low": 96.14740361061044,
    "ci95_wps_high": 96.54113476951852,
    "stable_wps": 97.34088871621165,
    "stable_cv": 0.19789921174965255,
    "stable_window_start": 20164,
    "global_cv": 0.23311640311512224,
    "thermal_ratio": 0.9933875146196756,
    "mean_first_ms": 10.356703429900609,
    "mean_last_ms": 10.288219879882035,
    "loop_overhead_us": 0.10000010433941497,
    "status": "success",
    "device": "cuda",
    "batch_size": 4
  }
}
