{
  "artifact_type": "inference_benchmark",
  "generated_by": "python src/benchmark_inference.py",
  "base_name": "exp103_intermediate_sep_distance_aware__20260223_220406",
  "experiment": "exp103_intermediate_sep_distance_aware",
  "raw_csv_path": "C:/Users/leona/OneDrive/Documents/Projects/Acadêmicos/FG2P/results/exp103_intermediate_sep_distance_aware/benchmark_exp103_intermediate_sep_distance_aware__20260223_220406_cpu_raw_b8.csv",
  "benchmark_metadata": {
    "benchmark_date": "2026-03-15 16:15:46",
    "devices": [
      "cpu"
    ],
    "test_words": 500,
    "warmup_runs": 20,
    "benchmark_runs": 200,
    "adaptive": true,
    "adaptive_min_runs": 10,
    "adaptive_max_runs": 80,
    "adaptive_cv_target": 0.03,
    "loop_overhead_us": 0.100000761449337,
    "force": true,
    "selected_models": 19,
    "cpu_quantize": false,
    "cpu_threads": null,
    "batch_size": 8,
    "sweep_mode": true,
    "sweep_batch_sizes": [
      1,
      4,
      8,
      16,
      32,
      64,
      128
    ]
  },
  "result": {
    "model_index": 7,
    "base_name": "exp103_intermediate_sep_distance_aware__20260223_220406",
    "experiment": "exp103_intermediate_sep_distance_aware",
    "params": 9679340,
    "n": 4864,
    "total_time_s": 36.68994129615021,
    "mean_lat_ms": 7.543162273057198,
    "p50_ms": 7.552587499958463,
    "p95_ms": 9.639037498345715,
    "p99_ms": 10.16012499894714,
    "throughput_wps": 132.5703947231545,
    "throughput_tps": 1657.8385751296455,
    "throughput_cps_in": 1172.7192380249112,
    "throughput_cps_out": 1673.2651465550782,
    "tokens_per_word": 12.505345394736842,
    "chars_in_per_word": 8.846011513157896,
    "chars_out_per_word": 12.62171052631579,
    "ci95_lat_low_ms": 7.51333247757636,
    "ci95_lat_high_ms": 7.572992068538035,
    "ci95_wps_low": 132.04820379444155,
    "ci95_wps_high": 133.09673210715928,
    "stable_wps": 133.41608975520552,
    "stable_cv": 0.1361222080760642,
    "stable_window_start": 2080,
    "global_cv": 0.1407140739540585,
    "thermal_ratio": 1.0000881240744401,
    "mean_first_ms": 7.553417694626985,
    "mean_last_ms": 7.554083332570184,
    "loop_overhead_us": 0.100000761449337,
    "status": "success",
    "device": "cpu",
    "batch_size": 8,
    "adaptive": true,
    "runs_executed": 10,
    "max_runs": 80,
    "min_runs": 10,
    "cv_target": 0.03,
    "converged": true,
    "final_run_cv": 0.002002163030498914,
    "n_samples_raw": 5000,
    "n_samples_clean": 4864,
    "n_outliers_removed": 136
  }
}
