{
  "artifact_type": "inference_benchmark",
  "generated_by": "python src/benchmark_inference.py",
  "base_name": "exp103_intermediate_sep_distance_aware__20260223_220406",
  "experiment": "exp103_intermediate_sep_distance_aware",
  "raw_csv_path": "C:/Users/leona/OneDrive/Documents/Projects/Acadêmicos/FG2P/results/exp103_intermediate_sep_distance_aware/benchmark_exp103_intermediate_sep_distance_aware__20260223_220406_cuda_raw.csv",
  "benchmark_metadata": {
    "benchmark_date": "2026-03-14 11:37:52",
    "devices": [
      "cuda"
    ],
    "test_words": 1000,
    "warmup_runs": 20,
    "benchmark_runs": 50,
    "loop_overhead_us": 0.10000010433941497,
    "force": true,
    "selected_models": 19,
    "cpu_quantize": false,
    "cpu_threads": null,
    "batch_size": 1,
    "sweep_mode": true,
    "sweep_batch_sizes": [
      1,
      4,
      8,
      16,
      32,
      64,
      128,
      256,
      512
    ]
  },
  "result": {
    "model_index": 7,
    "base_name": "exp103_intermediate_sep_distance_aware__20260223_220406",
    "experiment": "exp103_intermediate_sep_distance_aware",
    "params": 9679340,
    "n": 50000,
    "total_time_s": 1630.216408094716,
    "mean_lat_ms": 32.60432816189432,
    "p50_ms": 31.651899997743843,
    "p95_ms": 49.71279999947228,
    "p99_ms": 60.73410000019294,
    "throughput_wps": 30.670774598837795,
    "throughput_tps": 387.7399324785074,
    "throughput_cps_in": 275.8529467419471,
    "throughput_cps_out": 390.80700993839116,
    "tokens_per_word": 12.642,
    "chars_in_per_word": 8.994,
    "chars_out_per_word": 12.742,
    "ci95_lat_low_ms": 32.521265431856904,
    "ci95_lat_high_ms": 32.687390891931734,
    "ci95_wps_low": 30.59283634188225,
    "ci95_wps_high": 30.749110980793155,
    "stable_wps": 30.55122581387561,
    "stable_cv": 0.280584348430674,
    "stable_window_start": 281,
    "global_cv": 0.2906430057291792,
    "thermal_ratio": 0.9847658355179867,
    "mean_first_ms": 32.73949946988951,
    "mean_last_ms": 32.24074054990642,
    "loop_overhead_us": 0.10000010433941497,
    "status": "success",
    "device": "cuda",
    "batch_size": 1
  }
}
