{
  "artifact_type": "inference_benchmark",
  "generated_by": "python src/benchmark_inference.py",
  "base_name": "exp103_intermediate_sep_distance_aware__20260223_220406",
  "experiment": "exp103_intermediate_sep_distance_aware",
  "raw_csv_path": "C:/Users/leona/OneDrive/Documents/Projects/Acadêmicos/FG2P/results/exp103_intermediate_sep_distance_aware/benchmark_exp103_intermediate_sep_distance_aware__20260223_220406_cpu_raw_b64.csv",
  "benchmark_metadata": {
    "benchmark_date": "2026-03-15 17:19:58",
    "devices": [
      "cpu"
    ],
    "test_words": 500,
    "warmup_runs": 20,
    "benchmark_runs": 200,
    "adaptive": true,
    "adaptive_min_runs": 10,
    "adaptive_max_runs": 80,
    "adaptive_cv_target": 0.03,
    "loop_overhead_us": 0.100000761449337,
    "force": true,
    "selected_models": 19,
    "cpu_quantize": false,
    "cpu_threads": null,
    "batch_size": 64,
    "sweep_mode": true,
    "sweep_batch_sizes": [
      1,
      4,
      8,
      16,
      32,
      64,
      128
    ]
  },
  "result": {
    "model_index": 7,
    "base_name": "exp103_intermediate_sep_distance_aware__20260223_220406",
    "experiment": "exp103_intermediate_sep_distance_aware",
    "params": 9679340,
    "n": 4552,
    "total_time_s": 15.541874396571075,
    "mean_lat_ms": 3.4142957813205346,
    "p50_ms": 3.411621153085994,
    "p95_ms": 3.9039546866206365,
    "p99_ms": 3.989176561617569,
    "throughput_wps": 292.88616571269455,
    "throughput_tps": 3704.508126297976,
    "throughput_cps_in": 2622.1418961532163,
    "throughput_cps_out": 3739.9607355483486,
    "tokens_per_word": 12.64828646748682,
    "chars_in_per_word": 8.952768014059753,
    "chars_out_per_word": 12.76933216168717,
    "ci95_lat_low_ms": 3.4057997904210495,
    "ci95_lat_high_ms": 3.4227917722200196,
    "ci95_wps_low": 292.15916904913,
    "ci95_wps_high": 293.61678945795364,
    "stable_wps": 291.2606606318415,
    "stable_cv": 0.06757801064968358,
    "stable_window_start": 256,
    "global_cv": 0.08565603210122752,
    "thermal_ratio": 0.995115834585111,
    "mean_first_ms": 3.468195775337665,
    "mean_last_ms": 3.4512565334796967,
    "loop_overhead_us": 0.100000761449337,
    "status": "success",
    "device": "cpu",
    "batch_size": 64,
    "adaptive": true,
    "runs_executed": 10,
    "max_runs": 80,
    "min_runs": 10,
    "cv_target": 0.03,
    "converged": true,
    "final_run_cv": 0.007292660492050445,
    "n_samples_raw": 5000,
    "n_samples_clean": 4552,
    "n_outliers_removed": 448
  }
}
