{
  "artifact_type": "inference_benchmark",
  "generated_by": "python src/benchmark_inference.py",
  "base_name": "exp103_intermediate_sep_distance_aware__20260223_220406",
  "experiment": "exp103_intermediate_sep_distance_aware",
  "raw_csv_path": "C:/Users/leona/OneDrive/Documents/Projects/Acadêmicos/FG2P/results/exp103_intermediate_sep_distance_aware/benchmark_exp103_intermediate_sep_distance_aware__20260223_220406_cuda_raw_b256.csv",
  "benchmark_metadata": {
    "benchmark_date": "2026-03-15 10:17:42",
    "devices": [
      "cuda"
    ],
    "test_words": 1000,
    "warmup_runs": 20,
    "benchmark_runs": 50,
    "loop_overhead_us": 0.10000010433941497,
    "force": true,
    "selected_models": 19,
    "cpu_quantize": false,
    "cpu_threads": null,
    "batch_size": 256,
    "sweep_mode": true,
    "sweep_batch_sizes": [
      1,
      4,
      8,
      16,
      32,
      64,
      128,
      256,
      512
    ]
  },
  "result": {
    "model_index": 7,
    "base_name": "exp103_intermediate_sep_distance_aware__20260223_220406",
    "experiment": "exp103_intermediate_sep_distance_aware",
    "params": 9679340,
    "n": 50000,
    "total_time_s": 59.86828819478706,
    "mean_lat_ms": 1.1973657638957413,
    "p50_ms": 1.203413281164103,
    "p95_ms": 1.2537082029984958,
    "p99_ms": 1.2667405171340573,
    "throughput_wps": 835.1666885366812,
    "throughput_tps": 10558.177276480725,
    "throughput_cps_in": 7511.489196698912,
    "throughput_cps_out": 10641.693945334393,
    "tokens_per_word": 12.642,
    "chars_in_per_word": 8.994,
    "chars_out_per_word": 12.742,
    "ci95_lat_low_ms": 1.1970488123257832,
    "ci95_lat_high_ms": 1.1976827154656993,
    "ci95_wps_low": 834.9456722443944,
    "ci95_wps_high": 835.3878218692428,
    "stable_wps": 832.9279334989557,
    "stable_cv": 0.023954790122703074,
    "stable_window_start": 34000,
    "global_cv": 0.03019916964983997,
    "thermal_ratio": 0.9948758322805884,
    "mean_first_ms": 1.1976071698948545,
    "mean_last_ms": 1.1914704298943435,
    "loop_overhead_us": 0.10000010433941497,
    "status": "success",
    "device": "cuda",
    "batch_size": 256
  }
}
