{
  "artifact_type": "inference_benchmark",
  "generated_by": "python src/benchmark_inference.py",
  "base_name": "exp103_intermediate_sep_distance_aware__20260223_220406",
  "experiment": "exp103_intermediate_sep_distance_aware",
  "raw_csv_path": "C:/Users/leona/OneDrive/Documents/Projects/Acadêmicos/FG2P/results/exp103_intermediate_sep_distance_aware/benchmark_exp103_intermediate_sep_distance_aware__20260223_220406_cpu_raw_b128.csv",
  "benchmark_metadata": {
    "benchmark_date": "2026-03-15 17:32:27",
    "devices": [
      "cpu"
    ],
    "test_words": 500,
    "warmup_runs": 20,
    "benchmark_runs": 200,
    "adaptive": true,
    "adaptive_min_runs": 10,
    "adaptive_max_runs": 80,
    "adaptive_cv_target": 0.03,
    "loop_overhead_us": 0.100000761449337,
    "force": true,
    "selected_models": 19,
    "cpu_quantize": false,
    "cpu_threads": null,
    "batch_size": 128,
    "sweep_mode": true,
    "sweep_batch_sizes": [
      1,
      4,
      8,
      16,
      32,
      64,
      128
    ]
  },
  "result": {
    "model_index": 7,
    "base_name": "exp103_intermediate_sep_distance_aware__20260223_220406",
    "experiment": "exp103_intermediate_sep_distance_aware",
    "params": 9679340,
    "n": 5000,
    "total_time_s": 15.712913296199986,
    "mean_lat_ms": 3.1425826592399972,
    "p50_ms": 3.0874398429432404,
    "p95_ms": 3.4820203117078563,
    "p99_ms": 3.502605467929243,
    "throughput_wps": 318.209609239631,
    "throughput_tps": 3996.076272831286,
    "throughput_cps_in": 2825.7013300479234,
    "throughput_cps_out": 4034.261425940042,
    "tokens_per_word": 12.558,
    "chars_in_per_word": 8.88,
    "chars_out_per_word": 12.678,
    "ci95_lat_low_ms": 3.1373440187169868,
    "ci95_lat_high_ms": 3.147821299763008,
    "ci95_wps_low": 317.68004113679757,
    "ci95_wps_high": 318.74094585551666,
    "stable_wps": 319.109913180076,
    "stable_cv": 0.05373397844737688,
    "stable_window_start": 0,
    "global_cv": 0.060139639318113836,
    "thermal_ratio": 1.0032098628012336,
    "mean_first_ms": 3.1337164992291946,
    "mean_last_ms": 3.1437752992496826,
    "loop_overhead_us": 0.100000761449337,
    "status": "success",
    "device": "cpu",
    "batch_size": 128,
    "adaptive": true,
    "runs_executed": 10,
    "max_runs": 80,
    "min_runs": 10,
    "cv_target": 0.03,
    "converged": true,
    "final_run_cv": 0.009038366313842866,
    "n_samples_raw": 5000,
    "n_samples_clean": 5000,
    "n_outliers_removed": 0
  }
}
