{
  "artifact_type": "inference_benchmark",
  "generated_by": "python src/benchmark_inference.py",
  "base_name": "exp103_intermediate_sep_distance_aware__20260223_220406",
  "experiment": "exp103_intermediate_sep_distance_aware",
  "raw_csv_path": "C:/Users/leona/OneDrive/Documents/Projects/Acadêmicos/FG2P/results/exp103_intermediate_sep_distance_aware/benchmark_exp103_intermediate_sep_distance_aware__20260223_220406_cpu_raw.csv",
  "benchmark_metadata": {
    "benchmark_date": "2026-03-15 13:37:48",
    "devices": [
      "cpu"
    ],
    "test_words": 500,
    "warmup_runs": 20,
    "benchmark_runs": 200,
    "adaptive": true,
    "adaptive_min_runs": 10,
    "adaptive_max_runs": 80,
    "adaptive_cv_target": 0.03,
    "loop_overhead_us": 0.100000761449337,
    "force": true,
    "selected_models": 19,
    "cpu_quantize": false,
    "cpu_threads": null,
    "batch_size": 1,
    "sweep_mode": true,
    "sweep_batch_sizes": [
      1,
      4,
      8,
      16,
      32,
      64,
      128
    ]
  },
  "result": {
    "model_index": 7,
    "base_name": "exp103_intermediate_sep_distance_aware__20260223_220406",
    "experiment": "exp103_intermediate_sep_distance_aware",
    "params": 9679340,
    "n": 4935,
    "total_time_s": 144.63224549606093,
    "mean_lat_ms": 29.307445895858343,
    "p50_ms": 29.004999989410862,
    "p95_ms": 42.2446000011405,
    "p99_ms": 47.834400000283495,
    "throughput_wps": 34.12102178925518,
    "throughput_tps": 423.0799279242784,
    "throughput_cps_in": 299.4007308085344,
    "throughput_cps_out": 427.221466333957,
    "tokens_per_word": 12.399392097264437,
    "chars_in_per_word": 8.77467071935157,
    "chars_out_per_word": 12.520770010131713,
    "ci95_lat_low_ms": 29.10107766194623,
    "ci95_lat_high_ms": 29.51381412977046,
    "ci95_wps_low": 33.88243876589655,
    "ci95_wps_high": 34.36298860188402,
    "stable_wps": 34.225602892837415,
    "stable_cv": 0.251350523268842,
    "stable_window_start": 817,
    "global_cv": 0.2523785162340316,
    "thermal_ratio": 1.0020401413712103,
    "mean_first_ms": 29.321378317177757,
    "mean_last_ms": 29.38119807414354,
    "loop_overhead_us": 0.100000761449337,
    "status": "success",
    "device": "cpu",
    "batch_size": 1,
    "adaptive": true,
    "runs_executed": 10,
    "max_runs": 80,
    "min_runs": 10,
    "cv_target": 0.03,
    "converged": true,
    "final_run_cv": 0.003372509368231431,
    "n_samples_raw": 5000,
    "n_samples_clean": 4935,
    "n_outliers_removed": 65
  }
}
