{
  "artifact_type": "inference_benchmark",
  "generated_by": "python src/benchmark_inference.py",
  "base_name": "exp0_baseline_70split__20260307_093251",
  "experiment": "exp0_baseline_70split",
  "raw_csv_path": "C:/Users/leona/OneDrive/Documents/Projects/Acadêmicos/FG2P/results/exp0_baseline_70split/benchmark_exp0_baseline_70split__20260307_093251_cuda_raw.csv",
  "benchmark_metadata": {
    "benchmark_date": "2026-03-14 11:37:52",
    "devices": [
      "cuda"
    ],
    "test_words": 1000,
    "warmup_runs": 20,
    "benchmark_runs": 50,
    "loop_overhead_us": 0.10000010433941497,
    "force": true,
    "selected_models": 19,
    "cpu_quantize": false,
    "cpu_threads": null,
    "batch_size": 1,
    "sweep_mode": true,
    "sweep_batch_sizes": [
      1,
      4,
      8,
      16,
      32,
      64,
      128,
      256,
      512
    ]
  },
  "result": {
    "model_index": 10,
    "base_name": "exp0_baseline_70split__20260307_093251",
    "experiment": "exp0_baseline_70split",
    "params": 4321963,
    "n": 50000,
    "total_time_s": 1216.9408564947562,
    "mean_lat_ms": 24.338817129895126,
    "p50_ms": 23.646300004404566,
    "p95_ms": 35.61790000160045,
    "p99_ms": 43.94480000403064,
    "throughput_wps": 41.08663106604758,
    "throughput_tps": 387.32367105963056,
    "throughput_cps_in": 359.30258867258607,
    "throughput_cps_out": 390.4873416517162,
    "tokens_per_word": 9.427,
    "chars_in_per_word": 8.745,
    "chars_out_per_word": 9.504,
    "ci95_lat_low_ms": 24.2841327904052,
    "ci95_lat_high_ms": 24.39350146938505,
    "ci95_wps_low": 40.99452476123796,
    "ci95_wps_high": 41.179152190895024,
    "stable_wps": 41.36902417392528,
    "stable_cv": 0.23832977116408627,
    "stable_window_start": 15578,
    "global_cv": 0.25632586639980787,
    "thermal_ratio": 1.0017560675207933,
    "mean_first_ms": 23.976407209906846,
    "mean_last_ms": 24.01851139987348,
    "loop_overhead_us": 0.10000010433941497,
    "status": "success",
    "device": "cuda",
    "batch_size": 1
  }
}
