{
  "artifact_type": "inference_benchmark",
  "generated_by": "python src/benchmark_inference.py",
  "base_name": "exp0_baseline_70split__20260307_093251",
  "experiment": "exp0_baseline_70split",
  "raw_csv_path": "C:/Users/leona/OneDrive/Documents/Projects/Acadêmicos/FG2P/results/exp0_baseline_70split/benchmark_exp0_baseline_70split__20260307_093251_cuda_raw_b8.csv",
  "benchmark_metadata": {
    "benchmark_date": "2026-03-15 02:00:06",
    "devices": [
      "cuda"
    ],
    "test_words": 1000,
    "warmup_runs": 20,
    "benchmark_runs": 50,
    "loop_overhead_us": 0.10000010433941497,
    "force": true,
    "selected_models": 19,
    "cpu_quantize": false,
    "cpu_threads": null,
    "batch_size": 8,
    "sweep_mode": true,
    "sweep_batch_sizes": [
      1,
      4,
      8,
      16,
      32,
      64,
      128,
      256,
      512
    ]
  },
  "result": {
    "model_index": 10,
    "base_name": "exp0_baseline_70split__20260307_093251",
    "experiment": "exp0_baseline_70split",
    "params": 4321963,
    "n": 50000,
    "total_time_s": 263.9816772947497,
    "mean_lat_ms": 5.279633545894995,
    "p50_ms": 5.2388499995890925,
    "p95_ms": 6.505187501463752,
    "p99_ms": 7.160300000325606,
    "throughput_wps": 189.4070850386041,
    "throughput_tps": 1785.5405906589208,
    "throughput_cps_in": 1656.3649586625927,
    "throughput_cps_out": 1800.1249362068932,
    "tokens_per_word": 9.427,
    "chars_in_per_word": 8.745,
    "chars_out_per_word": 9.504,
    "ci95_lat_low_ms": 5.273338682943164,
    "ci95_lat_high_ms": 5.285928408846825,
    "ci95_wps_low": 189.18152548686513,
    "ci95_wps_high": 189.63318309793794,
    "stable_wps": 189.13482719070012,
    "stable_cv": 0.13057302865053858,
    "stable_window_start": 17376,
    "global_cv": 0.1360227123196015,
    "thermal_ratio": 0.9957703393780507,
    "mean_first_ms": 5.246101749874015,
    "mean_last_ms": 5.223912519883834,
    "loop_overhead_us": 0.10000010433941497,
    "status": "success",
    "device": "cuda",
    "batch_size": 8
  }
}
