{
  "artifact_type": "inference_benchmark",
  "generated_by": "python src/benchmark_inference.py",
  "base_name": "exp0_baseline_70split__20260307_093251",
  "experiment": "exp0_baseline_70split",
  "raw_csv_path": "C:/Users/leona/OneDrive/Documents/Projects/Acadêmicos/FG2P/results/exp0_baseline_70split/benchmark_exp0_baseline_70split__20260307_093251_cuda_raw_b128.csv",
  "benchmark_metadata": {
    "benchmark_date": "2026-03-15 09:12:54",
    "devices": [
      "cuda"
    ],
    "test_words": 1000,
    "warmup_runs": 20,
    "benchmark_runs": 50,
    "loop_overhead_us": 0.10000010433941497,
    "force": true,
    "selected_models": 19,
    "cpu_quantize": false,
    "cpu_threads": null,
    "batch_size": 128,
    "sweep_mode": true,
    "sweep_batch_sizes": [
      1,
      4,
      8,
      16,
      32,
      64,
      128,
      256,
      512
    ]
  },
  "result": {
    "model_index": 10,
    "base_name": "exp0_baseline_70split__20260307_093251",
    "experiment": "exp0_baseline_70split",
    "params": 4321963,
    "n": 50000,
    "total_time_s": 58.52698319492357,
    "mean_lat_ms": 1.1705396638984713,
    "p50_ms": 1.1468976561877753,
    "p95_ms": 1.3050273435942472,
    "p99_ms": 1.4754726562136966,
    "throughput_wps": 854.3068046660712,
    "throughput_tps": 8053.5502475870535,
    "throughput_cps_in": 7470.9130068047925,
    "throughput_cps_out": 8119.331871546341,
    "tokens_per_word": 9.427,
    "chars_in_per_word": 8.745,
    "chars_out_per_word": 9.504,
    "ci95_lat_low_ms": 1.169761924419384,
    "ci95_lat_high_ms": 1.1713174033775586,
    "ci95_wps_low": 853.7395560899587,
    "ci95_wps_high": 854.8748075351778,
    "stable_wps": 857.1608184154051,
    "stable_cv": 0.05197760372997779,
    "stable_window_start": 39512,
    "global_cv": 0.07580135016058999,
    "thermal_ratio": 1.0010142125417953,
    "mean_first_ms": 1.1658305798985567,
    "mean_last_ms": 1.167012979894298,
    "loop_overhead_us": 0.10000010433941497,
    "status": "success",
    "device": "cuda",
    "batch_size": 128
  }
}
