{
  "artifact_type": "inference_benchmark",
  "generated_by": "python src/benchmark_inference.py",
  "base_name": "exp0_baseline_70split__20260307_093251",
  "experiment": "exp0_baseline_70split",
  "raw_csv_path": "C:/Users/leona/OneDrive/Documents/Projects/Acadêmicos/FG2P/results/exp0_baseline_70split/benchmark_exp0_baseline_70split__20260307_093251_cuda_raw_b64.csv",
  "benchmark_metadata": {
    "benchmark_date": "2026-03-15 08:01:10",
    "devices": [
      "cuda"
    ],
    "test_words": 1000,
    "warmup_runs": 20,
    "benchmark_runs": 50,
    "loop_overhead_us": 0.10000010433941497,
    "force": true,
    "selected_models": 19,
    "cpu_quantize": false,
    "cpu_threads": null,
    "batch_size": 64,
    "sweep_mode": true,
    "sweep_batch_sizes": [
      1,
      4,
      8,
      16,
      32,
      64,
      128,
      256,
      512
    ]
  },
  "result": {
    "model_index": 10,
    "base_name": "exp0_baseline_70split__20260307_093251",
    "experiment": "exp0_baseline_70split",
    "params": 4321963,
    "n": 50000,
    "total_time_s": 72.08009629489698,
    "mean_lat_ms": 1.4416019258979396,
    "p50_ms": 1.40172187500184,
    "p95_ms": 1.696003124809522,
    "p99_ms": 1.8915921873235675,
    "throughput_wps": 693.6727691849633,
    "throughput_tps": 6539.253195106649,
    "throughput_cps_in": 6066.168366522505,
    "throughput_cps_out": 6592.665998333891,
    "tokens_per_word": 9.427,
    "chars_in_per_word": 8.745,
    "chars_out_per_word": 9.504,
    "ci95_lat_low_ms": 1.4402666592958502,
    "ci95_lat_high_ms": 1.4429371925000287,
    "ci95_wps_low": 693.0308576130074,
    "ci95_wps_high": 694.3158709852398,
    "stable_wps": 697.1684996846795,
    "stable_cv": 0.07006266117168,
    "stable_window_start": 9320,
    "global_cv": 0.1056699649754646,
    "thermal_ratio": 0.9755446295890028,
    "mean_first_ms": 1.4724998798928026,
    "mean_last_ms": 1.4364893498998754,
    "loop_overhead_us": 0.10000010433941497,
    "status": "success",
    "device": "cuda",
    "batch_size": 64
  }
}
