{
  "artifact_type": "inference_benchmark",
  "generated_by": "python src/benchmark_inference.py",
  "base_name": "exp0_baseline_70split__20260307_093251",
  "experiment": "exp0_baseline_70split",
  "raw_csv_path": "C:/Users/leona/OneDrive/Documents/Projects/Acadêmicos/FG2P/results/exp0_baseline_70split/benchmark_exp0_baseline_70split__20260307_093251_cuda_raw_b512.csv",
  "benchmark_metadata": {
    "benchmark_date": "2026-03-15 11:19:26",
    "devices": [
      "cuda"
    ],
    "test_words": 1000,
    "warmup_runs": 20,
    "benchmark_runs": 50,
    "loop_overhead_us": 0.10000010433941497,
    "force": true,
    "selected_models": 19,
    "cpu_quantize": false,
    "cpu_threads": null,
    "batch_size": 512,
    "sweep_mode": true,
    "sweep_batch_sizes": [
      1,
      4,
      8,
      16,
      32,
      64,
      128,
      256,
      512
    ]
  },
  "result": {
    "model_index": 10,
    "base_name": "exp0_baseline_70split__20260307_093251",
    "experiment": "exp0_baseline_70split",
    "params": 4321963,
    "n": 50000,
    "total_time_s": 35.13562049489428,
    "mean_lat_ms": 0.7027124098978856,
    "p50_ms": 0.6804467212230176,
    "p95_ms": 0.9200678277782527,
    "p99_ms": 0.9360839842747737,
    "throughput_wps": 1423.0572648422624,
    "throughput_tps": 13415.160835668008,
    "throughput_cps_in": 12444.635781045585,
    "throughput_cps_out": 13524.736245060863,
    "tokens_per_word": 9.427,
    "chars_in_per_word": 8.745,
    "chars_out_per_word": 9.504,
    "ci95_lat_low_ms": 0.7018762371060706,
    "ci95_lat_high_ms": 0.7035485826897008,
    "ci95_wps_low": 1421.3659505601602,
    "ci95_wps_high": 1424.7526089829362,
    "stable_wps": 1464.2892936453018,
    "stable_cv": 0.07368415281442937,
    "stable_window_start": 38512,
    "global_cv": 0.13575234473507564,
    "thermal_ratio": 1.0479660165807496,
    "mean_first_ms": 0.6934296898959474,
    "mean_last_ms": 0.7266907498990804,
    "loop_overhead_us": 0.10000010433941497,
    "status": "success",
    "device": "cuda",
    "batch_size": 512
  }
}
