{
  "artifact_type": "inference_benchmark",
  "generated_by": "python src/benchmark_inference.py",
  "base_name": "exp0_baseline_70split__20260307_093251",
  "experiment": "exp0_baseline_70split",
  "raw_csv_path": "C:/Users/leona/OneDrive/Documents/Projects/Acadêmicos/FG2P/results/exp0_baseline_70split/benchmark_exp0_baseline_70split__20260307_093251_cuda_raw_b4.csv",
  "benchmark_metadata": {
    "benchmark_date": "2026-03-14 21:57:11",
    "devices": [
      "cuda"
    ],
    "test_words": 1000,
    "warmup_runs": 20,
    "benchmark_runs": 50,
    "loop_overhead_us": 0.10000010433941497,
    "force": true,
    "selected_models": 19,
    "cpu_quantize": false,
    "cpu_threads": null,
    "batch_size": 4,
    "sweep_mode": true,
    "sweep_batch_sizes": [
      1,
      4,
      8,
      16,
      32,
      64,
      128,
      256,
      512
    ]
  },
  "result": {
    "model_index": 10,
    "base_name": "exp0_baseline_70split__20260307_093251",
    "experiment": "exp0_baseline_70split",
    "params": 4321963,
    "n": 50000,
    "total_time_s": 447.15503859462933,
    "mean_lat_ms": 8.943100771892587,
    "p50_ms": 8.773250000306234,
    "p95_ms": 11.644024999188787,
    "p99_ms": 13.523250000364442,
    "throughput_wps": 111.81804001839227,
    "throughput_tps": 1054.1086632533838,
    "throughput_cps_in": 977.8487599608403,
    "throughput_cps_out": 1062.7186523348,
    "tokens_per_word": 9.427,
    "chars_in_per_word": 8.745,
    "chars_out_per_word": 9.504,
    "ci95_lat_low_ms": 8.926861207742176,
    "ci95_lat_high_ms": 8.959340336042999,
    "ci95_wps_low": 111.61536033819898,
    "ci95_wps_high": 112.02145712008048,
    "stable_wps": 111.45007897412859,
    "stable_cv": 0.16568283337649709,
    "stable_window_start": 15460,
    "global_cv": 0.20716442337074928,
    "thermal_ratio": 1.0514894146966487,
    "mean_first_ms": 8.69720567989798,
    "mean_last_ms": 9.145019709852296,
    "loop_overhead_us": 0.10000010433941497,
    "status": "success",
    "device": "cuda",
    "batch_size": 4
  }
}
