{
  "artifact_type": "inference_benchmark",
  "generated_by": "python src/benchmark_inference.py",
  "base_name": "exp0_baseline_70split__20260307_093251",
  "experiment": "exp0_baseline_70split",
  "raw_csv_path": "C:/Users/leona/OneDrive/Documents/Projects/Acadêmicos/FG2P/results/exp0_baseline_70split/benchmark_exp0_baseline_70split__20260307_093251_cuda_raw_b32.csv",
  "benchmark_metadata": {
    "benchmark_date": "2026-03-15 06:34:55",
    "devices": [
      "cuda"
    ],
    "test_words": 1000,
    "warmup_runs": 20,
    "benchmark_runs": 50,
    "loop_overhead_us": 0.10000010433941497,
    "force": true,
    "selected_models": 19,
    "cpu_quantize": false,
    "cpu_threads": null,
    "batch_size": 32,
    "sweep_mode": true,
    "sweep_batch_sizes": [
      1,
      4,
      8,
      16,
      32,
      64,
      128,
      256,
      512
    ]
  },
  "result": {
    "model_index": 10,
    "base_name": "exp0_baseline_70split__20260307_093251",
    "experiment": "exp0_baseline_70split",
    "params": 4321963,
    "n": 50000,
    "total_time_s": 104.64644969509118,
    "mean_lat_ms": 2.0929289939018236,
    "p50_ms": 2.0414656248453866,
    "p95_ms": 2.376712500083613,
    "p99_ms": 3.6170187501943474,
    "throughput_wps": 477.7992960648471,
    "throughput_tps": 4504.213964003314,
    "throughput_cps_in": 4178.354844087088,
    "throughput_cps_out": 4541.004509800307,
    "tokens_per_word": 9.427,
    "chars_in_per_word": 8.745,
    "chars_out_per_word": 9.504,
    "ci95_lat_low_ms": 2.0900641901187367,
    "ci95_lat_high_ms": 2.0957937976849106,
    "ci95_wps_low": 477.1461777893589,
    "ci95_wps_high": 478.4542047692755,
    "stable_wps": 479.18274196979024,
    "stable_cv": 0.14429895455595781,
    "stable_window_start": 10160,
    "global_cv": 0.15615982653209792,
    "thermal_ratio": 1.014406696038222,
    "mean_first_ms": 2.0944101199181206,
    "mean_last_ms": 2.1245836498951576,
    "loop_overhead_us": 0.10000010433941497,
    "status": "success",
    "device": "cuda",
    "batch_size": 32
  }
}
