{
  "artifact_type": "inference_benchmark",
  "generated_by": "python src/benchmark_inference.py",
  "base_name": "exp0_baseline_70split__20260307_093251",
  "experiment": "exp0_baseline_70split",
  "raw_csv_path": "C:/Users/leona/OneDrive/Documents/Projects/Acadêmicos/FG2P/results/exp0_baseline_70split/benchmark_exp0_baseline_70split__20260307_093251_cuda_raw_b256.csv",
  "benchmark_metadata": {
    "benchmark_date": "2026-03-15 10:17:42",
    "devices": [
      "cuda"
    ],
    "test_words": 1000,
    "warmup_runs": 20,
    "benchmark_runs": 50,
    "loop_overhead_us": 0.10000010433941497,
    "force": true,
    "selected_models": 19,
    "cpu_quantize": false,
    "cpu_threads": null,
    "batch_size": 256,
    "sweep_mode": true,
    "sweep_batch_sizes": [
      1,
      4,
      8,
      16,
      32,
      64,
      128,
      256,
      512
    ]
  },
  "result": {
    "model_index": 10,
    "base_name": "exp0_baseline_70split__20260307_093251",
    "experiment": "exp0_baseline_70split",
    "params": 4321963,
    "n": 50000,
    "total_time_s": 53.34724039470621,
    "mean_lat_ms": 1.0669448078941242,
    "p50_ms": 1.0690109374172607,
    "p95_ms": 1.1177222655510377,
    "p99_ms": 1.2564785155041136,
    "throughput_wps": 937.2556036649579,
    "throughput_tps": 8835.508575749558,
    "throughput_cps_in": 8196.300254050057,
    "throughput_cps_out": 8907.67725723176,
    "tokens_per_word": 9.427,
    "chars_in_per_word": 8.745,
    "chars_out_per_word": 9.504,
    "ci95_lat_low_ms": 1.0665644904498983,
    "ci95_lat_high_ms": 1.0673251253383502,
    "ci95_wps_low": 936.9216335865722,
    "ci95_wps_high": 937.5898119186211,
    "stable_wps": 944.9784681411415,
    "stable_cv": 0.024584634560181357,
    "stable_window_start": 20256,
    "global_cv": 0.04066616536750512,
    "thermal_ratio": 1.0149022784198987,
    "mean_first_ms": 1.0578308598976036,
    "mean_last_ms": 1.0735949498929585,
    "loop_overhead_us": 0.10000010433941497,
    "status": "success",
    "device": "cuda",
    "batch_size": 256
  }
}
