{
  "artifact_type": "inference_benchmark",
  "generated_by": "python src/benchmark_inference.py",
  "base_name": "exp0_baseline_70split__20260307_093251",
  "experiment": "exp0_baseline_70split",
  "raw_csv_path": "C:/Users/leona/OneDrive/Documents/Projects/Acadêmicos/FG2P/results/exp0_baseline_70split/benchmark_exp0_baseline_70split__20260307_093251_cpu_raw_b64.csv",
  "benchmark_metadata": {
    "benchmark_date": "2026-03-15 17:19:58",
    "devices": [
      "cpu"
    ],
    "test_words": 500,
    "warmup_runs": 20,
    "benchmark_runs": 200,
    "adaptive": true,
    "adaptive_min_runs": 10,
    "adaptive_max_runs": 80,
    "adaptive_cv_target": 0.03,
    "loop_overhead_us": 0.100000761449337,
    "force": true,
    "selected_models": 19,
    "cpu_quantize": false,
    "cpu_threads": null,
    "batch_size": 64,
    "sweep_mode": true,
    "sweep_batch_sizes": [
      1,
      4,
      8,
      16,
      32,
      64,
      128
    ]
  },
  "result": {
    "model_index": 10,
    "base_name": "exp0_baseline_70split__20260307_093251",
    "experiment": "exp0_baseline_70split",
    "params": 4321963,
    "n": 4552,
    "total_time_s": 7.309847996511962,
    "mean_lat_ms": 1.6058541292864592,
    "p50_ms": 1.6049374992235244,
    "p95_ms": 1.7408937492291443,
    "p99_ms": 1.8351468741002464,
    "throughput_wps": 622.7215671477815,
    "throughput_tps": 5843.62356377079,
    "throughput_cps_in": 5449.908126545105,
    "throughput_cps_out": 5895.7450306168585,
    "tokens_per_word": 9.384007029876978,
    "chars_in_per_word": 8.751757469244287,
    "chars_out_per_word": 9.467706502636204,
    "ci95_lat_low_ms": 1.603692640849023,
    "ci95_lat_high_ms": 1.6080156177238953,
    "ci95_wps_low": 621.884507201164,
    "ci95_wps_high": 623.5608835060704,
    "stable_wps": 625.3530284000558,
    "stable_cv": 0.033998480562801886,
    "stable_window_start": 1962,
    "global_cv": 0.0463331555607665,
    "thermal_ratio": 1.0186258339387742,
    "mean_first_ms": 1.5913362973711067,
    "mean_last_ms": 1.6209762629866848,
    "loop_overhead_us": 0.100000761449337,
    "status": "success",
    "device": "cpu",
    "batch_size": 64,
    "adaptive": true,
    "runs_executed": 10,
    "max_runs": 80,
    "min_runs": 10,
    "cv_target": 0.03,
    "converged": true,
    "final_run_cv": 0.005812469624492637,
    "n_samples_raw": 5000,
    "n_samples_clean": 4552,
    "n_outliers_removed": 448
  }
}
