{
  "artifact_type": "inference_benchmark",
  "generated_by": "python src/benchmark_inference.py",
  "base_name": "exp0_baseline_70split__20260307_093251",
  "experiment": "exp0_baseline_70split",
  "raw_csv_path": "C:/Users/leona/OneDrive/Documents/Projects/Acadêmicos/FG2P/results/exp0_baseline_70split/benchmark_exp0_baseline_70split__20260307_093251_cpu_raw_b16.csv",
  "benchmark_metadata": {
    "benchmark_date": "2026-03-15 16:44:46",
    "devices": [
      "cpu"
    ],
    "test_words": 500,
    "warmup_runs": 20,
    "benchmark_runs": 200,
    "adaptive": true,
    "adaptive_min_runs": 10,
    "adaptive_max_runs": 80,
    "adaptive_cv_target": 0.03,
    "loop_overhead_us": 0.100000761449337,
    "force": true,
    "selected_models": 19,
    "cpu_quantize": false,
    "cpu_threads": null,
    "batch_size": 16,
    "sweep_mode": true,
    "sweep_batch_sizes": [
      1,
      4,
      8,
      16,
      32,
      64,
      128
    ]
  },
  "result": {
    "model_index": 10,
    "base_name": "exp0_baseline_70split__20260307_093251",
    "experiment": "exp0_baseline_70split",
    "params": 4321963,
    "n": 4944,
    "total_time_s": 14.399378796340898,
    "mean_lat_ms": 2.9124957112340004,
    "p50_ms": 2.818262500113633,
    "p95_ms": 3.6316812484074035,
    "p99_ms": 3.746474999388738,
    "throughput_wps": 343.3481450780603,
    "throughput_tps": 3230.8338198465863,
    "throughput_cps_in": 3010.0604069818705,
    "throughput_cps_out": 3260.4878768749704,
    "tokens_per_word": 9.409789644012944,
    "chars_in_per_word": 8.766788025889968,
    "chars_out_per_word": 9.496156957928802,
    "ci95_lat_low_ms": 2.902604074386794,
    "ci95_lat_high_ms": 2.922387348081207,
    "ci95_wps_low": 342.18598730814523,
    "ci95_wps_high": 344.5182237647278,
    "stable_wps": 343.30386088950826,
    "stable_cv": 0.11807744496760265,
    "stable_window_start": 1568,
    "global_cv": 0.12183891667727878,
    "thermal_ratio": 1.0054604605810658,
    "mean_first_ms": 2.919641269499141,
    "mean_last_ms": 2.9355838555620943,
    "loop_overhead_us": 0.100000761449337,
    "status": "success",
    "device": "cpu",
    "batch_size": 16,
    "adaptive": true,
    "runs_executed": 10,
    "max_runs": 80,
    "min_runs": 10,
    "cv_target": 0.03,
    "converged": true,
    "final_run_cv": 0.00759008678648281,
    "n_samples_raw": 5000,
    "n_samples_clean": 4944,
    "n_outliers_removed": 56
  }
}
