{
  "artifact_type": "inference_benchmark",
  "generated_by": "python src/benchmark_inference.py",
  "base_name": "exp0_baseline_70split__20260307_093251",
  "experiment": "exp0_baseline_70split",
  "raw_csv_path": "C:/Users/leona/OneDrive/Documents/Projects/Acadêmicos/FG2P/results/exp0_baseline_70split/benchmark_exp0_baseline_70split__20260307_093251_cpu_raw.csv",
  "benchmark_metadata": {
    "benchmark_date": "2026-03-15 13:37:48",
    "devices": [
      "cpu"
    ],
    "test_words": 500,
    "warmup_runs": 20,
    "benchmark_runs": 200,
    "adaptive": true,
    "adaptive_min_runs": 10,
    "adaptive_max_runs": 80,
    "adaptive_cv_target": 0.03,
    "loop_overhead_us": 0.100000761449337,
    "force": true,
    "selected_models": 19,
    "cpu_quantize": false,
    "cpu_threads": null,
    "batch_size": 1,
    "sweep_mode": true,
    "sweep_batch_sizes": [
      1,
      4,
      8,
      16,
      32,
      64,
      128
    ]
  },
  "result": {
    "model_index": 10,
    "base_name": "exp0_baseline_70split__20260307_093251",
    "experiment": "exp0_baseline_70split",
    "params": 4321963,
    "n": 4890,
    "total_time_s": 89.6239568960882,
    "mean_lat_ms": 18.32800754521231,
    "p50_ms": 18.086600000970066,
    "p95_ms": 26.13309999287594,
    "p99_ms": 28.658299997914582,
    "throughput_wps": 54.56130446984798,
    "throughput_tps": 503.3140865706283,
    "throughput_cps_in": 468.3680731555846,
    "throughput_cps_out": 507.9891758493331,
    "tokens_per_word": 9.22474437627812,
    "chars_in_per_word": 8.584253578732106,
    "chars_out_per_word": 9.31042944785276,
    "ci95_lat_low_ms": 18.20904291458374,
    "ci95_lat_high_ms": 18.44697217584088,
    "ci95_wps_low": 54.20943830064711,
    "ci95_wps_high": 54.91776831384661,
    "stable_wps": 54.49537381614397,
    "stable_cv": 0.22927376371534805,
    "stable_window_start": 710,
    "global_cv": 0.23157995421751323,
    "thermal_ratio": 0.9980386474656537,
    "mean_first_ms": 18.345557667853875,
    "mean_last_ms": 18.309575561828034,
    "loop_overhead_us": 0.100000761449337,
    "status": "success",
    "device": "cpu",
    "batch_size": 1,
    "adaptive": true,
    "runs_executed": 10,
    "max_runs": 80,
    "min_runs": 10,
    "cv_target": 0.03,
    "converged": true,
    "final_run_cv": 0.005457907045761192,
    "n_samples_raw": 5000,
    "n_samples_clean": 4890,
    "n_outliers_removed": 110
  }
}
