{
  "artifact_type": "inference_benchmark",
  "generated_by": "python src/benchmark_inference.py",
  "base_name": "exp0_baseline_70split__20260307_093251",
  "experiment": "exp0_baseline_70split",
  "raw_csv_path": "C:/Users/leona/OneDrive/Documents/Projects/Acadêmicos/FG2P/results/exp0_baseline_70split/benchmark_exp0_baseline_70split__20260307_093251_cpu_raw_b128.csv",
  "benchmark_metadata": {
    "benchmark_date": "2026-03-15 17:32:27",
    "devices": [
      "cpu"
    ],
    "test_words": 500,
    "warmup_runs": 20,
    "benchmark_runs": 200,
    "adaptive": true,
    "adaptive_min_runs": 10,
    "adaptive_max_runs": 80,
    "adaptive_cv_target": 0.03,
    "loop_overhead_us": 0.100000761449337,
    "force": true,
    "selected_models": 19,
    "cpu_quantize": false,
    "cpu_threads": null,
    "batch_size": 128,
    "sweep_mode": true,
    "sweep_batch_sizes": [
      1,
      4,
      8,
      16,
      32,
      64,
      128
    ]
  },
  "result": {
    "model_index": 10,
    "base_name": "exp0_baseline_70split__20260307_093251",
    "experiment": "exp0_baseline_70split",
    "params": 4321963,
    "n": 5000,
    "total_time_s": 7.084373596124351,
    "mean_lat_ms": 1.4168747192248703,
    "p50_ms": 1.3809336199081936,
    "p95_ms": 1.5891656241819874,
    "p99_ms": 1.6468539055267684,
    "throughput_wps": 705.778701836864,
    "throughput_tps": 6634.319797266521,
    "throughput_cps_in": 6182.621428090928,
    "throughput_cps_out": 6695.016765624491,
    "tokens_per_word": 9.4,
    "chars_in_per_word": 8.76,
    "chars_out_per_word": 9.486,
    "ci95_lat_low_ms": 1.4141223684031907,
    "ci95_lat_high_ms": 1.4196270700465499,
    "ci95_wps_low": 704.4103490976752,
    "ci95_wps_high": 707.1523811119596,
    "stable_wps": 706.3209869587155,
    "stable_cv": 0.06002503871838535,
    "stable_window_start": 1384,
    "global_cv": 0.07008115790478012,
    "thermal_ratio": 1.01615025058661,
    "mean_first_ms": 1.4057366992346942,
    "mean_last_ms": 1.4284396991861286,
    "loop_overhead_us": 0.100000761449337,
    "status": "success",
    "device": "cpu",
    "batch_size": 128,
    "adaptive": true,
    "runs_executed": 10,
    "max_runs": 80,
    "min_runs": 10,
    "cv_target": 0.03,
    "converged": true,
    "final_run_cv": 0.012595732228266428,
    "n_samples_raw": 5000,
    "n_samples_clean": 5000,
    "n_outliers_removed": 0
  }
}
