{
  "artifact_type": "inference_benchmark",
  "generated_by": "python src/benchmark_inference.py",
  "base_name": "exp0_baseline_70split__20260307_093251",
  "experiment": "exp0_baseline_70split",
  "raw_csv_path": "C:/Users/leona/OneDrive/Documents/Projects/Acadêmicos/FG2P/results/exp0_baseline_70split/benchmark_exp0_baseline_70split__20260307_093251_cpu_raw_b4.csv",
  "benchmark_metadata": {
    "benchmark_date": "2026-03-15 15:32:05",
    "devices": [
      "cpu"
    ],
    "test_words": 500,
    "warmup_runs": 20,
    "benchmark_runs": 200,
    "adaptive": true,
    "adaptive_min_runs": 10,
    "adaptive_max_runs": 80,
    "adaptive_cv_target": 0.03,
    "loop_overhead_us": 0.100000761449337,
    "force": true,
    "selected_models": 19,
    "cpu_quantize": false,
    "cpu_threads": null,
    "batch_size": 4,
    "sweep_mode": true,
    "sweep_batch_sizes": [
      1,
      4,
      8,
      16,
      32,
      64,
      128
    ]
  },
  "result": {
    "model_index": 10,
    "base_name": "exp0_baseline_70split__20260307_093251",
    "experiment": "exp0_baseline_70split",
    "params": 4321963,
    "n": 4944,
    "total_time_s": 34.15921089652693,
    "mean_lat_ms": 6.909225504960949,
    "p50_ms": 6.716200001392281,
    "p95_ms": 9.1303750014049,
    "p99_ms": 9.76759999684873,
    "throughput_wps": 144.73402254449243,
    "throughput_tps": 1356.061770288426,
    "throughput_cps_in": 1264.022173427608,
    "throughput_cps_out": 1368.649883090637,
    "tokens_per_word": 9.369336569579287,
    "chars_in_per_word": 8.733414239482201,
    "chars_out_per_word": 9.45631067961165,
    "ci95_lat_low_ms": 6.876127516750941,
    "ci95_lat_high_ms": 6.9423234931709565,
    "ci95_wps_low": 144.04399348196358,
    "ci95_wps_high": 145.43069446631102,
    "stable_wps": 144.94427121511282,
    "stable_cv": 0.16724408535547972,
    "stable_window_start": 3944,
    "global_cv": 0.1718523158890854,
    "thermal_ratio": 1.0014134795279508,
    "mean_first_ms": 6.876890586442498,
    "mean_last_ms": 6.886610930502393,
    "loop_overhead_us": 0.100000761449337,
    "status": "success",
    "device": "cpu",
    "batch_size": 4,
    "adaptive": true,
    "runs_executed": 10,
    "max_runs": 80,
    "min_runs": 10,
    "cv_target": 0.03,
    "converged": true,
    "final_run_cv": 0.004514018112365512,
    "n_samples_raw": 5000,
    "n_samples_clean": 4944,
    "n_outliers_removed": 56
  }
}
