{
  "artifact_type": "inference_benchmark",
  "generated_by": "python src/benchmark_inference.py",
  "base_name": "exp0_baseline_70split__20260307_093251",
  "experiment": "exp0_baseline_70split",
  "raw_csv_path": "C:/Users/leona/OneDrive/Documents/Projects/Acadêmicos/FG2P/results/exp0_baseline_70split/benchmark_exp0_baseline_70split__20260307_093251_cpu_raw_b8.csv",
  "benchmark_metadata": {
    "benchmark_date": "2026-03-15 16:15:46",
    "devices": [
      "cpu"
    ],
    "test_words": 500,
    "warmup_runs": 20,
    "benchmark_runs": 200,
    "adaptive": true,
    "adaptive_min_runs": 10,
    "adaptive_max_runs": 80,
    "adaptive_cv_target": 0.03,
    "loop_overhead_us": 0.100000761449337,
    "force": true,
    "selected_models": 19,
    "cpu_quantize": false,
    "cpu_threads": null,
    "batch_size": 8,
    "sweep_mode": true,
    "sweep_batch_sizes": [
      1,
      4,
      8,
      16,
      32,
      64,
      128
    ]
  },
  "result": {
    "model_index": 10,
    "base_name": "exp0_baseline_70split__20260307_093251",
    "experiment": "exp0_baseline_70split",
    "params": 4321963,
    "n": 4984,
    "total_time_s": 21.937155496052583,
    "mean_lat_ms": 4.401515950251321,
    "p50_ms": 4.300349999539321,
    "p95_ms": 5.540975000258186,
    "p99_ms": 6.152149999252288,
    "throughput_wps": 227.19445102610644,
    "throughput_tps": 2135.3725649813264,
    "throughput_cps_in": 1989.8660064589883,
    "throughput_cps_out": 2154.791673355548,
    "tokens_per_word": 9.398876404494382,
    "chars_in_per_word": 8.758426966292134,
    "chars_out_per_word": 9.484349919743178,
    "ci95_lat_low_ms": 4.383532136762795,
    "ci95_lat_high_ms": 4.419499763739847,
    "ci95_wps_low": 226.26995213453407,
    "ci95_wps_high": 228.12653558837428,
    "stable_wps": 227.12921672383249,
    "stable_cv": 0.142406465695445,
    "stable_window_start": 2860,
    "global_cv": 0.14716768397031724,
    "thermal_ratio": 1.011973437595239,
    "mean_first_ms": 4.391791314545511,
    "mean_last_ms": 4.444376153781534,
    "loop_overhead_us": 0.100000761449337,
    "status": "success",
    "device": "cpu",
    "batch_size": 8,
    "adaptive": true,
    "runs_executed": 10,
    "max_runs": 80,
    "min_runs": 10,
    "cv_target": 0.03,
    "converged": true,
    "final_run_cv": 0.006442888623155273,
    "n_samples_raw": 5000,
    "n_samples_clean": 4984,
    "n_outliers_removed": 16
  }
}
