{
  "artifact_type": "inference_benchmark",
  "generated_by": "python src/benchmark_inference.py",
  "base_name": "exp0_baseline_70split__20260307_093251",
  "experiment": "exp0_baseline_70split",
  "raw_csv_path": "C:/Users/leona/OneDrive/Documents/Projects/Acadêmicos/FG2P/results/exp0_baseline_70split/benchmark_exp0_baseline_70split__20260307_093251_cuda_raw_b16.csv",
  "benchmark_metadata": {
    "benchmark_date": "2026-03-15 04:42:32",
    "devices": [
      "cuda"
    ],
    "test_words": 1000,
    "warmup_runs": 20,
    "benchmark_runs": 50,
    "loop_overhead_us": 0.10000010433941497,
    "force": true,
    "selected_models": 19,
    "cpu_quantize": false,
    "cpu_threads": null,
    "batch_size": 16,
    "sweep_mode": true,
    "sweep_batch_sizes": [
      1,
      4,
      8,
      16,
      32,
      64,
      128,
      256,
      512
    ]
  },
  "result": {
    "model_index": 10,
    "base_name": "exp0_baseline_70split__20260307_093251",
    "experiment": "exp0_baseline_70split",
    "params": 4321963,
    "n": 50000,
    "total_time_s": 155.0822740949634,
    "mean_lat_ms": 3.101645481899268,
    "p50_ms": 3.052600000703478,
    "p95_ms": 3.702462499607009,
    "p99_ms": 4.999524999877849,
    "throughput_wps": 322.4095099958548,
    "throughput_tps": 3039.3544507309234,
    "throughput_cps_in": 2819.4711649137507,
    "throughput_cps_out": 3064.1799830006044,
    "tokens_per_word": 9.427,
    "chars_in_per_word": 8.745,
    "chars_out_per_word": 9.504,
    "ci95_lat_low_ms": 3.098151164876423,
    "ci95_lat_high_ms": 3.1051397989221132,
    "ci95_wps_low": 322.04669185816687,
    "ci95_wps_high": 322.7731465581627,
    "stable_wps": 324.28249855337936,
    "stable_cv": 0.11286809572882807,
    "stable_window_start": 9608,
    "global_cv": 0.12852839321236653,
    "thermal_ratio": 1.0228284582290554,
    "mean_first_ms": 3.0863253798955155,
    "mean_last_ms": 3.1567814299117343,
    "loop_overhead_us": 0.10000010433941497,
    "status": "success",
    "device": "cuda",
    "batch_size": 16
  }
}
