{
  "artifact_type": "inference_benchmark",
  "generated_by": "python src/benchmark_inference.py",
  "base_name": "exp0_baseline_70split__20260307_093251",
  "experiment": "exp0_baseline_70split",
  "raw_csv_path": "C:/Users/leona/OneDrive/Documents/Projects/Acadêmicos/FG2P/results/exp0_baseline_70split/benchmark_exp0_baseline_70split__20260307_093251_cpu_raw_b32.csv",
  "benchmark_metadata": {
    "benchmark_date": "2026-03-15 17:04:56",
    "devices": [
      "cpu"
    ],
    "test_words": 500,
    "warmup_runs": 20,
    "benchmark_runs": 200,
    "adaptive": true,
    "adaptive_min_runs": 10,
    "adaptive_max_runs": 80,
    "adaptive_cv_target": 0.03,
    "loop_overhead_us": 0.100000761449337,
    "force": true,
    "selected_models": 19,
    "cpu_quantize": false,
    "cpu_threads": null,
    "batch_size": 32,
    "sweep_mode": true,
    "sweep_batch_sizes": [
      1,
      4,
      8,
      16,
      32,
      64,
      128
    ]
  },
  "result": {
    "model_index": 10,
    "base_name": "exp0_baseline_70split__20260307_093251",
    "experiment": "exp0_baseline_70split",
    "params": 4321963,
    "n": 5000,
    "total_time_s": 10.335393996079802,
    "mean_lat_ms": 2.0670787992159605,
    "p50_ms": 2.0406312492013967,
    "p95_ms": 2.4398187492806755,
    "p99_ms": 2.517143749173556,
    "throughput_wps": 483.7744939280004,
    "throughput_tps": 4547.480242923204,
    "throughput_cps_in": 4237.864566809284,
    "throughput_cps_out": 4589.084849401012,
    "tokens_per_word": 9.4,
    "chars_in_per_word": 8.76,
    "chars_out_per_word": 9.486,
    "ci95_lat_low_ms": 2.0617021863835925,
    "ci95_lat_high_ms": 2.072455412048328,
    "ci95_wps_low": 482.51942801106725,
    "ci95_wps_high": 485.03610589562805,
    "stable_wps": 488.32760318006996,
    "stable_cv": 0.08847625828459545,
    "stable_window_start": 3788,
    "global_cv": 0.09383841472579332,
    "thermal_ratio": 0.9915110613269095,
    "mean_first_ms": 2.078999599238159,
    "mean_last_ms": 2.0613510991388466,
    "loop_overhead_us": 0.100000761449337,
    "status": "success",
    "device": "cpu",
    "batch_size": 32,
    "adaptive": true,
    "runs_executed": 10,
    "max_runs": 80,
    "min_runs": 10,
    "cv_target": 0.03,
    "converged": true,
    "final_run_cv": 0.009535317790929464,
    "n_samples_raw": 5000,
    "n_samples_clean": 5000,
    "n_outliers_removed": 0
  }
}
