{
  "experiment": "exp0_baseline_70split__20260307_093251",
  "timestamp": "2026-03-07T18:38:23.265176",
  "training": {
    "num_epochs": 90,
    "throughput": {
      "avg_samples_per_sec": 562.6410687094364,
      "min_samples_per_sec": 562.6410687094364,
      "max_samples_per_sec": 562.6410687094364
    },
    "best_epoch": 74,
    "best_val_loss": 0.016964,
    "best_train_loss": 0.019923,
    "initial_train_loss": 0.690463,
    "initial_val_loss": 0.104064,
    "final_train_loss": 0.015949,
    "final_val_loss": 0.018116,
    "convergence_epoch_95percent": 24,
    "gap_at_best": -0.002959,
    "gap_at_final": 0.002166999999999999,
    "overfitting": "[OK] Nenhum",
    "last5_std": 0.0011085000000000001
  },
  "test_metrics": {}
}