{
  "artifact_type": "inference_benchmark",
  "generated_by": "python src/benchmark_inference.py",
  "base_name": "exp0_training_regime__20260311_125626",
  "experiment": "exp0_training_regime",
  "raw_csv_path": "C:/Users/leona/OneDrive/Documents/Projects/Acadêmicos/FG2P/results/exp0_training_regime/benchmark_exp0_training_regime__20260311_125626_cpu_raw.csv",
  "benchmark_metadata": {
    "benchmark_date": "2026-03-15 13:37:48",
    "devices": [
      "cpu"
    ],
    "test_words": 500,
    "warmup_runs": 20,
    "benchmark_runs": 200,
    "adaptive": true,
    "adaptive_min_runs": 10,
    "adaptive_max_runs": 80,
    "adaptive_cv_target": 0.03,
    "loop_overhead_us": 0.100000761449337,
    "force": true,
    "selected_models": 19,
    "cpu_quantize": false,
    "cpu_threads": null,
    "batch_size": 1,
    "sweep_mode": true,
    "sweep_batch_sizes": [
      1,
      4,
      8,
      16,
      32,
      64,
      128
    ]
  },
  "result": {
    "model_index": 16,
    "base_name": "exp0_training_regime__20260311_125626",
    "experiment": "exp0_training_regime",
    "params": 4321963,
    "n": 4886,
    "total_time_s": 89.20042079694394,
    "mean_lat_ms": 18.256328448003263,
    "p50_ms": 18.010100000537932,
    "p95_ms": 26.083300006575882,
    "p99_ms": 28.56959999189712,
    "throughput_wps": 54.77552635230838,
    "throughput_tps": 505.08730337226814,
    "throughput_cps_in": 469.8632542934812,
    "throughput_cps_out": 509.79580133951526,
    "tokens_per_word": 9.221039705280393,
    "chars_in_per_word": 8.577977896029472,
    "chars_out_per_word": 9.306999590667212,
    "ci95_lat_low_ms": 18.137936829809366,
    "ci95_lat_high_ms": 18.374720066197156,
    "ci95_wps_low": 54.42259780815048,
    "ci95_wps_high": 55.133062232112216,
    "stable_wps": 54.843215598355705,
    "stable_cv": 0.22819564755206426,
    "stable_window_start": 1077,
    "global_cv": 0.23127472651236886,
    "thermal_ratio": 0.9923407936311822,
    "mean_first_ms": 18.34971013236989,
    "mean_last_ms": 18.20916591565808,
    "loop_overhead_us": 0.100000761449337,
    "status": "success",
    "device": "cpu",
    "batch_size": 1,
    "adaptive": true,
    "runs_executed": 10,
    "max_runs": 80,
    "min_runs": 10,
    "cv_target": 0.03,
    "converged": true,
    "final_run_cv": 0.004967735947092166,
    "n_samples_raw": 5000,
    "n_samples_clean": 4886,
    "n_outliers_removed": 114
  }
}
