{
  "artifact_type": "inference_benchmark",
  "generated_by": "python src/benchmark_inference.py",
  "base_name": "exp0_training_regime__20260311_125626",
  "experiment": "exp0_training_regime",
  "raw_csv_path": "C:/Users/leona/OneDrive/Documents/Projects/Acadêmicos/FG2P/results/exp0_training_regime/benchmark_exp0_training_regime__20260311_125626_cuda_raw_b4.csv",
  "benchmark_metadata": {
    "benchmark_date": "2026-03-14 21:57:11",
    "devices": [
      "cuda"
    ],
    "test_words": 1000,
    "warmup_runs": 20,
    "benchmark_runs": 50,
    "loop_overhead_us": 0.10000010433941497,
    "force": true,
    "selected_models": 19,
    "cpu_quantize": false,
    "cpu_threads": null,
    "batch_size": 4,
    "sweep_mode": true,
    "sweep_batch_sizes": [
      1,
      4,
      8,
      16,
      32,
      64,
      128,
      256,
      512
    ]
  },
  "result": {
    "model_index": 16,
    "base_name": "exp0_training_regime__20260311_125626",
    "experiment": "exp0_training_regime",
    "params": 4321963,
    "n": 50000,
    "total_time_s": 445.31376009573887,
    "mean_lat_ms": 8.906275201914779,
    "p50_ms": 8.61599999982218,
    "p95_ms": 11.92382499786845,
    "p99_ms": 15.72910000024649,
    "throughput_wps": 112.28038403585464,
    "throughput_tps": 1058.8040214581092,
    "throughput_cps_in": 981.8919583935487,
    "throughput_cps_out": 1067.44961102887,
    "tokens_per_word": 9.43,
    "chars_in_per_word": 8.745,
    "chars_out_per_word": 9.507,
    "ci95_lat_low_ms": 8.890143345840844,
    "ci95_lat_high_ms": 8.922407057988712,
    "ci95_wps_low": 112.07737928798552,
    "ci95_wps_high": 112.48412551951021,
    "stable_wps": 116.09154749719295,
    "stable_cv": 0.16427538599223704,
    "stable_window_start": 6112,
    "global_cv": 0.2066413159328335,
    "thermal_ratio": 0.9979391392080126,
    "mean_first_ms": 8.799691909922059,
    "mean_last_ms": 8.781556969883331,
    "loop_overhead_us": 0.10000010433941497,
    "status": "success",
    "device": "cuda",
    "batch_size": 4
  }
}
