{
  "artifact_type": "inference_benchmark",
  "generated_by": "python src/benchmark_inference.py",
  "base_name": "exp0_training_regime__20260311_125626",
  "experiment": "exp0_training_regime",
  "raw_csv_path": "C:/Users/leona/OneDrive/Documents/Projects/Acadêmicos/FG2P/results/exp0_training_regime/benchmark_exp0_training_regime__20260311_125626_cuda_raw_b128.csv",
  "benchmark_metadata": {
    "benchmark_date": "2026-03-15 09:12:54",
    "devices": [
      "cuda"
    ],
    "test_words": 1000,
    "warmup_runs": 20,
    "benchmark_runs": 50,
    "loop_overhead_us": 0.10000010433941497,
    "force": true,
    "selected_models": 19,
    "cpu_quantize": false,
    "cpu_threads": null,
    "batch_size": 128,
    "sweep_mode": true,
    "sweep_batch_sizes": [
      1,
      4,
      8,
      16,
      32,
      64,
      128,
      256,
      512
    ]
  },
  "result": {
    "model_index": 16,
    "base_name": "exp0_training_regime__20260311_125626",
    "experiment": "exp0_training_regime",
    "params": 4321963,
    "n": 50000,
    "total_time_s": 58.28480339477847,
    "mean_lat_ms": 1.1656960678955695,
    "p50_ms": 1.1463460935806324,
    "p95_ms": 1.2861682691291558,
    "p99_ms": 1.4202554686767144,
    "throughput_wps": 857.8565438633584,
    "throughput_tps": 8089.58720863147,
    "throughput_cps_in": 7501.95547608507,
    "throughput_cps_out": 8155.642162508949,
    "tokens_per_word": 9.43,
    "chars_in_per_word": 8.745,
    "chars_out_per_word": 9.507,
    "ci95_lat_low_ms": 1.165092097609972,
    "ci95_lat_high_ms": 1.166300038181167,
    "ci95_wps_low": 857.41230152019,
    "ci95_wps_high": 858.3012467867253,
    "stable_wps": 854.8096640098267,
    "stable_cv": 0.049607237464791384,
    "stable_window_start": 20640,
    "global_cv": 0.05910975670792061,
    "thermal_ratio": 1.0057284936830575,
    "mean_first_ms": 1.163215039892475,
    "mean_last_ms": 1.1698785099005364,
    "loop_overhead_us": 0.10000010433941497,
    "status": "success",
    "device": "cuda",
    "batch_size": 128
  }
}
