{
  "artifact_type": "inference_benchmark",
  "generated_by": "python src/benchmark_inference.py",
  "base_name": "exp0_training_regime__20260311_125626",
  "experiment": "exp0_training_regime",
  "raw_csv_path": "C:/Users/leona/OneDrive/Documents/Projects/Acadêmicos/FG2P/results/exp0_training_regime/benchmark_exp0_training_regime__20260311_125626_cuda_raw_b16.csv",
  "benchmark_metadata": {
    "benchmark_date": "2026-03-15 04:42:32",
    "devices": [
      "cuda"
    ],
    "test_words": 1000,
    "warmup_runs": 20,
    "benchmark_runs": 50,
    "loop_overhead_us": 0.10000010433941497,
    "force": true,
    "selected_models": 19,
    "cpu_quantize": false,
    "cpu_threads": null,
    "batch_size": 16,
    "sweep_mode": true,
    "sweep_batch_sizes": [
      1,
      4,
      8,
      16,
      32,
      64,
      128,
      256,
      512
    ]
  },
  "result": {
    "model_index": 16,
    "base_name": "exp0_training_regime__20260311_125626",
    "experiment": "exp0_training_regime",
    "params": 4321963,
    "n": 50000,
    "total_time_s": 154.91302049507522,
    "mean_lat_ms": 3.0982604099015045,
    "p50_ms": 3.045606250200308,
    "p95_ms": 3.6992312504685287,
    "p99_ms": 4.915137499413049,
    "throughput_wps": 322.76176553919515,
    "throughput_tps": 3043.64344903461,
    "throughput_cps_in": 2822.551639640262,
    "throughput_cps_out": 3068.496104981128,
    "tokens_per_word": 9.43,
    "chars_in_per_word": 8.745,
    "chars_out_per_word": 9.507,
    "ci95_lat_low_ms": 3.0948725138913304,
    "ci95_lat_high_ms": 3.1016483059116786,
    "ci95_wps_low": 322.40921644598467,
    "ci95_wps_high": 323.11508648950854,
    "stable_wps": 324.15890692016944,
    "stable_cv": 0.11240338088651185,
    "stable_window_start": 21992,
    "global_cv": 0.12475015234353902,
    "thermal_ratio": 1.0027801161166885,
    "mean_first_ms": 3.0837344999011296,
    "mean_last_ms": 3.0923076398838933,
    "loop_overhead_us": 0.10000010433941497,
    "status": "success",
    "device": "cuda",
    "batch_size": 16
  }
}
