{
  "artifact_type": "inference_benchmark",
  "generated_by": "python src/benchmark_inference.py",
  "base_name": "exp0_training_regime__20260311_125626",
  "experiment": "exp0_training_regime",
  "raw_csv_path": "C:/Users/leona/OneDrive/Documents/Projects/Acadêmicos/FG2P/results/exp0_training_regime/benchmark_exp0_training_regime__20260311_125626_cpu_raw_b32.csv",
  "benchmark_metadata": {
    "benchmark_date": "2026-03-15 17:04:56",
    "devices": [
      "cpu"
    ],
    "test_words": 500,
    "warmup_runs": 20,
    "benchmark_runs": 200,
    "adaptive": true,
    "adaptive_min_runs": 10,
    "adaptive_max_runs": 80,
    "adaptive_cv_target": 0.03,
    "loop_overhead_us": 0.100000761449337,
    "force": true,
    "selected_models": 19,
    "cpu_quantize": false,
    "cpu_threads": null,
    "batch_size": 32,
    "sweep_mode": true,
    "sweep_batch_sizes": [
      1,
      4,
      8,
      16,
      32,
      64,
      128
    ]
  },
  "result": {
    "model_index": 16,
    "base_name": "exp0_training_regime__20260311_125626",
    "experiment": "exp0_training_regime",
    "params": 4321963,
    "n": 4936,
    "total_time_s": 10.15549029619433,
    "mean_lat_ms": 2.057433204253308,
    "p50_ms": 2.0337468745310616,
    "p95_ms": 2.450881248933001,
    "p99_ms": 2.5044531239473145,
    "throughput_wps": 486.0425106062794,
    "throughput_tps": 4569.154087753764,
    "throughput_cps_in": 4257.007661776878,
    "throughput_cps_out": 4610.609496377192,
    "tokens_per_word": 9.400729335494328,
    "chars_in_per_word": 8.758508914100487,
    "chars_out_per_word": 9.486021069692057,
    "ci95_lat_low_ms": 2.051957421499747,
    "ci95_lat_high_ms": 2.0629089870068693,
    "ci95_wps_low": 484.75236004033655,
    "ci95_wps_high": 487.33954687476603,
    "stable_wps": 488.03650395577085,
    "stable_cv": 0.08860320872079663,
    "stable_window_start": 3301,
    "global_cv": 0.09540078960452478,
    "thermal_ratio": 0.9865749966427662,
    "mean_first_ms": 2.0815248118020904,
    "mean_last_ms": 2.0535803342154817,
    "loop_overhead_us": 0.100000761449337,
    "status": "success",
    "device": "cpu",
    "batch_size": 32,
    "adaptive": true,
    "runs_executed": 10,
    "max_runs": 80,
    "min_runs": 10,
    "cv_target": 0.03,
    "converged": true,
    "final_run_cv": 0.01039147569519318,
    "n_samples_raw": 5000,
    "n_samples_clean": 4936,
    "n_outliers_removed": 64
  }
}
