{
  "artifact_type": "inference_benchmark",
  "generated_by": "python src/benchmark_inference.py",
  "base_name": "exp0_training_regime__20260311_125626",
  "experiment": "exp0_training_regime",
  "raw_csv_path": "C:/Users/leona/OneDrive/Documents/Projects/Acadêmicos/FG2P/results/exp0_training_regime/benchmark_exp0_training_regime__20260311_125626_cuda_raw_b64.csv",
  "benchmark_metadata": {
    "benchmark_date": "2026-03-15 08:01:10",
    "devices": [
      "cuda"
    ],
    "test_words": 1000,
    "warmup_runs": 20,
    "benchmark_runs": 50,
    "loop_overhead_us": 0.10000010433941497,
    "force": true,
    "selected_models": 19,
    "cpu_quantize": false,
    "cpu_threads": null,
    "batch_size": 64,
    "sweep_mode": true,
    "sweep_batch_sizes": [
      1,
      4,
      8,
      16,
      32,
      64,
      128,
      256,
      512
    ]
  },
  "result": {
    "model_index": 16,
    "base_name": "exp0_training_regime__20260311_125626",
    "experiment": "exp0_training_regime",
    "params": 4321963,
    "n": 50000,
    "total_time_s": 71.67196249460994,
    "mean_lat_ms": 1.4334392498921988,
    "p50_ms": 1.4052374999414496,
    "p95_ms": 1.7047421874599422,
    "p99_ms": 1.7857312500132139,
    "throughput_wps": 697.6228675719634,
    "throughput_tps": 6578.583641203615,
    "throughput_cps_in": 6100.71197691682,
    "throughput_cps_out": 6632.300602006656,
    "tokens_per_word": 9.43,
    "chars_in_per_word": 8.745,
    "chars_out_per_word": 9.507,
    "ci95_lat_low_ms": 1.4324682297260156,
    "ci95_lat_high_ms": 1.434410270058382,
    "ci95_wps_low": 697.1506136520474,
    "ci95_wps_high": 698.0957617407454,
    "stable_wps": 697.0219882464992,
    "stable_cv": 0.07062877037700127,
    "stable_window_start": 32128,
    "global_cv": 0.07728191734412737,
    "thermal_ratio": 1.0023085873598667,
    "mean_first_ms": 1.4242259398853094,
    "mean_last_ms": 1.427513889887723,
    "loop_overhead_us": 0.10000010433941497,
    "status": "success",
    "device": "cuda",
    "batch_size": 64
  }
}
