{
  "artifact_type": "inference_benchmark",
  "generated_by": "python src/benchmark_inference.py",
  "base_name": "exp0_training_regime__20260311_125626",
  "experiment": "exp0_training_regime",
  "raw_csv_path": "C:/Users/leona/OneDrive/Documents/Projects/Acadêmicos/FG2P/results/exp0_training_regime/benchmark_exp0_training_regime__20260311_125626_cuda_raw_b8.csv",
  "benchmark_metadata": {
    "benchmark_date": "2026-03-15 02:00:06",
    "devices": [
      "cuda"
    ],
    "test_words": 1000,
    "warmup_runs": 20,
    "benchmark_runs": 50,
    "loop_overhead_us": 0.10000010433941497,
    "force": true,
    "selected_models": 19,
    "cpu_quantize": false,
    "cpu_threads": null,
    "batch_size": 8,
    "sweep_mode": true,
    "sweep_batch_sizes": [
      1,
      4,
      8,
      16,
      32,
      64,
      128,
      256,
      512
    ]
  },
  "result": {
    "model_index": 16,
    "base_name": "exp0_training_regime__20260311_125626",
    "experiment": "exp0_training_regime",
    "params": 4321963,
    "n": 50000,
    "total_time_s": 250.52978599563085,
    "mean_lat_ms": 5.010595719912617,
    "p50_ms": 4.949974999110509,
    "p95_ms": 6.1960375012154145,
    "p99_ms": 6.862987499264364,
    "throughput_wps": 199.57706745844578,
    "throughput_tps": 1882.0117461331436,
    "throughput_cps_in": 1745.3014549241084,
    "throughput_cps_out": 1897.379180327444,
    "tokens_per_word": 9.43,
    "chars_in_per_word": 8.745,
    "chars_out_per_word": 9.507,
    "ci95_lat_low_ms": 5.004590144892891,
    "ci95_lat_high_ms": 5.016601294932343,
    "ci95_wps_low": 199.338145730293,
    "ci95_wps_high": 199.8165626051286,
    "stable_wps": 199.62868067672397,
    "stable_cv": 0.12983438613327275,
    "stable_window_start": 18712,
    "global_cv": 0.1367395556025774,
    "thermal_ratio": 1.004093498394627,
    "mean_first_ms": 5.009988529918427,
    "mean_last_ms": 5.030496909922749,
    "loop_overhead_us": 0.10000010433941497,
    "status": "success",
    "device": "cuda",
    "batch_size": 8
  }
}
