{
  "artifact_type": "inference_benchmark",
  "generated_by": "python src/benchmark_inference.py",
  "base_name": "exp0_training_regime__20260311_125626",
  "experiment": "exp0_training_regime",
  "raw_csv_path": "C:/Users/leona/OneDrive/Documents/Projects/Acadêmicos/FG2P/results/exp0_training_regime/benchmark_exp0_training_regime__20260311_125626_cpu_raw_b16.csv",
  "benchmark_metadata": {
    "benchmark_date": "2026-03-15 16:44:46",
    "devices": [
      "cpu"
    ],
    "test_words": 500,
    "warmup_runs": 20,
    "benchmark_runs": 200,
    "adaptive": true,
    "adaptive_min_runs": 10,
    "adaptive_max_runs": 80,
    "adaptive_cv_target": 0.03,
    "loop_overhead_us": 0.100000761449337,
    "force": true,
    "selected_models": 19,
    "cpu_quantize": false,
    "cpu_threads": null,
    "batch_size": 16,
    "sweep_mode": true,
    "sweep_batch_sizes": [
      1,
      4,
      8,
      16,
      32,
      64,
      128
    ]
  },
  "result": {
    "model_index": 16,
    "base_name": "exp0_training_regime__20260311_125626",
    "experiment": "exp0_training_regime",
    "params": 4321963,
    "n": 4944,
    "total_time_s": 14.501337496229098,
    "mean_lat_ms": 2.9331184256126814,
    "p50_ms": 2.8336624991425197,
    "p95_ms": 3.646262499387376,
    "p99_ms": 3.747024999029236,
    "throughput_wps": 340.9340691012556,
    "throughput_tps": 3208.8074642839047,
    "throughput_cps_in": 2988.89671461483,
    "throughput_cps_out": 3238.2530240545834,
    "tokens_per_word": 9.411812297734627,
    "chars_in_per_word": 8.766788025889968,
    "chars_out_per_word": 9.498179611650485,
    "ci95_lat_low_ms": 2.9233722487843763,
    "ci95_lat_high_ms": 2.9428646024409866,
    "ci95_wps_low": 339.8049639016829,
    "ci95_wps_high": 342.07070290683276,
    "stable_wps": 341.22488118976094,
    "stable_cv": 0.11689318295349088,
    "stable_window_start": 3828,
    "global_cv": 0.11920318190711314,
    "thermal_ratio": 0.99848222748318,
    "mean_first_ms": 2.940547291668349,
    "mean_last_ms": 2.936084209804646,
    "loop_overhead_us": 0.100000761449337,
    "status": "success",
    "device": "cpu",
    "batch_size": 16,
    "adaptive": true,
    "runs_executed": 10,
    "max_runs": 80,
    "min_runs": 10,
    "cv_target": 0.03,
    "converged": true,
    "final_run_cv": 0.009167061074437927,
    "n_samples_raw": 5000,
    "n_samples_clean": 4944,
    "n_outliers_removed": 56
  }
}
