{
  "artifact_type": "inference_benchmark",
  "generated_by": "python src/benchmark_inference.py",
  "base_name": "exp0_training_regime__20260311_125626",
  "experiment": "exp0_training_regime",
  "raw_csv_path": "C:/Users/leona/OneDrive/Documents/Projects/Acadêmicos/FG2P/results/exp0_training_regime/benchmark_exp0_training_regime__20260311_125626_cuda_raw_b512.csv",
  "benchmark_metadata": {
    "benchmark_date": "2026-03-15 11:19:26",
    "devices": [
      "cuda"
    ],
    "test_words": 1000,
    "warmup_runs": 20,
    "benchmark_runs": 50,
    "loop_overhead_us": 0.10000010433941497,
    "force": true,
    "selected_models": 19,
    "cpu_quantize": false,
    "cpu_threads": null,
    "batch_size": 512,
    "sweep_mode": true,
    "sweep_batch_sizes": [
      1,
      4,
      8,
      16,
      32,
      64,
      128,
      256,
      512
    ]
  },
  "result": {
    "model_index": 16,
    "base_name": "exp0_training_regime__20260311_125626",
    "experiment": "exp0_training_regime",
    "params": 4321963,
    "n": 50000,
    "total_time_s": 34.342275994754345,
    "mean_lat_ms": 0.6868455198950869,
    "p50_ms": 0.6511677733305987,
    "p95_ms": 0.9105443358271259,
    "p99_ms": 0.9398027342547266,
    "throughput_wps": 1455.9314591623838,
    "throughput_tps": 13729.433659901279,
    "throughput_cps_in": 12732.120610375046,
    "throughput_cps_out": 13841.540382256782,
    "tokens_per_word": 9.43,
    "chars_in_per_word": 8.745,
    "chars_out_per_word": 9.507,
    "ci95_lat_low_ms": 0.6860210864082495,
    "ci95_lat_high_ms": 0.6876699533819242,
    "ci95_wps_low": 1454.1859726196458,
    "ci95_wps_high": 1457.6811410209368,
    "stable_wps": 1499.583993142313,
    "stable_cv": 0.06062738922342821,
    "stable_window_start": 31512,
    "global_cv": 0.13693847422873587,
    "thermal_ratio": 1.0472622048547426,
    "mean_first_ms": 0.6828777898969747,
    "mean_last_ms": 0.7151520998938394,
    "loop_overhead_us": 0.10000010433941497,
    "status": "success",
    "device": "cuda",
    "batch_size": 512
  }
}
