{
  "artifact_type": "inference_benchmark",
  "generated_by": "python src/benchmark_inference.py",
  "base_name": "exp0_training_regime__20260311_125626",
  "experiment": "exp0_training_regime",
  "raw_csv_path": "C:/Users/leona/OneDrive/Documents/Projects/Acadêmicos/FG2P/results/exp0_training_regime/benchmark_exp0_training_regime__20260311_125626_cuda_raw_b256.csv",
  "benchmark_metadata": {
    "benchmark_date": "2026-03-15 10:17:42",
    "devices": [
      "cuda"
    ],
    "test_words": 1000,
    "warmup_runs": 20,
    "benchmark_runs": 50,
    "loop_overhead_us": 0.10000010433941497,
    "force": true,
    "selected_models": 19,
    "cpu_quantize": false,
    "cpu_threads": null,
    "batch_size": 256,
    "sweep_mode": true,
    "sweep_batch_sizes": [
      1,
      4,
      8,
      16,
      32,
      64,
      128,
      256,
      512
    ]
  },
  "result": {
    "model_index": 16,
    "base_name": "exp0_training_regime__20260311_125626",
    "experiment": "exp0_training_regime",
    "params": 4321963,
    "n": 50000,
    "total_time_s": 39.095758194683185,
    "mean_lat_ms": 0.7819151638936637,
    "p50_ms": 0.7416386717727619,
    "p95_ms": 0.9914214842615366,
    "p99_ms": 1.0241214842812951,
    "throughput_wps": 1278.9111225575293,
    "throughput_tps": 12060.131885717501,
    "throughput_cps_in": 11184.077766765595,
    "throughput_cps_out": 12158.608042154432,
    "tokens_per_word": 9.43,
    "chars_in_per_word": 8.745,
    "chars_out_per_word": 9.507,
    "ci95_lat_low_ms": 0.7810467191426932,
    "ci95_lat_high_ms": 0.7827836086446343,
    "ci95_wps_low": 1277.4922583413177,
    "ci95_wps_high": 1280.333142040003,
    "stable_wps": 1315.1460040670731,
    "stable_cv": 0.10159758056452113,
    "stable_window_start": 19512,
    "global_cv": 0.1267101747214708,
    "thermal_ratio": 1.0351567322213198,
    "mean_first_ms": 0.7701483698875564,
    "mean_last_ms": 0.7972242698983791,
    "loop_overhead_us": 0.10000010433941497,
    "status": "success",
    "device": "cuda",
    "batch_size": 256
  }
}
