{
  "artifact_type": "inference_benchmark",
  "generated_by": "python src/benchmark_inference.py",
  "base_name": "exp0_training_regime__20260311_125626",
  "experiment": "exp0_training_regime",
  "raw_csv_path": "C:/Users/leona/OneDrive/Documents/Projects/Acadêmicos/FG2P/results/exp0_training_regime/benchmark_exp0_training_regime__20260311_125626_cpu_raw_b4.csv",
  "benchmark_metadata": {
    "benchmark_date": "2026-03-15 15:32:05",
    "devices": [
      "cpu"
    ],
    "test_words": 500,
    "warmup_runs": 20,
    "benchmark_runs": 200,
    "adaptive": true,
    "adaptive_min_runs": 10,
    "adaptive_max_runs": 80,
    "adaptive_cv_target": 0.03,
    "loop_overhead_us": 0.100000761449337,
    "force": true,
    "selected_models": 19,
    "cpu_quantize": false,
    "cpu_threads": null,
    "batch_size": 4,
    "sweep_mode": true,
    "sweep_batch_sizes": [
      1,
      4,
      8,
      16,
      32,
      64,
      128
    ]
  },
  "result": {
    "model_index": 16,
    "base_name": "exp0_training_regime__20260311_125626",
    "experiment": "exp0_training_regime",
    "params": 4321963,
    "n": 4936,
    "total_time_s": 34.067017896217294,
    "mean_lat_ms": 6.901745927110473,
    "p50_ms": 6.712499998684507,
    "p95_ms": 9.143899998889538,
    "p99_ms": 9.80830000116839,
    "throughput_wps": 144.89087407172437,
    "throughput_tps": 1357.5593889929312,
    "throughput_cps_in": 1265.182650600768,
    "throughput_cps_out": 1370.181568055095,
    "tokens_per_word": 9.369529983792544,
    "chars_in_per_word": 8.731969205834684,
    "chars_out_per_word": 9.456645056726094,
    "ci95_lat_low_ms": 6.868578429610699,
    "ci95_lat_high_ms": 6.9349134246102455,
    "ci95_wps_low": 144.19790684787125,
    "ci95_wps_high": 145.59053379793443,
    "stable_wps": 145.0275492067042,
    "stable_cv": 0.16907362069814252,
    "stable_window_start": 1085,
    "global_cv": 0.17226031680467302,
    "thermal_ratio": 0.993456135502256,
    "mean_first_ms": 6.9298615748166945,
    "mean_last_ms": 6.884513499682971,
    "loop_overhead_us": 0.100000761449337,
    "status": "success",
    "device": "cpu",
    "batch_size": 4,
    "adaptive": true,
    "runs_executed": 10,
    "max_runs": 80,
    "min_runs": 10,
    "cv_target": 0.03,
    "converged": true,
    "final_run_cv": 0.0025437863274368634,
    "n_samples_raw": 5000,
    "n_samples_clean": 4936,
    "n_outliers_removed": 64
  }
}
