{
  "artifact_type": "inference_benchmark",
  "generated_by": "python src/benchmark_inference.py",
  "base_name": "exp0_training_regime__20260311_125626",
  "experiment": "exp0_training_regime",
  "raw_csv_path": "C:/Users/leona/OneDrive/Documents/Projects/Acadêmicos/FG2P/results/exp0_training_regime/benchmark_exp0_training_regime__20260311_125626_cuda_raw.csv",
  "benchmark_metadata": {
    "benchmark_date": "2026-03-14 11:37:52",
    "devices": [
      "cuda"
    ],
    "test_words": 1000,
    "warmup_runs": 20,
    "benchmark_runs": 50,
    "loop_overhead_us": 0.10000010433941497,
    "force": true,
    "selected_models": 19,
    "cpu_quantize": false,
    "cpu_threads": null,
    "batch_size": 1,
    "sweep_mode": true,
    "sweep_batch_sizes": [
      1,
      4,
      8,
      16,
      32,
      64,
      128,
      256,
      512
    ]
  },
  "result": {
    "model_index": 16,
    "base_name": "exp0_training_regime__20260311_125626",
    "experiment": "exp0_training_regime",
    "params": 4321963,
    "n": 50000,
    "total_time_s": 1198.444930095201,
    "mean_lat_ms": 23.968898601904023,
    "p50_ms": 23.313500002334422,
    "p95_ms": 34.77069999710011,
    "p99_ms": 41.61200000155304,
    "throughput_wps": 41.720732212558275,
    "throughput_tps": 393.4265047644245,
    "throughput_cps_in": 364.8478031988221,
    "throughput_cps_out": 396.6390011447915,
    "tokens_per_word": 9.43,
    "chars_in_per_word": 8.745,
    "chars_out_per_word": 9.507,
    "ci95_lat_low_ms": 23.917162531670556,
    "ci95_lat_high_ms": 24.020634672137486,
    "ci95_wps_low": 41.630873357394705,
    "ci95_wps_high": 41.81097982153288,
    "stable_wps": 42.028109370644835,
    "stable_cv": 0.23648122903393554,
    "stable_window_start": 36678,
    "global_cv": 0.24624889488728233,
    "thermal_ratio": 0.9992521663896862,
    "mean_first_ms": 23.910666429902722,
    "mean_last_ms": 23.89278522990144,
    "loop_overhead_us": 0.10000010433941497,
    "status": "success",
    "device": "cuda",
    "batch_size": 1
  }
}
