{
  "artifact_type": "inference_benchmark",
  "generated_by": "python src/benchmark_inference.py",
  "base_name": "exp0_training_regime__20260311_125626",
  "experiment": "exp0_training_regime",
  "raw_csv_path": "C:/Users/leona/OneDrive/Documents/Projects/Acadêmicos/FG2P/results/exp0_training_regime/benchmark_exp0_training_regime__20260311_125626_cuda_raw_b32.csv",
  "benchmark_metadata": {
    "benchmark_date": "2026-03-15 06:34:55",
    "devices": [
      "cuda"
    ],
    "test_words": 1000,
    "warmup_runs": 20,
    "benchmark_runs": 50,
    "loop_overhead_us": 0.10000010433941497,
    "force": true,
    "selected_models": 19,
    "cpu_quantize": false,
    "cpu_threads": null,
    "batch_size": 32,
    "sweep_mode": true,
    "sweep_batch_sizes": [
      1,
      4,
      8,
      16,
      32,
      64,
      128,
      256,
      512
    ]
  },
  "result": {
    "model_index": 16,
    "base_name": "exp0_training_regime__20260311_125626",
    "experiment": "exp0_training_regime",
    "params": 4321963,
    "n": 50000,
    "total_time_s": 104.68500189533825,
    "mean_lat_ms": 2.093700037906765,
    "p50_ms": 2.0461031251420536,
    "p95_ms": 2.353900000091471,
    "p99_ms": 2.6706656251212735,
    "throughput_wps": 477.6233375817187,
    "throughput_tps": 4503.988073395607,
    "throughput_cps_in": 4176.8160871521295,
    "throughput_cps_out": 4540.7650703894,
    "tokens_per_word": 9.43,
    "chars_in_per_word": 8.745,
    "chars_out_per_word": 9.507,
    "ci95_lat_low_ms": 2.0909652073525846,
    "ci95_lat_high_ms": 2.0964348684609453,
    "ci95_wps_low": 477.0002708141033,
    "ci95_wps_high": 478.2480342014496,
    "stable_wps": 475.3733320910639,
    "stable_cv": 0.14175098060094174,
    "stable_window_start": 11992,
    "global_cv": 0.1490201146533242,
    "thermal_ratio": 1.0051233743033638,
    "mean_first_ms": 2.084097189908152,
    "mean_last_ms": 2.0947747998966406,
    "loop_overhead_us": 0.10000010433941497,
    "status": "success",
    "device": "cuda",
    "batch_size": 32
  }
}
