{
  "artifact_type": "inference_benchmark",
  "generated_by": "python src/benchmark_inference.py",
  "base_name": "exp0_training_regime__20260311_125626",
  "experiment": "exp0_training_regime",
  "raw_csv_path": "C:/Users/leona/OneDrive/Documents/Projects/Acadêmicos/FG2P/results/exp0_training_regime/benchmark_exp0_training_regime__20260311_125626_cpu_raw_b64.csv",
  "benchmark_metadata": {
    "benchmark_date": "2026-03-15 17:19:58",
    "devices": [
      "cpu"
    ],
    "test_words": 500,
    "warmup_runs": 20,
    "benchmark_runs": 200,
    "adaptive": true,
    "adaptive_min_runs": 10,
    "adaptive_max_runs": 80,
    "adaptive_cv_target": 0.03,
    "loop_overhead_us": 0.100000761449337,
    "force": true,
    "selected_models": 19,
    "cpu_quantize": false,
    "cpu_threads": null,
    "batch_size": 64,
    "sweep_mode": true,
    "sweep_batch_sizes": [
      1,
      4,
      8,
      16,
      32,
      64,
      128
    ]
  },
  "result": {
    "model_index": 16,
    "base_name": "exp0_training_regime__20260311_125626",
    "experiment": "exp0_training_regime",
    "params": 4321963,
    "n": 4360,
    "total_time_s": 6.959969896663097,
    "mean_lat_ms": 1.5963233707942883,
    "p50_ms": 1.5991890616078308,
    "p95_ms": 1.6792921867363475,
    "p99_ms": 1.7077734366921504,
    "throughput_wps": 626.4394910803233,
    "throughput_tps": 5876.462198436977,
    "throughput_cps_in": 5479.908759129249,
    "throughput_cps_out": 5928.186560085811,
    "tokens_per_word": 9.380733944954128,
    "chars_in_per_word": 8.747706422018348,
    "chars_out_per_word": 9.463302752293577,
    "ci95_lat_low_ms": 1.5946845825844436,
    "ci95_lat_high_ms": 1.5979621590041329,
    "ci95_wps_low": 625.7970467981612,
    "ci95_wps_high": 627.083255786758,
    "stable_wps": 628.3753107202699,
    "stable_cv": 0.029899574707985984,
    "stable_window_start": 2000,
    "global_cv": 0.03458510767620485,
    "thermal_ratio": 1.0054691535859728,
    "mean_first_ms": 1.5905510313674613,
    "mean_last_ms": 1.5992499992443374,
    "loop_overhead_us": 0.100000761449337,
    "status": "success",
    "device": "cpu",
    "batch_size": 64,
    "adaptive": true,
    "runs_executed": 10,
    "max_runs": 80,
    "min_runs": 10,
    "cv_target": 0.03,
    "converged": true,
    "final_run_cv": 0.005710209433448062,
    "n_samples_raw": 5000,
    "n_samples_clean": 4360,
    "n_outliers_removed": 640
  }
}
