{
  "artifact_type": "inference_benchmark",
  "generated_by": "python src/benchmark_inference.py",
  "base_name": "exp0_training_regime__20260311_125626",
  "experiment": "exp0_training_regime",
  "raw_csv_path": "C:/Users/leona/OneDrive/Documents/Projects/Acadêmicos/FG2P/results/exp0_training_regime/benchmark_exp0_training_regime__20260311_125626_cpu_raw_b128.csv",
  "benchmark_metadata": {
    "benchmark_date": "2026-03-15 17:32:27",
    "devices": [
      "cpu"
    ],
    "test_words": 500,
    "warmup_runs": 20,
    "benchmark_runs": 200,
    "adaptive": true,
    "adaptive_min_runs": 10,
    "adaptive_max_runs": 80,
    "adaptive_cv_target": 0.03,
    "loop_overhead_us": 0.100000761449337,
    "force": true,
    "selected_models": 19,
    "cpu_quantize": false,
    "cpu_threads": null,
    "batch_size": 128,
    "sweep_mode": true,
    "sweep_batch_sizes": [
      1,
      4,
      8,
      16,
      32,
      64,
      128
    ]
  },
  "result": {
    "model_index": 16,
    "base_name": "exp0_training_regime__20260311_125626",
    "experiment": "exp0_training_regime",
    "params": 4321963,
    "n": 5000,
    "total_time_s": 6.970835896208882,
    "mean_lat_ms": 1.3941671792417765,
    "p50_ms": 1.3737210930457877,
    "p95_ms": 1.5313093741724515,
    "p99_ms": 1.5594265616982739,
    "throughput_wps": 717.2740937308926,
    "throughput_tps": 6743.811029257851,
    "throughput_cps_in": 6283.321061082618,
    "throughput_cps_out": 6805.496601318709,
    "tokens_per_word": 9.402,
    "chars_in_per_word": 8.76,
    "chars_out_per_word": 9.488,
    "ci95_lat_low_ms": 1.3918132266078338,
    "ci95_lat_high_ms": 1.3965211318757194,
    "ci95_wps_low": 716.065068529871,
    "ci95_wps_high": 718.4872085439423,
    "stable_wps": 713.3000359074983,
    "stable_cv": 0.054014944762806105,
    "stable_window_start": 1256,
    "global_cv": 0.06091325340362183,
    "thermal_ratio": 1.0101172887737353,
    "mean_first_ms": 1.3835425992292585,
    "mean_last_ms": 1.3975402992364252,
    "loop_overhead_us": 0.100000761449337,
    "status": "success",
    "device": "cpu",
    "batch_size": 128,
    "adaptive": true,
    "runs_executed": 10,
    "max_runs": 80,
    "min_runs": 10,
    "cv_target": 0.03,
    "converged": true,
    "final_run_cv": 0.0028128234959548313,
    "n_samples_raw": 5000,
    "n_samples_clean": 5000,
    "n_outliers_removed": 0
  }
}
