{
  "artifact_type": "inference_benchmark",
  "generated_by": "python src/benchmark_inference.py",
  "base_name": "exp0_training_regime__20260311_125626",
  "experiment": "exp0_training_regime",
  "raw_csv_path": "C:/Users/leona/OneDrive/Documents/Projects/Acadêmicos/FG2P/results/exp0_training_regime/benchmark_exp0_training_regime__20260311_125626_cpu_raw_b8.csv",
  "benchmark_metadata": {
    "benchmark_date": "2026-03-15 16:15:46",
    "devices": [
      "cpu"
    ],
    "test_words": 500,
    "warmup_runs": 20,
    "benchmark_runs": 200,
    "adaptive": true,
    "adaptive_min_runs": 10,
    "adaptive_max_runs": 80,
    "adaptive_cv_target": 0.03,
    "loop_overhead_us": 0.100000761449337,
    "force": true,
    "selected_models": 19,
    "cpu_quantize": false,
    "cpu_threads": null,
    "batch_size": 8,
    "sweep_mode": true,
    "sweep_batch_sizes": [
      1,
      4,
      8,
      16,
      32,
      64,
      128
    ]
  },
  "result": {
    "model_index": 16,
    "base_name": "exp0_training_regime__20260311_125626",
    "experiment": "exp0_training_regime",
    "params": 4321963,
    "n": 4944,
    "total_time_s": 21.79895549613866,
    "mean_lat_ms": 4.409173846306364,
    "p50_ms": 4.339099998105667,
    "p95_ms": 5.54372499937017,
    "p99_ms": 5.974862498987932,
    "throughput_wps": 226.79985749205972,
    "throughput_tps": 2127.3955079276434,
    "throughput_cps_in": 1981.8380751156885,
    "throughput_cps_out": 2146.983602415732,
    "tokens_per_word": 9.380056634304207,
    "chars_in_per_word": 8.73826860841424,
    "chars_out_per_word": 9.466423948220065,
    "ci95_lat_low_ms": 4.391849586744073,
    "ci95_lat_high_ms": 4.426498105868653,
    "ci95_wps_low": 225.91221685471854,
    "ci95_wps_high": 227.69450097250635,
    "stable_wps": 226.02029867503228,
    "stable_cv": 0.134858093166377,
    "stable_window_start": 2420,
    "global_cv": 0.1409550431897333,
    "thermal_ratio": 0.9941434723021494,
    "mean_first_ms": 4.3961292502262586,
    "mean_last_ms": 4.3703831975089775,
    "loop_overhead_us": 0.100000761449337,
    "status": "success",
    "device": "cpu",
    "batch_size": 8,
    "adaptive": true,
    "runs_executed": 10,
    "max_runs": 80,
    "min_runs": 10,
    "cv_target": 0.03,
    "converged": true,
    "final_run_cv": 0.007867531294468023,
    "n_samples_raw": 5000,
    "n_samples_clean": 4944,
    "n_outliers_removed": 56
  }
}
