{
  "artifact_type": "inference_benchmark",
  "generated_by": "python src/benchmark_inference.py",
  "base_name": "exp3_panphon_trainable__20260219_022322",
  "experiment": "exp3_panphon_trainable",
  "raw_csv_path": "C:/Users/leona/OneDrive/Documents/Projects/Acadêmicos/FG2P/results/exp3_panphon_trainable/benchmark_exp3_panphon_trainable__20260219_022322_cuda_raw_b256.csv",
  "benchmark_metadata": {
    "benchmark_date": "2026-03-15 10:17:42",
    "devices": [
      "cuda"
    ],
    "test_words": 1000,
    "warmup_runs": 20,
    "benchmark_runs": 50,
    "loop_overhead_us": 0.10000010433941497,
    "force": true,
    "selected_models": 19,
    "cpu_quantize": false,
    "cpu_threads": null,
    "batch_size": 256,
    "sweep_mode": true,
    "sweep_batch_sizes": [
      1,
      4,
      8,
      16,
      32,
      64,
      128,
      256,
      512
    ]
  },
  "result": {
    "model_index": 0,
    "base_name": "exp3_panphon_trainable__20260219_022322",
    "experiment": "exp3_panphon_trainable",
    "params": 4319659,
    "n": 50000,
    "total_time_s": 55.74786409482204,
    "mean_lat_ms": 1.1149572818964408,
    "p50_ms": 1.1010011718076385,
    "p95_ms": 1.2012746093182614,
    "p99_ms": 1.4491121092169124,
    "throughput_wps": 896.8953485815089,
    "throughput_tps": 8690.91592775482,
    "throughput_cps_in": 8066.676765142091,
    "throughput_cps_out": 8780.605462612972,
    "tokens_per_word": 9.69,
    "chars_in_per_word": 8.994,
    "chars_out_per_word": 9.79,
    "ci95_lat_low_ms": 1.1142060526333228,
    "ci95_lat_high_ms": 1.1157085111595588,
    "ci95_wps_low": 896.2914506771103,
    "ci95_wps_high": 897.5000608160336,
    "stable_wps": 910.1535796759117,
    "stable_cv": 0.02761862154516411,
    "stable_window_start": 17512,
    "global_cv": 0.07686757839790734,
    "thermal_ratio": 0.9533444881585812,
    "mean_first_ms": 1.1571665998993013,
    "mean_last_ms": 1.1031783998952052,
    "loop_overhead_us": 0.10000010433941497,
    "status": "success",
    "device": "cuda",
    "batch_size": 256
  }
}
