{
  "artifact_type": "inference_benchmark",
  "generated_by": "python src/benchmark_inference.py",
  "base_name": "exp3_panphon_trainable__20260219_022322",
  "experiment": "exp3_panphon_trainable",
  "raw_csv_path": "C:/Users/leona/OneDrive/Documents/Projects/Acadêmicos/FG2P/results/exp3_panphon_trainable/benchmark_exp3_panphon_trainable__20260219_022322_cpu_raw_b8.csv",
  "benchmark_metadata": {
    "benchmark_date": "2026-03-15 16:15:46",
    "devices": [
      "cpu"
    ],
    "test_words": 500,
    "warmup_runs": 20,
    "benchmark_runs": 200,
    "adaptive": true,
    "adaptive_min_runs": 10,
    "adaptive_max_runs": 80,
    "adaptive_cv_target": 0.03,
    "loop_overhead_us": 0.100000761449337,
    "force": true,
    "selected_models": 19,
    "cpu_quantize": false,
    "cpu_threads": null,
    "batch_size": 8,
    "sweep_mode": true,
    "sweep_batch_sizes": [
      1,
      4,
      8,
      16,
      32,
      64,
      128
    ]
  },
  "result": {
    "model_index": 0,
    "base_name": "exp3_panphon_trainable__20260219_022322",
    "experiment": "exp3_panphon_trainable",
    "params": 4319659,
    "n": 4888,
    "total_time_s": 22.075026296064607,
    "mean_lat_ms": 4.51616740917852,
    "p50_ms": 4.434387499713921,
    "p95_ms": 5.529862499315641,
    "p99_ms": 6.013887497829273,
    "throughput_wps": 221.426689800655,
    "throughput_tps": 2125.6146819795695,
    "throughput_cps_in": 1961.719067474911,
    "throughput_cps_out": 2151.5263158924117,
    "tokens_per_word": 9.599631751227497,
    "chars_in_per_word": 8.859451718494272,
    "chars_out_per_word": 9.716653027823241,
    "ci95_lat_low_ms": 4.500302692757561,
    "ci95_lat_high_ms": 4.532032125599478,
    "ci95_wps_low": 220.65156916064979,
    "ci95_wps_high": 222.20727543712175,
    "stable_wps": 221.86883942602265,
    "stable_cv": 0.12067024300845548,
    "stable_window_start": 600,
    "global_cv": 0.12530598319476152,
    "thermal_ratio": 0.9993671055801558,
    "mean_first_ms": 4.502635656843057,
    "mean_last_ms": 4.49978596386125,
    "loop_overhead_us": 0.100000761449337,
    "status": "success",
    "device": "cpu",
    "batch_size": 8,
    "adaptive": true,
    "runs_executed": 10,
    "max_runs": 80,
    "min_runs": 10,
    "cv_target": 0.03,
    "converged": true,
    "final_run_cv": 0.004663509246485172,
    "n_samples_raw": 5000,
    "n_samples_clean": 4888,
    "n_outliers_removed": 112
  }
}
