{
  "artifact_type": "inference_benchmark",
  "generated_by": "python src/benchmark_inference.py",
  "base_name": "exp3_panphon_trainable__20260219_022322",
  "experiment": "exp3_panphon_trainable",
  "raw_csv_path": "C:/Users/leona/OneDrive/Documents/Projects/Acadêmicos/FG2P/results/exp3_panphon_trainable/benchmark_exp3_panphon_trainable__20260219_022322_cuda_raw_b4.csv",
  "benchmark_metadata": {
    "benchmark_date": "2026-03-14 21:57:11",
    "devices": [
      "cuda"
    ],
    "test_words": 1000,
    "warmup_runs": 20,
    "benchmark_runs": 50,
    "loop_overhead_us": 0.10000010433941497,
    "force": true,
    "selected_models": 19,
    "cpu_quantize": false,
    "cpu_threads": null,
    "batch_size": 4,
    "sweep_mode": true,
    "sweep_batch_sizes": [
      1,
      4,
      8,
      16,
      32,
      64,
      128,
      256,
      512
    ]
  },
  "result": {
    "model_index": 0,
    "base_name": "exp3_panphon_trainable__20260219_022322",
    "experiment": "exp3_panphon_trainable",
    "params": 4319659,
    "n": 50000,
    "total_time_s": 449.9538610947757,
    "mean_lat_ms": 8.999077221895513,
    "p50_ms": 8.761374999014606,
    "p95_ms": 11.967875000411823,
    "p99_ms": 14.319974998873022,
    "throughput_wps": 111.12250460157355,
    "throughput_tps": 1076.7770695892477,
    "throughput_cps_in": 999.4358063865526,
    "throughput_cps_out": 1087.8893200494051,
    "tokens_per_word": 9.69,
    "chars_in_per_word": 8.994,
    "chars_out_per_word": 9.79,
    "ci95_lat_low_ms": 8.984327312802696,
    "ci95_lat_high_ms": 9.013827130988332,
    "ci95_wps_low": 110.94066765071784,
    "ci95_wps_high": 111.3049386095937,
    "stable_wps": 112.08638169367265,
    "stable_cv": 0.16416178810489288,
    "stable_window_start": 3536,
    "global_cv": 0.18699082422808508,
    "thermal_ratio": 1.0011337942368475,
    "mean_first_ms": 8.871742029903634,
    "mean_last_ms": 8.881800759887938,
    "loop_overhead_us": 0.10000010433941497,
    "status": "success",
    "device": "cuda",
    "batch_size": 4
  }
}
