{
  "artifact_type": "inference_benchmark",
  "generated_by": "python src/benchmark_inference.py",
  "base_name": "exp3_panphon_trainable__20260219_022322",
  "experiment": "exp3_panphon_trainable",
  "raw_csv_path": "C:/Users/leona/OneDrive/Documents/Projects/Acadêmicos/FG2P/results/exp3_panphon_trainable/benchmark_exp3_panphon_trainable__20260219_022322_cpu_raw_b32.csv",
  "benchmark_metadata": {
    "benchmark_date": "2026-03-15 17:04:56",
    "devices": [
      "cpu"
    ],
    "test_words": 500,
    "warmup_runs": 20,
    "benchmark_runs": 200,
    "adaptive": true,
    "adaptive_min_runs": 10,
    "adaptive_max_runs": 80,
    "adaptive_cv_target": 0.03,
    "loop_overhead_us": 0.100000761449337,
    "force": true,
    "selected_models": 19,
    "cpu_quantize": false,
    "cpu_threads": null,
    "batch_size": 32,
    "sweep_mode": true,
    "sweep_batch_sizes": [
      1,
      4,
      8,
      16,
      32,
      64,
      128
    ]
  },
  "result": {
    "model_index": 0,
    "base_name": "exp3_panphon_trainable__20260219_022322",
    "experiment": "exp3_panphon_trainable",
    "params": 4319659,
    "n": 5000,
    "total_time_s": 10.412707296010922,
    "mean_lat_ms": 2.0825414592021843,
    "p50_ms": 2.0734593745146412,
    "p95_ms": 2.5036968745553168,
    "p99_ms": 2.6193249992502388,
    "throughput_wps": 480.18251717451864,
    "throughput_tps": 4621.276545287567,
    "throughput_cps_in": 4264.020752509726,
    "throughput_cps_out": 4678.89844734851,
    "tokens_per_word": 9.624,
    "chars_in_per_word": 8.88,
    "chars_out_per_word": 9.744,
    "ci95_lat_low_ms": 2.0760043100429963,
    "ci95_lat_high_ms": 2.0890786083613726,
    "ci95_wps_low": 478.6799290354986,
    "ci95_wps_high": 481.69456834089567,
    "stable_wps": 479.3785032135383,
    "stable_cv": 0.10940098369039926,
    "stable_window_start": 3160,
    "global_cv": 0.11324620810397576,
    "thermal_ratio": 0.9989879656038515,
    "mean_first_ms": 2.088268899198738,
    "mean_last_ms": 2.0861554992443416,
    "loop_overhead_us": 0.100000761449337,
    "status": "success",
    "device": "cpu",
    "batch_size": 32,
    "adaptive": true,
    "runs_executed": 10,
    "max_runs": 80,
    "min_runs": 10,
    "cv_target": 0.03,
    "converged": true,
    "final_run_cv": 0.006032724597052685,
    "n_samples_raw": 5000,
    "n_samples_clean": 5000,
    "n_outliers_removed": 0
  }
}
