{
  "artifact_type": "inference_benchmark",
  "generated_by": "python src/benchmark_inference.py",
  "base_name": "exp3_panphon_trainable__20260219_022322",
  "experiment": "exp3_panphon_trainable",
  "raw_csv_path": "C:/Users/leona/OneDrive/Documents/Projects/Acadêmicos/FG2P/results/exp3_panphon_trainable/benchmark_exp3_panphon_trainable__20260219_022322_cpu_raw_b16.csv",
  "benchmark_metadata": {
    "benchmark_date": "2026-03-15 16:44:46",
    "devices": [
      "cpu"
    ],
    "test_words": 500,
    "warmup_runs": 20,
    "benchmark_runs": 200,
    "adaptive": true,
    "adaptive_min_runs": 10,
    "adaptive_max_runs": 80,
    "adaptive_cv_target": 0.03,
    "loop_overhead_us": 0.100000761449337,
    "force": true,
    "selected_models": 19,
    "cpu_quantize": false,
    "cpu_threads": null,
    "batch_size": 16,
    "sweep_mode": true,
    "sweep_batch_sizes": [
      1,
      4,
      8,
      16,
      32,
      64,
      128
    ]
  },
  "result": {
    "model_index": 0,
    "base_name": "exp3_panphon_trainable__20260219_022322",
    "experiment": "exp3_panphon_trainable",
    "params": 4319659,
    "n": 4960,
    "total_time_s": 14.540018096144195,
    "mean_lat_ms": 2.931455261319394,
    "p50_ms": 2.9227437489680597,
    "p95_ms": 3.60687499960477,
    "p99_ms": 3.722949999428238,
    "throughput_wps": 341.1274984118019,
    "throughput_tps": 3282.664415160344,
    "throughput_cps_in": 3028.882062511241,
    "throughput_cps_out": 3323.2420813020703,
    "tokens_per_word": 9.622983870967742,
    "chars_in_per_word": 8.879032258064516,
    "chars_out_per_word": 9.741935483870968,
    "ci95_lat_low_ms": 2.921640360507272,
    "ci95_lat_high_ms": 2.941270162131516,
    "ci95_wps_low": 339.98916960260044,
    "ci95_wps_high": 342.273475379555,
    "stable_wps": 340.7431457756914,
    "stable_cv": 0.11666281729095099,
    "stable_window_start": 2000,
    "global_cv": 0.12030603435426722,
    "thermal_ratio": 1.0132599048003015,
    "mean_first_ms": 2.918846672635541,
    "mean_last_ms": 2.9575503016413647,
    "loop_overhead_us": 0.100000761449337,
    "status": "success",
    "device": "cpu",
    "batch_size": 16,
    "adaptive": true,
    "runs_executed": 10,
    "max_runs": 80,
    "min_runs": 10,
    "cv_target": 0.03,
    "converged": true,
    "final_run_cv": 0.005496023453528458,
    "n_samples_raw": 5000,
    "n_samples_clean": 4960,
    "n_outliers_removed": 40
  }
}
