{
  "artifact_type": "inference_benchmark",
  "generated_by": "python src/benchmark_inference.py",
  "base_name": "exp3_panphon_trainable__20260219_022322",
  "experiment": "exp3_panphon_trainable",
  "raw_csv_path": "C:/Users/leona/OneDrive/Documents/Projects/Acadêmicos/FG2P/results/exp3_panphon_trainable/benchmark_exp3_panphon_trainable__20260219_022322_cuda_raw_b32.csv",
  "benchmark_metadata": {
    "benchmark_date": "2026-03-15 06:34:55",
    "devices": [
      "cuda"
    ],
    "test_words": 1000,
    "warmup_runs": 20,
    "benchmark_runs": 50,
    "loop_overhead_us": 0.10000010433941497,
    "force": true,
    "selected_models": 19,
    "cpu_quantize": false,
    "cpu_threads": null,
    "batch_size": 32,
    "sweep_mode": true,
    "sweep_batch_sizes": [
      1,
      4,
      8,
      16,
      32,
      64,
      128,
      256,
      512
    ]
  },
  "result": {
    "model_index": 0,
    "base_name": "exp3_panphon_trainable__20260219_022322",
    "experiment": "exp3_panphon_trainable",
    "params": 4319659,
    "n": 50000,
    "total_time_s": 108.11139179467591,
    "mean_lat_ms": 2.162227835893518,
    "p50_ms": 2.1287249998954394,
    "p95_ms": 2.4649156250438864,
    "p99_ms": 3.8397218752129447,
    "throughput_wps": 462.4859524050852,
    "throughput_tps": 4481.488878805276,
    "throughput_cps_in": 4159.598655931336,
    "throughput_cps_out": 4527.7374740457835,
    "tokens_per_word": 9.69,
    "chars_in_per_word": 8.994,
    "chars_out_per_word": 9.79,
    "ci95_lat_low_ms": 2.1596915468309614,
    "ci95_lat_high_ms": 2.1647641249560747,
    "ci95_wps_low": 461.9440928790757,
    "ci95_wps_high": 463.02908462430986,
    "stable_wps": 463.676522516911,
    "stable_cv": 0.12232390658442736,
    "stable_window_start": 4704,
    "global_cv": 0.1338216023269364,
    "thermal_ratio": 0.9989473594682875,
    "mean_first_ms": 2.1535461698870675,
    "mean_last_ms": 2.15127925990173,
    "loop_overhead_us": 0.10000010433941497,
    "status": "success",
    "device": "cuda",
    "batch_size": 32
  }
}
