{
  "artifact_type": "inference_benchmark",
  "generated_by": "python src/benchmark_inference.py",
  "base_name": "exp3_panphon_trainable__20260219_022322",
  "experiment": "exp3_panphon_trainable",
  "raw_csv_path": "C:/Users/leona/OneDrive/Documents/Projects/Acadêmicos/FG2P/results/exp3_panphon_trainable/benchmark_exp3_panphon_trainable__20260219_022322_cuda_raw_b512.csv",
  "benchmark_metadata": {
    "benchmark_date": "2026-03-15 11:19:26",
    "devices": [
      "cuda"
    ],
    "test_words": 1000,
    "warmup_runs": 20,
    "benchmark_runs": 50,
    "loop_overhead_us": 0.10000010433941497,
    "force": true,
    "selected_models": 19,
    "cpu_quantize": false,
    "cpu_threads": null,
    "batch_size": 512,
    "sweep_mode": true,
    "sweep_batch_sizes": [
      1,
      4,
      8,
      16,
      32,
      64,
      128,
      256,
      512
    ]
  },
  "result": {
    "model_index": 0,
    "base_name": "exp3_panphon_trainable__20260219_022322",
    "experiment": "exp3_panphon_trainable",
    "params": 4319659,
    "n": 50000,
    "total_time_s": 37.902357494732314,
    "mean_lat_ms": 0.7580471498946463,
    "p50_ms": 0.7556674179090805,
    "p95_ms": 0.9151781248738189,
    "p99_ms": 1.0310856556386587,
    "throughput_wps": 1319.1791567832956,
    "throughput_tps": 12782.846029230135,
    "throughput_cps_in": 11864.69733610896,
    "throughput_cps_out": 12914.763944908464,
    "tokens_per_word": 9.69,
    "chars_in_per_word": 8.994,
    "chars_out_per_word": 9.79,
    "ci95_lat_low_ms": 0.7572798183451812,
    "ci95_lat_high_ms": 0.7588144814441112,
    "ci95_wps_low": 1317.8451709262124,
    "ci95_wps_high": 1320.5158460253363,
    "stable_wps": 1305.543994047592,
    "stable_cv": 0.025313223648479106,
    "stable_window_start": 14512,
    "global_cv": 0.11548239083959697,
    "thermal_ratio": 1.027285373589504,
    "mean_first_ms": 0.7587544998991689,
    "mean_last_ms": 0.7794573998916349,
    "loop_overhead_us": 0.10000010433941497,
    "status": "success",
    "device": "cuda",
    "batch_size": 512
  }
}
