{
  "artifact_type": "inference_benchmark",
  "generated_by": "python src/benchmark_inference.py",
  "base_name": "exp3_panphon_trainable__20260219_022322",
  "experiment": "exp3_panphon_trainable",
  "raw_csv_path": "C:/Users/leona/OneDrive/Documents/Projects/Acadêmicos/FG2P/results/exp3_panphon_trainable/benchmark_exp3_panphon_trainable__20260219_022322_cuda_raw_b16.csv",
  "benchmark_metadata": {
    "benchmark_date": "2026-03-15 04:42:32",
    "devices": [
      "cuda"
    ],
    "test_words": 1000,
    "warmup_runs": 20,
    "benchmark_runs": 50,
    "loop_overhead_us": 0.10000010433941497,
    "force": true,
    "selected_models": 19,
    "cpu_quantize": false,
    "cpu_threads": null,
    "batch_size": 16,
    "sweep_mode": true,
    "sweep_batch_sizes": [
      1,
      4,
      8,
      16,
      32,
      64,
      128,
      256,
      512
    ]
  },
  "result": {
    "model_index": 0,
    "base_name": "exp3_panphon_trainable__20260219_022322",
    "experiment": "exp3_panphon_trainable",
    "params": 4319659,
    "n": 50000,
    "total_time_s": 164.6996117949866,
    "mean_lat_ms": 3.293992235899732,
    "p50_ms": 3.2520062502248948,
    "p95_ms": 3.9609749999021915,
    "p99_ms": 4.394225000144161,
    "throughput_wps": 303.58298635359614,
    "throughput_tps": 2941.7191377663466,
    "throughput_cps_in": 2730.425379264244,
    "throughput_cps_out": 2972.0774364017066,
    "tokens_per_word": 9.69,
    "chars_in_per_word": 8.994,
    "chars_out_per_word": 9.79,
    "ci95_lat_low_ms": 3.2907200895796835,
    "ci95_lat_high_ms": 3.2972643822197805,
    "ci95_wps_low": 303.2817160165911,
    "ci95_wps_high": 303.8848558303626,
    "stable_wps": 304.7417586126016,
    "stable_cv": 0.10721958141687352,
    "stable_window_start": 10816,
    "global_cv": 0.11332848298500611,
    "thermal_ratio": 1.0037293115660177,
    "mean_first_ms": 3.2890815799307345,
    "mean_last_ms": 3.301347589908346,
    "loop_overhead_us": 0.10000010433941497,
    "status": "success",
    "device": "cuda",
    "batch_size": 16
  }
}
