{
  "artifact_type": "inference_benchmark",
  "generated_by": "python src/benchmark_inference.py",
  "base_name": "exp3_panphon_trainable__20260219_022322",
  "experiment": "exp3_panphon_trainable",
  "raw_csv_path": "C:/Users/leona/OneDrive/Documents/Projects/Acadêmicos/FG2P/results/exp3_panphon_trainable/benchmark_exp3_panphon_trainable__20260219_022322_cpu_raw_b4.csv",
  "benchmark_metadata": {
    "benchmark_date": "2026-03-15 15:32:05",
    "devices": [
      "cpu"
    ],
    "test_words": 500,
    "warmup_runs": 20,
    "benchmark_runs": 200,
    "adaptive": true,
    "adaptive_min_runs": 10,
    "adaptive_max_runs": 80,
    "adaptive_cv_target": 0.03,
    "loop_overhead_us": 0.100000761449337,
    "force": true,
    "selected_models": 19,
    "cpu_quantize": false,
    "cpu_threads": null,
    "batch_size": 4,
    "sweep_mode": true,
    "sweep_batch_sizes": [
      1,
      4,
      8,
      16,
      32,
      64,
      128
    ]
  },
  "result": {
    "model_index": 0,
    "base_name": "exp3_panphon_trainable__20260219_022322",
    "experiment": "exp3_panphon_trainable",
    "params": 4319659,
    "n": 4884,
    "total_time_s": 34.25907419619034,
    "mean_lat_ms": 7.014552456222428,
    "p50_ms": 6.976549997489201,
    "p95_ms": 8.898124997358536,
    "p99_ms": 9.48295000125654,
    "throughput_wps": 142.56077009060297,
    "throughput_tps": 1362.4127649424433,
    "throughput_cps_in": 1257.1851694926843,
    "throughput_cps_out": 1378.2917696372199,
    "tokens_per_word": 9.556715806715808,
    "chars_in_per_word": 8.818591318591318,
    "chars_out_per_word": 9.668099918099918,
    "ci95_lat_low_ms": 6.98425670592266,
    "ci95_lat_high_ms": 7.044848206522197,
    "ci95_wps_low": 141.9477000333647,
    "ci95_wps_high": 143.17915880039152,
    "stable_wps": 142.7380280733318,
    "stable_cv": 0.15184766506347253,
    "stable_window_start": 3104,
    "global_cv": 0.15399744009480834,
    "thermal_ratio": 0.9981107451186904,
    "mean_first_ms": 7.03693801135726,
    "mean_last_ms": 7.02364344186983,
    "loop_overhead_us": 0.100000761449337,
    "status": "success",
    "device": "cpu",
    "batch_size": 4,
    "adaptive": true,
    "runs_executed": 10,
    "max_runs": 80,
    "min_runs": 10,
    "cv_target": 0.03,
    "converged": true,
    "final_run_cv": 0.00478649326557508,
    "n_samples_raw": 5000,
    "n_samples_clean": 4884,
    "n_outliers_removed": 116
  }
}
