{
  "artifact_type": "inference_benchmark",
  "generated_by": "python src/benchmark_inference.py",
  "base_name": "exp3_panphon_trainable__20260219_022322",
  "experiment": "exp3_panphon_trainable",
  "raw_csv_path": "C:/Users/leona/OneDrive/Documents/Projects/Acadêmicos/FG2P/results/exp3_panphon_trainable/benchmark_exp3_panphon_trainable__20260219_022322_cpu_raw_b64.csv",
  "benchmark_metadata": {
    "benchmark_date": "2026-03-15 17:19:58",
    "devices": [
      "cpu"
    ],
    "test_words": 500,
    "warmup_runs": 20,
    "benchmark_runs": 200,
    "adaptive": true,
    "adaptive_min_runs": 10,
    "adaptive_max_runs": 80,
    "adaptive_cv_target": 0.03,
    "loop_overhead_us": 0.100000761449337,
    "force": true,
    "selected_models": 19,
    "cpu_quantize": false,
    "cpu_threads": null,
    "batch_size": 64,
    "sweep_mode": true,
    "sweep_batch_sizes": [
      1,
      4,
      8,
      16,
      32,
      64,
      128
    ]
  },
  "result": {
    "model_index": 0,
    "base_name": "exp3_panphon_trainable__20260219_022322",
    "experiment": "exp3_panphon_trainable",
    "params": 4319659,
    "n": 4360,
    "total_time_s": 7.316815196609241,
    "mean_lat_ms": 1.678168623075514,
    "p50_ms": 1.681080768321408,
    "p95_ms": 1.8363218741797027,
    "p99_ms": 1.8398421866550052,
    "throughput_wps": 595.8876755586928,
    "throughput_tps": 5792.137543618669,
    "throughput_cps_in": 5356.15550576724,
    "throughput_cps_out": 5864.573430785208,
    "tokens_per_word": 9.720183486238533,
    "chars_in_per_word": 8.988532110091743,
    "chars_out_per_word": 9.841743119266056,
    "ci95_lat_low_ms": 1.6752390457056014,
    "ci95_lat_high_ms": 1.6810982004454265,
    "ci95_wps_low": 594.849247792329,
    "ci95_wps_high": 596.9297352299985,
    "stable_wps": 592.9898940817995,
    "stable_cv": 0.04500301576143789,
    "stable_window_start": 936,
    "global_cv": 0.05881072708579418,
    "thermal_ratio": 0.9945073646214513,
    "mean_first_ms": 1.6812963294963525,
    "mean_last_ms": 1.672061581795137,
    "loop_overhead_us": 0.100000761449337,
    "status": "success",
    "device": "cpu",
    "batch_size": 64,
    "adaptive": true,
    "runs_executed": 10,
    "max_runs": 80,
    "min_runs": 10,
    "cv_target": 0.03,
    "converged": true,
    "final_run_cv": 0.00765691261636316,
    "n_samples_raw": 5000,
    "n_samples_clean": 4360,
    "n_outliers_removed": 640
  }
}
