{
  "artifact_type": "inference_benchmark",
  "generated_by": "python src/benchmark_inference.py",
  "base_name": "exp3_panphon_trainable__20260219_022322",
  "experiment": "exp3_panphon_trainable",
  "raw_csv_path": "C:/Users/leona/OneDrive/Documents/Projects/Acadêmicos/FG2P/results/exp3_panphon_trainable/benchmark_exp3_panphon_trainable__20260219_022322_cpu_raw_b128.csv",
  "benchmark_metadata": {
    "benchmark_date": "2026-03-15 17:32:27",
    "devices": [
      "cpu"
    ],
    "test_words": 500,
    "warmup_runs": 20,
    "benchmark_runs": 200,
    "adaptive": true,
    "adaptive_min_runs": 10,
    "adaptive_max_runs": 80,
    "adaptive_cv_target": 0.03,
    "loop_overhead_us": 0.100000761449337,
    "force": true,
    "selected_models": 19,
    "cpu_quantize": false,
    "cpu_threads": null,
    "batch_size": 128,
    "sweep_mode": true,
    "sweep_batch_sizes": [
      1,
      4,
      8,
      16,
      32,
      64,
      128
    ]
  },
  "result": {
    "model_index": 0,
    "base_name": "exp3_panphon_trainable__20260219_022322",
    "experiment": "exp3_panphon_trainable",
    "params": 4319659,
    "n": 5000,
    "total_time_s": 7.209056796185905,
    "mean_lat_ms": 1.441811359237181,
    "p50_ms": 1.433842186770562,
    "p95_ms": 1.5341781241886565,
    "p99_ms": 1.5810359367378624,
    "throughput_wps": 693.572008288983,
    "throughput_tps": 6674.937007773173,
    "throughput_cps_in": 6158.919433606169,
    "throughput_cps_out": 6758.165648767851,
    "tokens_per_word": 9.624,
    "chars_in_per_word": 8.88,
    "chars_out_per_word": 9.744,
    "ci95_lat_low_ms": 1.4396397271571528,
    "ci95_lat_high_ms": 1.4439829913172095,
    "ci95_wps_low": 692.528932828907,
    "ci95_wps_high": 694.6182306143312,
    "stable_wps": 697.203336517235,
    "stable_cv": 0.04542951288292044,
    "stable_window_start": 3128,
    "global_cv": 0.05433838626019113,
    "thermal_ratio": 0.9989398870555191,
    "mean_first_ms": 1.4332434992393246,
    "mean_last_ms": 1.4317240992531879,
    "loop_overhead_us": 0.100000761449337,
    "status": "success",
    "device": "cpu",
    "batch_size": 128,
    "adaptive": true,
    "runs_executed": 10,
    "max_runs": 80,
    "min_runs": 10,
    "cv_target": 0.03,
    "converged": true,
    "final_run_cv": 0.013222971781270453,
    "n_samples_raw": 5000,
    "n_samples_clean": 5000,
    "n_outliers_removed": 0
  }
}
