{
  "artifact_type": "inference_benchmark",
  "generated_by": "python src/benchmark_inference.py",
  "base_name": "exp3_panphon_trainable__20260219_022322",
  "experiment": "exp3_panphon_trainable",
  "raw_csv_path": "C:/Users/leona/OneDrive/Documents/Projects/Acadêmicos/FG2P/results/exp3_panphon_trainable/benchmark_exp3_panphon_trainable__20260219_022322_cpu_raw.csv",
  "benchmark_metadata": {
    "benchmark_date": "2026-03-15 13:37:48",
    "devices": [
      "cpu"
    ],
    "test_words": 500,
    "warmup_runs": 20,
    "benchmark_runs": 200,
    "adaptive": true,
    "adaptive_min_runs": 10,
    "adaptive_max_runs": 80,
    "adaptive_cv_target": 0.03,
    "loop_overhead_us": 0.100000761449337,
    "force": true,
    "selected_models": 19,
    "cpu_quantize": false,
    "cpu_threads": null,
    "batch_size": 1,
    "sweep_mode": true,
    "sweep_batch_sizes": [
      1,
      4,
      8,
      16,
      32,
      64,
      128
    ]
  },
  "result": {
    "model_index": 0,
    "base_name": "exp3_panphon_trainable__20260219_022322",
    "experiment": "exp3_panphon_trainable",
    "params": 4319659,
    "n": 4927,
    "total_time_s": 95.08577679637528,
    "mean_lat_ms": 19.29891958521926,
    "p50_ms": 19.089399997028522,
    "p95_ms": 26.86100000573788,
    "p99_ms": 30.427199992118403,
    "throughput_wps": 51.81637218520173,
    "throughput_tps": 492.64991650976043,
    "throughput_cps_in": 454.2950739363018,
    "throughput_cps_out": 498.94949169525586,
    "tokens_per_word": 9.507611122386848,
    "chars_in_per_word": 8.767404099857925,
    "chars_out_per_word": 9.629186117312766,
    "ci95_lat_low_ms": 19.174723270633592,
    "ci95_lat_high_ms": 19.423115899804927,
    "ci95_wps_low": 51.48504519864618,
    "ci95_wps_high": 52.15199123793962,
    "stable_wps": 51.919000858956124,
    "stable_cv": 0.22825664080534847,
    "stable_window_start": 1826,
    "global_cv": 0.2304681533525848,
    "thermal_ratio": 1.0064168713578818,
    "mean_first_ms": 19.264317867387472,
    "mean_last_ms": 19.387934516939843,
    "loop_overhead_us": 0.100000761449337,
    "status": "success",
    "device": "cpu",
    "batch_size": 1,
    "adaptive": true,
    "runs_executed": 10,
    "max_runs": 80,
    "min_runs": 10,
    "cv_target": 0.03,
    "converged": true,
    "final_run_cv": 0.005924588478375605,
    "n_samples_raw": 5000,
    "n_samples_clean": 4927,
    "n_outliers_removed": 73
  }
}
