{
  "artifact_type": "inference_benchmark",
  "generated_by": "python src/benchmark_inference.py",
  "base_name": "exp3_panphon_trainable__20260219_022322",
  "experiment": "exp3_panphon_trainable",
  "raw_csv_path": "C:/Users/leona/OneDrive/Documents/Projects/Acadêmicos/FG2P/results/exp3_panphon_trainable/benchmark_exp3_panphon_trainable__20260219_022322_cuda_raw_b64.csv",
  "benchmark_metadata": {
    "benchmark_date": "2026-03-15 08:01:10",
    "devices": [
      "cuda"
    ],
    "test_words": 1000,
    "warmup_runs": 20,
    "benchmark_runs": 50,
    "loop_overhead_us": 0.10000010433941497,
    "force": true,
    "selected_models": 19,
    "cpu_quantize": false,
    "cpu_threads": null,
    "batch_size": 64,
    "sweep_mode": true,
    "sweep_batch_sizes": [
      1,
      4,
      8,
      16,
      32,
      64,
      128,
      256,
      512
    ]
  },
  "result": {
    "model_index": 0,
    "base_name": "exp3_panphon_trainable__20260219_022322",
    "experiment": "exp3_panphon_trainable",
    "params": 4319659,
    "n": 50000,
    "total_time_s": 74.74932809482289,
    "mean_lat_ms": 1.4949865618964577,
    "p50_ms": 1.4798046872533632,
    "p95_ms": 1.7918968748949737,
    "p99_ms": 1.9336724998743196,
    "throughput_wps": 668.9023336313171,
    "throughput_tps": 6481.6636128874625,
    "throughput_cps_in": 6016.107588680065,
    "throughput_cps_out": 6548.553846250594,
    "tokens_per_word": 9.69,
    "chars_in_per_word": 8.994,
    "chars_out_per_word": 9.79,
    "ci95_lat_low_ms": 1.493872504116327,
    "ci95_lat_high_ms": 1.4961006196765885,
    "ci95_wps_low": 668.4042415650958,
    "ci95_wps_high": 669.4011686034289,
    "stable_wps": 664.7333562195606,
    "stable_cv": 0.08051320035704553,
    "stable_window_start": 33704,
    "global_cv": 0.08501574361005221,
    "thermal_ratio": 1.0052362440812568,
    "mean_first_ms": 1.4945197099071266,
    "mean_last_ms": 1.5023453798924493,
    "loop_overhead_us": 0.10000010433941497,
    "status": "success",
    "device": "cuda",
    "batch_size": 64
  }
}
