{
  "artifact_type": "inference_benchmark",
  "generated_by": "python src/benchmark_inference.py",
  "base_name": "exp3_panphon_trainable__20260219_022322",
  "experiment": "exp3_panphon_trainable",
  "raw_csv_path": "C:/Users/leona/OneDrive/Documents/Projects/Acadêmicos/FG2P/results/exp3_panphon_trainable/benchmark_exp3_panphon_trainable__20260219_022322_cuda_raw.csv",
  "benchmark_metadata": {
    "benchmark_date": "2026-03-14 11:37:52",
    "devices": [
      "cuda"
    ],
    "test_words": 1000,
    "warmup_runs": 20,
    "benchmark_runs": 50,
    "loop_overhead_us": 0.10000010433941497,
    "force": true,
    "selected_models": 19,
    "cpu_quantize": false,
    "cpu_threads": null,
    "batch_size": 1,
    "sweep_mode": true,
    "sweep_batch_sizes": [
      1,
      4,
      8,
      16,
      32,
      64,
      128,
      256,
      512
    ]
  },
  "result": {
    "model_index": 0,
    "base_name": "exp3_panphon_trainable__20260219_022322",
    "experiment": "exp3_panphon_trainable",
    "params": 4319659,
    "n": 50000,
    "total_time_s": 1282.489135994584,
    "mean_lat_ms": 25.64978271989168,
    "p50_ms": 24.976600002194118,
    "p95_ms": 37.3403999990137,
    "p99_ms": 44.47019999927079,
    "throughput_wps": 38.98668503045405,
    "throughput_tps": 377.7809779450997,
    "throughput_cps_in": 350.6462451639037,
    "throughput_cps_out": 381.67964644814515,
    "tokens_per_word": 9.69,
    "chars_in_per_word": 8.994,
    "chars_out_per_word": 9.79,
    "ci95_lat_low_ms": 25.58925066429342,
    "ci95_lat_high_ms": 25.71031477548994,
    "ci95_wps_low": 38.89489524855278,
    "ci95_wps_high": 39.078909074714495,
    "stable_wps": 39.32307405856775,
    "stable_cv": 0.26082328763455515,
    "stable_window_start": 31586,
    "global_cv": 0.2692344705447907,
    "thermal_ratio": 0.9918888902295869,
    "mean_first_ms": 25.855672769896135,
    "mean_last_ms": 25.645954569871627,
    "loop_overhead_us": 0.10000010433941497,
    "status": "success",
    "device": "cuda",
    "batch_size": 1
  }
}
