{
  "artifact_type": "inference_benchmark",
  "generated_by": "python src/benchmark_inference.py",
  "base_name": "exp3_panphon_trainable__20260219_022322",
  "experiment": "exp3_panphon_trainable",
  "raw_csv_path": "C:/Users/leona/OneDrive/Documents/Projects/Acadêmicos/FG2P/results/exp3_panphon_trainable/benchmark_exp3_panphon_trainable__20260219_022322_cuda_raw_b8.csv",
  "benchmark_metadata": {
    "benchmark_date": "2026-03-15 02:00:06",
    "devices": [
      "cuda"
    ],
    "test_words": 1000,
    "warmup_runs": 20,
    "benchmark_runs": 50,
    "loop_overhead_us": 0.10000010433941497,
    "force": true,
    "selected_models": 19,
    "cpu_quantize": false,
    "cpu_threads": null,
    "batch_size": 8,
    "sweep_mode": true,
    "sweep_batch_sizes": [
      1,
      4,
      8,
      16,
      32,
      64,
      128,
      256,
      512
    ]
  },
  "result": {
    "model_index": 0,
    "base_name": "exp3_panphon_trainable__20260219_022322",
    "experiment": "exp3_panphon_trainable",
    "params": 4319659,
    "n": 50000,
    "total_time_s": 277.2728451947305,
    "mean_lat_ms": 5.54545690389461,
    "p50_ms": 5.442225000226699,
    "p95_ms": 6.922062499800177,
    "p99_ms": 7.637637500668006,
    "throughput_wps": 180.32779216040674,
    "throughput_tps": 1747.3763060343415,
    "throughput_cps_in": 1621.8681626906985,
    "throughput_cps_out": 1765.409085250382,
    "tokens_per_word": 9.69,
    "chars_in_per_word": 8.994,
    "chars_out_per_word": 9.79,
    "ci95_lat_low_ms": 5.538634224761478,
    "ci95_lat_high_ms": 5.552279583027742,
    "ci95_wps_low": 180.1062041358308,
    "ci95_wps_high": 180.54992610440257,
    "stable_wps": 176.75034514916615,
    "stable_cv": 0.13217023083217247,
    "stable_window_start": 37576,
    "global_cv": 0.1403610289922621,
    "thermal_ratio": 1.0416842947179508,
    "mean_first_ms": 5.436929219918329,
    "mean_last_ms": 5.663563779882042,
    "loop_overhead_us": 0.10000010433941497,
    "status": "success",
    "device": "cuda",
    "batch_size": 8
  }
}
