{
  "artifact_type": "inference_benchmark",
  "generated_by": "python src/benchmark_inference.py",
  "base_name": "exp3_panphon_trainable__20260219_022322",
  "experiment": "exp3_panphon_trainable",
  "raw_csv_path": "C:/Users/leona/OneDrive/Documents/Projects/Acadêmicos/FG2P/results/exp3_panphon_trainable/benchmark_exp3_panphon_trainable__20260219_022322_cuda_raw_b128.csv",
  "benchmark_metadata": {
    "benchmark_date": "2026-03-15 09:12:54",
    "devices": [
      "cuda"
    ],
    "test_words": 1000,
    "warmup_runs": 20,
    "benchmark_runs": 50,
    "loop_overhead_us": 0.10000010433941497,
    "force": true,
    "selected_models": 19,
    "cpu_quantize": false,
    "cpu_threads": null,
    "batch_size": 128,
    "sweep_mode": true,
    "sweep_batch_sizes": [
      1,
      4,
      8,
      16,
      32,
      64,
      128,
      256,
      512
    ]
  },
  "result": {
    "model_index": 0,
    "base_name": "exp3_panphon_trainable__20260219_022322",
    "experiment": "exp3_panphon_trainable",
    "params": 4319659,
    "n": 50000,
    "total_time_s": 60.47387419466123,
    "mean_lat_ms": 1.2094774838932245,
    "p50_ms": 1.2104971152853767,
    "p95_ms": 1.2811355768387611,
    "p99_ms": 1.465700781157011,
    "throughput_wps": 826.8033207043003,
    "throughput_tps": 8011.72417762467,
    "throughput_cps_in": 7436.2690664144775,
    "throughput_cps_out": 8094.4045096951,
    "tokens_per_word": 9.69,
    "chars_in_per_word": 8.994,
    "chars_out_per_word": 9.79,
    "ci95_lat_low_ms": 1.2089280311073802,
    "ci95_lat_high_ms": 1.2100269366790688,
    "ci95_wps_low": 826.4278832870532,
    "ci95_wps_high": 827.1790993910515,
    "stable_wps": 828.5642075931445,
    "stable_cv": 0.0440188321162449,
    "stable_window_start": 23384,
    "global_cv": 0.05182765065383471,
    "thermal_ratio": 0.999957079520183,
    "mean_first_ms": 1.209445959895038,
    "mean_last_ms": 1.2093940498941265,
    "loop_overhead_us": 0.10000010433941497,
    "status": "success",
    "device": "cuda",
    "batch_size": 128
  }
}
