{
  "artifact_type": "inference_benchmark",
  "generated_by": "python src/benchmark_inference.py",
  "base_name": "exp9_intermediate_distance_aware__20260310_193733",
  "experiment": "exp9_intermediate_distance_aware",
  "raw_csv_path": "C:/Users/leona/OneDrive/Documents/Projects/Acadêmicos/FG2P/results/exp9_intermediate_distance_aware/benchmark_exp9_intermediate_distance_aware__20260310_193733_cuda_raw.csv",
  "benchmark_metadata": {
    "benchmark_date": "2026-03-14 11:37:52",
    "devices": [
      "cuda"
    ],
    "test_words": 1000,
    "warmup_runs": 20,
    "benchmark_runs": 50,
    "loop_overhead_us": 0.10000010433941497,
    "force": true,
    "selected_models": 19,
    "cpu_quantize": false,
    "cpu_threads": null,
    "batch_size": 1,
    "sweep_mode": true,
    "sweep_batch_sizes": [
      1,
      4,
      8,
      16,
      32,
      64,
      128,
      256,
      512
    ]
  },
  "result": {
    "model_index": 14,
    "base_name": "exp9_intermediate_distance_aware__20260310_193733",
    "experiment": "exp9_intermediate_distance_aware",
    "params": 9677803,
    "n": 50000,
    "total_time_s": 1264.0361233946433,
    "mean_lat_ms": 25.280722467892865,
    "p50_ms": 24.59400000290998,
    "p95_ms": 37.20220000170457,
    "p99_ms": 44.200500001099954,
    "throughput_wps": 39.55583157364369,
    "throughput_tps": 383.09822879073914,
    "throughput_cps_in": 355.76514917335135,
    "throughput_cps_out": 387.0538119481035,
    "tokens_per_word": 9.685,
    "chars_in_per_word": 8.994,
    "chars_out_per_word": 9.785,
    "ci95_lat_low_ms": 25.222660756568004,
    "ci95_lat_high_ms": 25.338784179217726,
    "ci95_wps_low": 39.46519268356121,
    "ci95_wps_high": 39.64688775904022,
    "stable_wps": 39.97663853210344,
    "stable_cv": 0.2510323005847822,
    "stable_window_start": 4405,
    "global_cv": 0.2620168866977883,
    "thermal_ratio": 0.9938244574812961,
    "mean_first_ms": 25.610721569902037,
    "mean_last_ms": 25.452561469912418,
    "loop_overhead_us": 0.10000010433941497,
    "status": "success",
    "device": "cuda",
    "batch_size": 1
  }
}
