{
  "artifact_type": "inference_benchmark",
  "generated_by": "python src/benchmark_inference.py",
  "base_name": "exp9_intermediate_distance_aware__20260222_064838",
  "experiment": "exp9_intermediate_distance_aware",
  "raw_csv_path": "C:/Users/leona/OneDrive/Documents/Projects/Acadêmicos/FG2P/results/exp9_intermediate_distance_aware/benchmark_exp9_intermediate_distance_aware__20260222_064838_cpu_raw_b16.csv",
  "benchmark_metadata": {
    "benchmark_date": "2026-03-15 16:44:46",
    "devices": [
      "cpu"
    ],
    "test_words": 500,
    "warmup_runs": 20,
    "benchmark_runs": 200,
    "adaptive": true,
    "adaptive_min_runs": 10,
    "adaptive_max_runs": 80,
    "adaptive_cv_target": 0.03,
    "loop_overhead_us": 0.100000761449337,
    "force": true,
    "selected_models": 19,
    "cpu_quantize": false,
    "cpu_threads": null,
    "batch_size": 16,
    "sweep_mode": true,
    "sweep_batch_sizes": [
      1,
      4,
      8,
      16,
      32,
      64,
      128
    ]
  },
  "result": {
    "model_index": 6,
    "base_name": "exp9_intermediate_distance_aware__20260222_064838",
    "experiment": "exp9_intermediate_distance_aware",
    "params": 9677803,
    "n": 4944,
    "total_time_s": 21.31165369618975,
    "mean_lat_ms": 4.310609566381422,
    "p50_ms": 4.275874998711515,
    "p95_ms": 5.437106248791679,
    "p99_ms": 5.70744374908827,
    "throughput_wps": 231.9857515742161,
    "throughput_tps": 2231.971327898612,
    "throughput_cps_in": 2059.3896947493467,
    "throughput_cps_out": 2259.468020945232,
    "tokens_per_word": 9.621156957928802,
    "chars_in_per_word": 8.877224919093852,
    "chars_out_per_word": 9.739684466019417,
    "ci95_lat_low_ms": 4.294916461940686,
    "ci95_lat_high_ms": 4.326302670822157,
    "ci95_wps_low": 231.1442532082396,
    "ci95_wps_high": 232.83339940636316,
    "stable_wps": 231.2463754048771,
    "stable_cv": 0.12510169253051975,
    "stable_window_start": 2688,
    "global_cv": 0.1306030551526067,
    "thermal_ratio": 0.9895662038235956,
    "mean_first_ms": 4.303185247220901,
    "mean_last_ms": 4.258286689442087,
    "loop_overhead_us": 0.100000761449337,
    "status": "success",
    "device": "cpu",
    "batch_size": 16,
    "adaptive": true,
    "runs_executed": 10,
    "max_runs": 80,
    "min_runs": 10,
    "cv_target": 0.03,
    "converged": true,
    "final_run_cv": 0.014092915281068163,
    "n_samples_raw": 5000,
    "n_samples_clean": 4944,
    "n_outliers_removed": 56
  }
}
