{
  "artifact_type": "inference_benchmark",
  "generated_by": "python src/benchmark_inference.py",
  "base_name": "exp9_intermediate_distance_aware__20260310_193733",
  "experiment": "exp9_intermediate_distance_aware",
  "raw_csv_path": "C:/Users/leona/OneDrive/Documents/Projects/Acadêmicos/FG2P/results/exp9_intermediate_distance_aware/benchmark_exp9_intermediate_distance_aware__20260310_193733_cuda_raw_b8.csv",
  "benchmark_metadata": {
    "benchmark_date": "2026-03-15 02:00:06",
    "devices": [
      "cuda"
    ],
    "test_words": 1000,
    "warmup_runs": 20,
    "benchmark_runs": 50,
    "loop_overhead_us": 0.10000010433941497,
    "force": true,
    "selected_models": 19,
    "cpu_quantize": false,
    "cpu_threads": null,
    "batch_size": 8,
    "sweep_mode": true,
    "sweep_batch_sizes": [
      1,
      4,
      8,
      16,
      32,
      64,
      128,
      256,
      512
    ]
  },
  "result": {
    "model_index": 14,
    "base_name": "exp9_intermediate_distance_aware__20260310_193733",
    "experiment": "exp9_intermediate_distance_aware",
    "params": 9677803,
    "n": 50000,
    "total_time_s": 264.8814479947587,
    "mean_lat_ms": 5.297628959895174,
    "p50_ms": 5.212362499808023,
    "p95_ms": 6.591050000427003,
    "p99_ms": 7.1909624991553756,
    "throughput_wps": 188.76369175159965,
    "throughput_tps": 1828.1763546142427,
    "throughput_cps_in": 1697.7406436138872,
    "throughput_cps_out": 1847.0527237894025,
    "tokens_per_word": 9.685,
    "chars_in_per_word": 8.994,
    "chars_out_per_word": 9.785,
    "ci95_lat_low_ms": 5.2912250250442705,
    "ci95_lat_high_ms": 5.304032894746076,
    "ci95_wps_low": 188.53578396743217,
    "ci95_wps_high": 188.9921512063519,
    "stable_wps": 187.12729202577069,
    "stable_cv": 0.12869839510369877,
    "stable_window_start": 4328,
    "global_cv": 0.1379095363430102,
    "thermal_ratio": 0.9366518070390909,
    "mean_first_ms": 5.355447789873233,
    "mean_last_ms": 5.016189849888269,
    "loop_overhead_us": 0.10000010433941497,
    "status": "success",
    "device": "cuda",
    "batch_size": 8
  }
}
