{
  "artifact_type": "inference_benchmark",
  "generated_by": "python src/benchmark_inference.py",
  "base_name": "exp9_intermediate_distance_aware__20260222_064838",
  "experiment": "exp9_intermediate_distance_aware",
  "raw_csv_path": "C:/Users/leona/OneDrive/Documents/Projects/Acadêmicos/FG2P/results/exp9_intermediate_distance_aware/benchmark_exp9_intermediate_distance_aware__20260222_064838_cpu_raw_b4.csv",
  "benchmark_metadata": {
    "benchmark_date": "2026-03-15 15:32:05",
    "devices": [
      "cpu"
    ],
    "test_words": 500,
    "warmup_runs": 20,
    "benchmark_runs": 200,
    "adaptive": true,
    "adaptive_min_runs": 10,
    "adaptive_max_runs": 80,
    "adaptive_cv_target": 0.03,
    "loop_overhead_us": 0.100000761449337,
    "force": true,
    "selected_models": 19,
    "cpu_quantize": false,
    "cpu_threads": null,
    "batch_size": 4,
    "sweep_mode": true,
    "sweep_batch_sizes": [
      1,
      4,
      8,
      16,
      32,
      64,
      128
    ]
  },
  "result": {
    "model_index": 6,
    "base_name": "exp9_intermediate_distance_aware__20260222_064838",
    "experiment": "exp9_intermediate_distance_aware",
    "params": 9677803,
    "n": 4892,
    "total_time_s": 45.16995119594503,
    "mean_lat_ms": 9.233432378566032,
    "p50_ms": 9.175874998618383,
    "p95_ms": 11.763524998968933,
    "p99_ms": 12.40374999906635,
    "throughput_wps": 108.30208734959098,
    "throughput_tps": 1035.3785815955991,
    "throughput_cps_in": 955.1925308228642,
    "throughput_cps_out": 1047.510540685455,
    "tokens_per_word": 9.560098119378578,
    "chars_in_per_word": 8.819705641864267,
    "chars_out_per_word": 9.672117743254292,
    "ci95_lat_low_ms": 9.193492903256814,
    "ci95_lat_high_ms": 9.27337185387525,
    "ci95_wps_low": 107.83564120553517,
    "ci95_wps_high": 108.77258627629418,
    "stable_wps": 108.27108143984783,
    "stable_cv": 0.15025882942272237,
    "stable_window_start": 3744,
    "global_cv": 0.15435700205381106,
    "thermal_ratio": 0.9960009144519059,
    "mean_first_ms": 9.253994477753277,
    "mean_last_ms": 9.216986962175152,
    "loop_overhead_us": 0.100000761449337,
    "status": "success",
    "device": "cpu",
    "batch_size": 4,
    "adaptive": true,
    "runs_executed": 10,
    "max_runs": 80,
    "min_runs": 10,
    "cv_target": 0.03,
    "converged": true,
    "final_run_cv": 0.0041768788324142376,
    "n_samples_raw": 5000,
    "n_samples_clean": 4892,
    "n_outliers_removed": 108
  }
}
