{
  "artifact_type": "inference_benchmark",
  "generated_by": "python src/benchmark_inference.py",
  "base_name": "exp9_intermediate_distance_aware__20260310_193733",
  "experiment": "exp9_intermediate_distance_aware",
  "raw_csv_path": "C:/Users/leona/OneDrive/Documents/Projects/Acadêmicos/FG2P/results/exp9_intermediate_distance_aware/benchmark_exp9_intermediate_distance_aware__20260310_193733_cuda_raw_b4.csv",
  "benchmark_metadata": {
    "benchmark_date": "2026-03-14 21:57:11",
    "devices": [
      "cuda"
    ],
    "test_words": 1000,
    "warmup_runs": 20,
    "benchmark_runs": 50,
    "loop_overhead_us": 0.10000010433941497,
    "force": true,
    "selected_models": 19,
    "cpu_quantize": false,
    "cpu_threads": null,
    "batch_size": 4,
    "sweep_mode": true,
    "sweep_batch_sizes": [
      1,
      4,
      8,
      16,
      32,
      64,
      128,
      256,
      512
    ]
  },
  "result": {
    "model_index": 14,
    "base_name": "exp9_intermediate_distance_aware__20260310_193733",
    "experiment": "exp9_intermediate_distance_aware",
    "params": 9677803,
    "n": 50000,
    "total_time_s": 421.16287469492545,
    "mean_lat_ms": 8.42325749389851,
    "p50_ms": 8.145075001013993,
    "p95_ms": 11.296224999316564,
    "p99_ms": 14.97022499890818,
    "throughput_wps": 118.71891613480443,
    "throughput_tps": 1149.7927027655808,
    "throughput_cps_in": 1067.757931716431,
    "throughput_cps_out": 1161.6645943790613,
    "tokens_per_word": 9.685,
    "chars_in_per_word": 8.994,
    "chars_out_per_word": 9.785,
    "ci95_lat_low_ms": 8.40782989499718,
    "ci95_lat_high_ms": 8.438685092799838,
    "ci95_wps_low": 118.5018742852761,
    "ci95_wps_high": 118.93675448822047,
    "stable_wps": 121.60816821111001,
    "stable_cv": 0.1694459772825988,
    "stable_window_start": 5000,
    "global_cv": 0.20895231784940693,
    "thermal_ratio": 1.007992291240499,
    "mean_first_ms": 8.213486989845933,
    "mean_last_ms": 8.27913156996883,
    "loop_overhead_us": 0.10000010433941497,
    "status": "success",
    "device": "cuda",
    "batch_size": 4
  }
}
