{
  "artifact_type": "inference_benchmark",
  "generated_by": "python src/benchmark_inference.py",
  "base_name": "exp9_intermediate_distance_aware__20260222_064838",
  "experiment": "exp9_intermediate_distance_aware",
  "raw_csv_path": "C:/Users/leona/OneDrive/Documents/Projects/Acadêmicos/FG2P/results/exp9_intermediate_distance_aware/benchmark_exp9_intermediate_distance_aware__20260222_064838_cuda_raw_b4.csv",
  "benchmark_metadata": {
    "benchmark_date": "2026-03-14 21:57:11",
    "devices": [
      "cuda"
    ],
    "test_words": 1000,
    "warmup_runs": 20,
    "benchmark_runs": 50,
    "loop_overhead_us": 0.10000010433941497,
    "force": true,
    "selected_models": 19,
    "cpu_quantize": false,
    "cpu_threads": null,
    "batch_size": 4,
    "sweep_mode": true,
    "sweep_batch_sizes": [
      1,
      4,
      8,
      16,
      32,
      64,
      128,
      256,
      512
    ]
  },
  "result": {
    "model_index": 6,
    "base_name": "exp9_intermediate_distance_aware__20260222_064838",
    "experiment": "exp9_intermediate_distance_aware",
    "params": 9677803,
    "n": 50000,
    "total_time_s": 407.29077779497766,
    "mean_lat_ms": 8.145815555899553,
    "p50_ms": 7.961074998750064,
    "p95_ms": 10.879624999436146,
    "p99_ms": 12.21099999995431,
    "throughput_wps": 122.76241625379753,
    "throughput_tps": 1189.3222886667904,
    "throughput_cps_in": 1104.1251717866548,
    "throughput_cps_out": 1201.5985302921702,
    "tokens_per_word": 9.688,
    "chars_in_per_word": 8.994,
    "chars_out_per_word": 9.788,
    "ci95_lat_low_ms": 8.133038951940824,
    "ci95_lat_high_ms": 8.158592159858282,
    "ci95_wps_low": 122.57016656870987,
    "ci95_wps_high": 122.95526996847416,
    "stable_wps": 122.68853090316593,
    "stable_cv": 0.17076406569527516,
    "stable_window_start": 33580,
    "global_cv": 0.17894097180287608,
    "thermal_ratio": 0.9987524155490006,
    "mean_first_ms": 8.148899239899857,
    "mean_last_ms": 8.138732799915397,
    "loop_overhead_us": 0.10000010433941497,
    "status": "success",
    "device": "cuda",
    "batch_size": 4
  }
}
