{
  "artifact_type": "inference_benchmark",
  "generated_by": "python src/benchmark_inference.py",
  "base_name": "exp9_intermediate_distance_aware__20260310_193733",
  "experiment": "exp9_intermediate_distance_aware",
  "raw_csv_path": "C:/Users/leona/OneDrive/Documents/Projects/Acadêmicos/FG2P/results/exp9_intermediate_distance_aware/benchmark_exp9_intermediate_distance_aware__20260310_193733_cuda_raw_b16.csv",
  "benchmark_metadata": {
    "benchmark_date": "2026-03-15 04:42:32",
    "devices": [
      "cuda"
    ],
    "test_words": 1000,
    "warmup_runs": 20,
    "benchmark_runs": 50,
    "loop_overhead_us": 0.10000010433941497,
    "force": true,
    "selected_models": 19,
    "cpu_quantize": false,
    "cpu_threads": null,
    "batch_size": 16,
    "sweep_mode": true,
    "sweep_batch_sizes": [
      1,
      4,
      8,
      16,
      32,
      64,
      128,
      256,
      512
    ]
  },
  "result": {
    "model_index": 14,
    "base_name": "exp9_intermediate_distance_aware__20260310_193733",
    "experiment": "exp9_intermediate_distance_aware",
    "params": 9677803,
    "n": 50000,
    "total_time_s": 148.943062794654,
    "mean_lat_ms": 2.97886125589308,
    "p50_ms": 2.927393750471765,
    "p95_ms": 3.6852562495573693,
    "p99_ms": 4.151393750109946,
    "throughput_wps": 335.6987499910244,
    "throughput_tps": 3251.242393663071,
    "throughput_cps_in": 3019.2745574192736,
    "throughput_cps_out": 3284.8122686621737,
    "tokens_per_word": 9.685,
    "chars_in_per_word": 8.994,
    "chars_out_per_word": 9.785,
    "ci95_lat_low_ms": 2.975262014420756,
    "ci95_lat_high_ms": 2.9824604973654036,
    "ci95_wps_low": 335.2936278228541,
    "ci95_wps_high": 336.104852330018,
    "stable_wps": 340.0372389168274,
    "stable_cv": 0.1214922420608239,
    "stable_window_start": 39384,
    "global_cv": 0.13784456248019603,
    "thermal_ratio": 0.9756233391873587,
    "mean_first_ms": 3.0320707398955165,
    "mean_last_ms": 2.958158979909149,
    "loop_overhead_us": 0.10000010433941497,
    "status": "success",
    "device": "cuda",
    "batch_size": 16
  }
}
