{
  "artifact_type": "inference_benchmark",
  "generated_by": "python src/benchmark_inference.py",
  "base_name": "exp9_intermediate_distance_aware__20260222_064838",
  "experiment": "exp9_intermediate_distance_aware",
  "raw_csv_path": "C:/Users/leona/OneDrive/Documents/Projects/Acadêmicos/FG2P/results/exp9_intermediate_distance_aware/benchmark_exp9_intermediate_distance_aware__20260222_064838_cuda_raw_b64.csv",
  "benchmark_metadata": {
    "benchmark_date": "2026-03-15 08:01:10",
    "devices": [
      "cuda"
    ],
    "test_words": 1000,
    "warmup_runs": 20,
    "benchmark_runs": 50,
    "loop_overhead_us": 0.10000010433941497,
    "force": true,
    "selected_models": 19,
    "cpu_quantize": false,
    "cpu_threads": null,
    "batch_size": 64,
    "sweep_mode": true,
    "sweep_batch_sizes": [
      1,
      4,
      8,
      16,
      32,
      64,
      128,
      256,
      512
    ]
  },
  "result": {
    "model_index": 6,
    "base_name": "exp9_intermediate_distance_aware__20260222_064838",
    "experiment": "exp9_intermediate_distance_aware",
    "params": 9677803,
    "n": 50000,
    "total_time_s": 67.5810013949058,
    "mean_lat_ms": 1.3516200278981159,
    "p50_ms": 1.3206812497833198,
    "p95_ms": 1.6357199997605676,
    "p99_ms": 1.7528199997491358,
    "throughput_wps": 739.852901969117,
    "throughput_tps": 7167.694914276805,
    "throughput_cps_in": 6654.237000310239,
    "throughput_cps_out": 7241.680204473718,
    "tokens_per_word": 9.688,
    "chars_in_per_word": 8.994,
    "chars_out_per_word": 9.788,
    "ci95_lat_low_ms": 1.3503881683980354,
    "ci95_lat_high_ms": 1.3528518873981963,
    "ci95_wps_low": 739.1792178545127,
    "ci95_wps_high": 740.5278151883538,
    "stable_wps": 731.3093688888655,
    "stable_cv": 0.08546061906301243,
    "stable_window_start": 38512,
    "global_cv": 0.10397657067204324,
    "thermal_ratio": 1.0136441787780424,
    "mean_first_ms": 1.3492977699054791,
    "mean_last_ms": 1.3677078299028835,
    "loop_overhead_us": 0.10000010433941497,
    "status": "success",
    "device": "cuda",
    "batch_size": 64
  }
}
