{
  "artifact_type": "inference_benchmark",
  "generated_by": "python src/benchmark_inference.py",
  "base_name": "exp9_intermediate_distance_aware__20260310_193733",
  "experiment": "exp9_intermediate_distance_aware",
  "raw_csv_path": "C:/Users/leona/OneDrive/Documents/Projects/Acadêmicos/FG2P/results/exp9_intermediate_distance_aware/benchmark_exp9_intermediate_distance_aware__20260310_193733_cuda_raw_b256.csv",
  "benchmark_metadata": {
    "benchmark_date": "2026-03-15 10:17:42",
    "devices": [
      "cuda"
    ],
    "test_words": 1000,
    "warmup_runs": 20,
    "benchmark_runs": 50,
    "loop_overhead_us": 0.10000010433941497,
    "force": true,
    "selected_models": 19,
    "cpu_quantize": false,
    "cpu_threads": null,
    "batch_size": 256,
    "sweep_mode": true,
    "sweep_batch_sizes": [
      1,
      4,
      8,
      16,
      32,
      64,
      128,
      256,
      512
    ]
  },
  "result": {
    "model_index": 14,
    "base_name": "exp9_intermediate_distance_aware__20260310_193733",
    "experiment": "exp9_intermediate_distance_aware",
    "params": 9677803,
    "n": 50000,
    "total_time_s": 49.88939479486453,
    "mean_lat_ms": 0.9977878958972906,
    "p50_ms": 0.9997746092585659,
    "p95_ms": 1.0323982757231849,
    "p99_ms": 1.0559668102156796,
    "throughput_wps": 1002.2170083559895,
    "throughput_tps": 9706.471725927759,
    "throughput_cps_in": 9013.939773153768,
    "throughput_cps_out": 9806.693426763357,
    "tokens_per_word": 9.685,
    "chars_in_per_word": 8.994,
    "chars_out_per_word": 9.785,
    "ci95_lat_low_ms": 0.9975712092495225,
    "ci95_lat_high_ms": 0.9980045825450586,
    "ci95_wps_low": 1001.9994071067817,
    "ci95_wps_high": 1002.4347041373665,
    "stable_wps": 1001.8473063573911,
    "stable_cv": 0.021163271848000025,
    "stable_window_start": 13512,
    "global_cv": 0.024775524111283045,
    "thermal_ratio": 1.0042558840740128,
    "mean_first_ms": 0.9955181898921183,
    "mean_last_ms": 0.9997549999018701,
    "loop_overhead_us": 0.10000010433941497,
    "status": "success",
    "device": "cuda",
    "batch_size": 256
  }
}
