{
  "artifact_type": "inference_benchmark",
  "generated_by": "python src/benchmark_inference.py",
  "base_name": "exp9_intermediate_distance_aware__20260310_193733",
  "experiment": "exp9_intermediate_distance_aware",
  "raw_csv_path": "C:/Users/leona/OneDrive/Documents/Projects/Acadêmicos/FG2P/results/exp9_intermediate_distance_aware/benchmark_exp9_intermediate_distance_aware__20260310_193733_cuda_raw_b128.csv",
  "benchmark_metadata": {
    "benchmark_date": "2026-03-15 09:12:54",
    "devices": [
      "cuda"
    ],
    "test_words": 1000,
    "warmup_runs": 20,
    "benchmark_runs": 50,
    "loop_overhead_us": 0.10000010433941497,
    "force": true,
    "selected_models": 19,
    "cpu_quantize": false,
    "cpu_threads": null,
    "batch_size": 128,
    "sweep_mode": true,
    "sweep_batch_sizes": [
      1,
      4,
      8,
      16,
      32,
      64,
      128,
      256,
      512
    ]
  },
  "result": {
    "model_index": 14,
    "base_name": "exp9_intermediate_distance_aware__20260310_193733",
    "experiment": "exp9_intermediate_distance_aware",
    "params": 9677803,
    "n": 50000,
    "total_time_s": 53.30344069473813,
    "mean_lat_ms": 1.0660688138947627,
    "p50_ms": 1.0570132811585609,
    "p95_ms": 1.2188624998293562,
    "p99_ms": 1.3989648435631352,
    "throughput_wps": 938.0257512145134,
    "throughput_tps": 9084.779400512563,
    "throughput_cps_in": 8436.603606423334,
    "throughput_cps_out": 9178.581975634013,
    "tokens_per_word": 9.685,
    "chars_in_per_word": 8.994,
    "chars_out_per_word": 9.785,
    "ci95_lat_low_ms": 1.0652927310773157,
    "ci95_lat_high_ms": 1.0668448967122097,
    "ci95_wps_low": 937.3433786689973,
    "ci95_wps_high": 938.7091179986875,
    "stable_wps": 939.5272091368147,
    "stable_cv": 0.04163455198781951,
    "stable_window_start": 15512,
    "global_cv": 0.08305231836411155,
    "thermal_ratio": 0.9977733585649273,
    "mean_first_ms": 1.0686408498914717,
    "mean_last_ms": 1.066261369895892,
    "loop_overhead_us": 0.10000010433941497,
    "status": "success",
    "device": "cuda",
    "batch_size": 128
  }
}
