{
  "artifact_type": "inference_benchmark",
  "generated_by": "python src/benchmark_inference.py",
  "base_name": "exp9_intermediate_distance_aware__20260222_064838",
  "experiment": "exp9_intermediate_distance_aware",
  "raw_csv_path": "C:/Users/leona/OneDrive/Documents/Projects/Acadêmicos/FG2P/results/exp9_intermediate_distance_aware/benchmark_exp9_intermediate_distance_aware__20260222_064838_cuda_raw_b512.csv",
  "benchmark_metadata": {
    "benchmark_date": "2026-03-15 11:19:26",
    "devices": [
      "cuda"
    ],
    "test_words": 1000,
    "warmup_runs": 20,
    "benchmark_runs": 50,
    "loop_overhead_us": 0.10000010433941497,
    "force": true,
    "selected_models": 19,
    "cpu_quantize": false,
    "cpu_threads": null,
    "batch_size": 512,
    "sweep_mode": true,
    "sweep_batch_sizes": [
      1,
      4,
      8,
      16,
      32,
      64,
      128,
      256,
      512
    ]
  },
  "result": {
    "model_index": 6,
    "base_name": "exp9_intermediate_distance_aware__20260222_064838",
    "experiment": "exp9_intermediate_distance_aware",
    "params": 9677803,
    "n": 50000,
    "total_time_s": 39.33094289489691,
    "mean_lat_ms": 0.7866188578979382,
    "p50_ms": 0.7868047130207623,
    "p95_ms": 0.8259655736716296,
    "p99_ms": 0.8505200818702358,
    "throughput_wps": 1271.2637002782706,
    "throughput_tps": 12316.002728295885,
    "throughput_cps_in": 11433.745720302766,
    "throughput_cps_out": 12443.129098323712,
    "tokens_per_word": 9.688,
    "chars_in_per_word": 8.994,
    "chars_out_per_word": 9.788,
    "ci95_lat_low_ms": 0.7863931916326782,
    "ci95_lat_high_ms": 0.7868445241631981,
    "ci95_wps_low": 1270.8991030515092,
    "ci95_wps_high": 1271.6285067573383,
    "stable_wps": 1267.3685896313916,
    "stable_cv": 0.02196730310749279,
    "stable_window_start": 13512,
    "global_cv": 0.03272888563731518,
    "thermal_ratio": 1.0290844267617412,
    "mean_first_ms": 0.7803313499019168,
    "mean_last_ms": 0.8030268398980297,
    "loop_overhead_us": 0.10000010433941497,
    "status": "success",
    "device": "cuda",
    "batch_size": 512
  }
}
