{
  "artifact_type": "inference_benchmark",
  "generated_by": "python src/benchmark_inference.py",
  "base_name": "exp9_intermediate_distance_aware__20260222_064838",
  "experiment": "exp9_intermediate_distance_aware",
  "raw_csv_path": "C:/Users/leona/OneDrive/Documents/Projects/Acadêmicos/FG2P/results/exp9_intermediate_distance_aware/benchmark_exp9_intermediate_distance_aware__20260222_064838_cuda_raw_b16.csv",
  "benchmark_metadata": {
    "benchmark_date": "2026-03-15 04:42:32",
    "devices": [
      "cuda"
    ],
    "test_words": 1000,
    "warmup_runs": 20,
    "benchmark_runs": 50,
    "loop_overhead_us": 0.10000010433941497,
    "force": true,
    "selected_models": 19,
    "cpu_quantize": false,
    "cpu_threads": null,
    "batch_size": 16,
    "sweep_mode": true,
    "sweep_batch_sizes": [
      1,
      4,
      8,
      16,
      32,
      64,
      128,
      256,
      512
    ]
  },
  "result": {
    "model_index": 6,
    "base_name": "exp9_intermediate_distance_aware__20260222_064838",
    "experiment": "exp9_intermediate_distance_aware",
    "params": 9677803,
    "n": 50000,
    "total_time_s": 146.81605929472153,
    "mean_lat_ms": 2.9363211858944305,
    "p50_ms": 2.890349999436239,
    "p95_ms": 3.6140375002310066,
    "p99_ms": 4.003912500340903,
    "throughput_wps": 340.56219898689005,
    "throughput_tps": 3299.366583784991,
    "throughput_cps_in": 3063.016417688089,
    "throughput_cps_out": 3333.42280368368,
    "tokens_per_word": 9.688,
    "chars_in_per_word": 8.994,
    "chars_out_per_word": 9.788,
    "ci95_lat_low_ms": 2.933095011499689,
    "ci95_lat_high_ms": 2.939547360289172,
    "ci95_wps_low": 340.18842952121275,
    "ci95_wps_high": 340.93679068674317,
    "stable_wps": 342.9403053067558,
    "stable_cv": 0.1161843132207076,
    "stable_window_start": 39752,
    "global_cv": 0.12534678872669,
    "thermal_ratio": 0.9848458244555822,
    "mean_first_ms": 2.970916489899628,
    "mean_last_ms": 2.9258946998838837,
    "loop_overhead_us": 0.10000010433941497,
    "status": "success",
    "device": "cuda",
    "batch_size": 16
  }
}
