{
  "artifact_type": "inference_benchmark",
  "generated_by": "python src/benchmark_inference.py",
  "base_name": "exp9_intermediate_distance_aware__20260310_193733",
  "experiment": "exp9_intermediate_distance_aware",
  "raw_csv_path": "C:/Users/leona/OneDrive/Documents/Projects/Acadêmicos/FG2P/results/exp9_intermediate_distance_aware/benchmark_exp9_intermediate_distance_aware__20260310_193733_cpu_raw_b64.csv",
  "benchmark_metadata": {
    "benchmark_date": "2026-03-15 17:19:58",
    "devices": [
      "cpu"
    ],
    "test_words": 500,
    "warmup_runs": 20,
    "benchmark_runs": 200,
    "adaptive": true,
    "adaptive_min_runs": 10,
    "adaptive_max_runs": 80,
    "adaptive_cv_target": 0.03,
    "loop_overhead_us": 0.100000761449337,
    "force": true,
    "selected_models": 19,
    "cpu_quantize": false,
    "cpu_threads": null,
    "batch_size": 64,
    "sweep_mode": true,
    "sweep_batch_sizes": [
      1,
      4,
      8,
      16,
      32,
      64,
      128
    ]
  },
  "result": {
    "model_index": 14,
    "base_name": "exp9_intermediate_distance_aware__20260310_193733",
    "experiment": "exp9_intermediate_distance_aware",
    "params": 9677803,
    "n": 4360,
    "total_time_s": 12.050063296686858,
    "mean_lat_ms": 2.7637759854786372,
    "p50_ms": 2.77938593694671,
    "p95_ms": 3.0406656242121244,
    "p99_ms": 3.1737968743072997,
    "throughput_wps": 361.8238255394703,
    "throughput_tps": 3514.504360457928,
    "throughput_cps_in": 3252.2650740577615,
    "throughput_cps_out": 3558.4875319111206,
    "tokens_per_word": 9.713302752293577,
    "chars_in_per_word": 8.988532110091743,
    "chars_out_per_word": 9.8348623853211,
    "ci95_lat_low_ms": 2.7586023915985276,
    "ci95_lat_high_ms": 2.7689495793587464,
    "ci95_wps_low": 361.14778234119643,
    "ci95_wps_high": 362.5024044949551,
    "stable_wps": 358.89551561460473,
    "stable_cv": 0.05208001266973913,
    "stable_window_start": 628,
    "global_cv": 0.06306329646285125,
    "thermal_ratio": 1.0071875706661053,
    "mean_first_ms": 2.7605472469660706,
    "mean_last_ms": 2.780388875380762,
    "loop_overhead_us": 0.100000761449337,
    "status": "success",
    "device": "cpu",
    "batch_size": 64,
    "adaptive": true,
    "runs_executed": 10,
    "max_runs": 80,
    "min_runs": 10,
    "cv_target": 0.03,
    "converged": true,
    "final_run_cv": 0.007499663413096382,
    "n_samples_raw": 5000,
    "n_samples_clean": 4360,
    "n_outliers_removed": 640
  }
}
