{
  "artifact_type": "inference_benchmark",
  "generated_by": "python src/benchmark_inference.py",
  "base_name": "exp9_intermediate_distance_aware__20260222_064838",
  "experiment": "exp9_intermediate_distance_aware",
  "raw_csv_path": "C:/Users/leona/OneDrive/Documents/Projects/Acadêmicos/FG2P/results/exp9_intermediate_distance_aware/benchmark_exp9_intermediate_distance_aware__20260222_064838_cpu_raw.csv",
  "benchmark_metadata": {
    "benchmark_date": "2026-03-15 13:37:48",
    "devices": [
      "cpu"
    ],
    "test_words": 500,
    "warmup_runs": 20,
    "benchmark_runs": 200,
    "adaptive": true,
    "adaptive_min_runs": 10,
    "adaptive_max_runs": 80,
    "adaptive_cv_target": 0.03,
    "loop_overhead_us": 0.100000761449337,
    "force": true,
    "selected_models": 19,
    "cpu_quantize": false,
    "cpu_threads": null,
    "batch_size": 1,
    "sweep_mode": true,
    "sweep_batch_sizes": [
      1,
      4,
      8,
      16,
      32,
      64,
      128
    ]
  },
  "result": {
    "model_index": 6,
    "base_name": "exp9_intermediate_distance_aware__20260222_064838",
    "experiment": "exp9_intermediate_distance_aware",
    "params": 9677803,
    "n": 4927,
    "total_time_s": 119.01552279570024,
    "mean_lat_ms": 24.15577893154054,
    "p50_ms": 23.939699996844865,
    "p95_ms": 33.28459999465849,
    "p99_ms": 37.34670000267215,
    "throughput_wps": 41.39796124290101,
    "throughput_tps": 393.5453031652116,
    "throughput_cps_in": 362.87703473886927,
    "throughput_cps_out": 398.58666235858294,
    "tokens_per_word": 9.506393342804952,
    "chars_in_per_word": 8.765577430485083,
    "chars_out_per_word": 9.62817130099452,
    "ci95_lat_low_ms": 24.003327231822325,
    "ci95_lat_high_ms": 24.308230631258752,
    "ci95_wps_low": 41.138329447724885,
    "ci95_wps_high": 41.660891023235045,
    "stable_wps": 41.224714535038466,
    "stable_cv": 0.2249406709849546,
    "stable_window_start": 3837,
    "global_cv": 0.22601977287586286,
    "thermal_ratio": 1.0041651094152992,
    "mean_first_ms": 24.14259461837887,
    "mean_last_ms": 24.243151166533632,
    "loop_overhead_us": 0.100000761449337,
    "status": "success",
    "device": "cpu",
    "batch_size": 1,
    "adaptive": true,
    "runs_executed": 10,
    "max_runs": 80,
    "min_runs": 10,
    "cv_target": 0.03,
    "converged": true,
    "final_run_cv": 0.0025051012672368937,
    "n_samples_raw": 5000,
    "n_samples_clean": 4927,
    "n_outliers_removed": 73
  }
}
