{
  "artifact_type": "inference_benchmark",
  "generated_by": "python src/benchmark_inference.py",
  "base_name": "exp9_intermediate_distance_aware__20260310_193733",
  "experiment": "exp9_intermediate_distance_aware",
  "raw_csv_path": "C:/Users/leona/OneDrive/Documents/Projects/Acadêmicos/FG2P/results/exp9_intermediate_distance_aware/benchmark_exp9_intermediate_distance_aware__20260310_193733_cpu_raw_b4.csv",
  "benchmark_metadata": {
    "benchmark_date": "2026-03-15 15:32:05",
    "devices": [
      "cpu"
    ],
    "test_words": 500,
    "warmup_runs": 20,
    "benchmark_runs": 200,
    "adaptive": true,
    "adaptive_min_runs": 10,
    "adaptive_max_runs": 80,
    "adaptive_cv_target": 0.03,
    "loop_overhead_us": 0.100000761449337,
    "force": true,
    "selected_models": 19,
    "cpu_quantize": false,
    "cpu_threads": null,
    "batch_size": 4,
    "sweep_mode": true,
    "sweep_batch_sizes": [
      1,
      4,
      8,
      16,
      32,
      64,
      128
    ]
  },
  "result": {
    "model_index": 14,
    "base_name": "exp9_intermediate_distance_aware__20260310_193733",
    "experiment": "exp9_intermediate_distance_aware",
    "params": 9677803,
    "n": 4888,
    "total_time_s": 45.151524095999775,
    "mean_lat_ms": 9.237218513911575,
    "p50_ms": 9.1772999985551,
    "p95_ms": 11.731524999049725,
    "p99_ms": 12.443700001313118,
    "throughput_wps": 108.25769667502885,
    "throughput_tps": 1034.1622112405478,
    "throughput_cps_in": 954.6964551705797,
    "throughput_cps_out": 1046.2548262946732,
    "tokens_per_word": 9.552782324058919,
    "chars_in_per_word": 8.818739770867431,
    "chars_out_per_word": 9.664484451718494,
    "ci95_lat_low_ms": 9.197090438576186,
    "ci95_lat_high_ms": 9.277346589246964,
    "ci95_wps_low": 107.7894406962292,
    "ci95_wps_high": 108.73003877461178,
    "stable_wps": 108.46742879124261,
    "stable_cv": 0.15208791259723822,
    "stable_window_start": 2479,
    "global_cv": 0.15495894112588168,
    "thermal_ratio": 0.9874681558847878,
    "mean_first_ms": 9.310116401467267,
    "mean_last_ms": 9.1934434740296,
    "loop_overhead_us": 0.100000761449337,
    "status": "success",
    "device": "cpu",
    "batch_size": 4,
    "adaptive": true,
    "runs_executed": 10,
    "max_runs": 80,
    "min_runs": 10,
    "cv_target": 0.03,
    "converged": true,
    "final_run_cv": 0.006146627736372901,
    "n_samples_raw": 5000,
    "n_samples_clean": 4888,
    "n_outliers_removed": 112
  }
}
