{
  "artifact_type": "inference_benchmark",
  "generated_by": "python src/benchmark_inference.py",
  "base_name": "exp9_intermediate_distance_aware__20260310_193733",
  "experiment": "exp9_intermediate_distance_aware",
  "raw_csv_path": "C:/Users/leona/OneDrive/Documents/Projects/Acadêmicos/FG2P/results/exp9_intermediate_distance_aware/benchmark_exp9_intermediate_distance_aware__20260310_193733_cuda_raw_b64.csv",
  "benchmark_metadata": {
    "benchmark_date": "2026-03-15 08:01:10",
    "devices": [
      "cuda"
    ],
    "test_words": 1000,
    "warmup_runs": 20,
    "benchmark_runs": 50,
    "loop_overhead_us": 0.10000010433941497,
    "force": true,
    "selected_models": 19,
    "cpu_quantize": false,
    "cpu_threads": null,
    "batch_size": 64,
    "sweep_mode": true,
    "sweep_batch_sizes": [
      1,
      4,
      8,
      16,
      32,
      64,
      128,
      256,
      512
    ]
  },
  "result": {
    "model_index": 14,
    "base_name": "exp9_intermediate_distance_aware__20260310_193733",
    "experiment": "exp9_intermediate_distance_aware",
    "params": 9677803,
    "n": 50000,
    "total_time_s": 67.573903294714,
    "mean_lat_ms": 1.35147806589428,
    "p50_ms": 1.3198968749497908,
    "p95_ms": 1.6418974998691738,
    "p99_ms": 1.764159999877393,
    "throughput_wps": 739.9306176221919,
    "throughput_tps": 7166.228031670928,
    "throughput_cps_in": 6654.935974893994,
    "throughput_cps_out": 7240.221093433148,
    "tokens_per_word": 9.685,
    "chars_in_per_word": 8.994,
    "chars_out_per_word": 9.785,
    "ci95_lat_low_ms": 1.3502545889109596,
    "ci95_lat_high_ms": 1.3527015428776004,
    "ci95_wps_low": 739.2613731131712,
    "ci95_wps_high": 740.6010749473138,
    "stable_wps": 742.9445068267236,
    "stable_cv": 0.09522656973379502,
    "stable_window_start": 21832,
    "global_cv": 0.10327988193416568,
    "thermal_ratio": 1.0045712586459081,
    "mean_first_ms": 1.3375725299040824,
    "mean_last_ms": 1.3436869198959356,
    "loop_overhead_us": 0.10000010433941497,
    "status": "success",
    "device": "cuda",
    "batch_size": 64
  }
}
