{
  "artifact_type": "inference_benchmark",
  "generated_by": "python src/benchmark_inference.py",
  "base_name": "exp9_intermediate_distance_aware__20260222_064838",
  "experiment": "exp9_intermediate_distance_aware",
  "raw_csv_path": "C:/Users/leona/OneDrive/Documents/Projects/Acadêmicos/FG2P/results/exp9_intermediate_distance_aware/benchmark_exp9_intermediate_distance_aware__20260222_064838_cpu_raw_b128.csv",
  "benchmark_metadata": {
    "benchmark_date": "2026-03-15 17:32:27",
    "devices": [
      "cpu"
    ],
    "test_words": 500,
    "warmup_runs": 20,
    "benchmark_runs": 200,
    "adaptive": true,
    "adaptive_min_runs": 10,
    "adaptive_max_runs": 80,
    "adaptive_cv_target": 0.03,
    "loop_overhead_us": 0.100000761449337,
    "force": true,
    "selected_models": 19,
    "cpu_quantize": false,
    "cpu_threads": null,
    "batch_size": 128,
    "sweep_mode": true,
    "sweep_batch_sizes": [
      1,
      4,
      8,
      16,
      32,
      64,
      128
    ]
  },
  "result": {
    "model_index": 6,
    "base_name": "exp9_intermediate_distance_aware__20260222_064838",
    "experiment": "exp9_intermediate_distance_aware",
    "params": 9677803,
    "n": 5000,
    "total_time_s": 12.43166899625794,
    "mean_lat_ms": 2.486333799251588,
    "p50_ms": 2.495773275109843,
    "p95_ms": 2.708860155507864,
    "p99_ms": 2.7631906242504556,
    "throughput_wps": 402.1986107822732,
    "throughput_tps": 3870.759430168597,
    "throughput_cps_in": 3571.523663746586,
    "throughput_cps_out": 3919.02326346247,
    "tokens_per_word": 9.624,
    "chars_in_per_word": 8.88,
    "chars_out_per_word": 9.744,
    "ci95_lat_low_ms": 2.4825026190534727,
    "ci95_lat_high_ms": 2.490164979449703,
    "ci95_wps_low": 401.57981830625056,
    "ci95_wps_high": 402.819313190203,
    "stable_wps": 405.27841098883215,
    "stable_cv": 0.04824039575965606,
    "stable_window_start": 1884,
    "global_cv": 0.05559069150227354,
    "thermal_ratio": 1.0192240215409945,
    "mean_first_ms": 2.459526999242371,
    "mean_last_ms": 2.5068089992564637,
    "loop_overhead_us": 0.100000761449337,
    "status": "success",
    "device": "cpu",
    "batch_size": 128,
    "adaptive": true,
    "runs_executed": 10,
    "max_runs": 80,
    "min_runs": 10,
    "cv_target": 0.03,
    "converged": true,
    "final_run_cv": 0.006889845596138469,
    "n_samples_raw": 5000,
    "n_samples_clean": 5000,
    "n_outliers_removed": 0
  }
}
