{
  "artifact_type": "inference_benchmark",
  "generated_by": "python src/benchmark_inference.py",
  "base_name": "exp9_intermediate_distance_aware__20260222_064838",
  "experiment": "exp9_intermediate_distance_aware",
  "raw_csv_path": "C:/Users/leona/OneDrive/Documents/Projects/Acadêmicos/FG2P/results/exp9_intermediate_distance_aware/benchmark_exp9_intermediate_distance_aware__20260222_064838_cuda_raw_b128.csv",
  "benchmark_metadata": {
    "benchmark_date": "2026-03-15 09:12:54",
    "devices": [
      "cuda"
    ],
    "test_words": 1000,
    "warmup_runs": 20,
    "benchmark_runs": 50,
    "loop_overhead_us": 0.10000010433941497,
    "force": true,
    "selected_models": 19,
    "cpu_quantize": false,
    "cpu_threads": null,
    "batch_size": 128,
    "sweep_mode": true,
    "sweep_batch_sizes": [
      1,
      4,
      8,
      16,
      32,
      64,
      128,
      256,
      512
    ]
  },
  "result": {
    "model_index": 6,
    "base_name": "exp9_intermediate_distance_aware__20260222_064838",
    "experiment": "exp9_intermediate_distance_aware",
    "params": 9677803,
    "n": 50000,
    "total_time_s": 53.03034789484536,
    "mean_lat_ms": 1.060606957896907,
    "p50_ms": 1.0539289060920964,
    "p95_ms": 1.2750656248704217,
    "p99_ms": 1.3869812498546708,
    "throughput_wps": 942.8563451845671,
    "throughput_tps": 9134.392272148087,
    "throughput_cps_in": 8480.049968589996,
    "throughput_cps_out": 9228.677906666542,
    "tokens_per_word": 9.688,
    "chars_in_per_word": 8.994,
    "chars_out_per_word": 9.788,
    "ci95_lat_low_ms": 1.0597991784717733,
    "ci95_lat_high_ms": 1.061414737322041,
    "ci95_wps_low": 942.1387934776646,
    "ci95_wps_high": 943.574990727957,
    "stable_wps": 942.4000474240438,
    "stable_cv": 0.04027563976133367,
    "stable_window_start": 25768,
    "global_cv": 0.08688948957896768,
    "thermal_ratio": 0.9991058477919673,
    "mean_first_ms": 1.0575828098976672,
    "mean_last_ms": 1.05663716989302,
    "loop_overhead_us": 0.10000010433941497,
    "status": "success",
    "device": "cuda",
    "batch_size": 128
  }
}
