{
  "artifact_type": "inference_benchmark",
  "generated_by": "python src/benchmark_inference.py",
  "base_name": "exp9_intermediate_distance_aware__20260310_193733",
  "experiment": "exp9_intermediate_distance_aware",
  "raw_csv_path": "C:/Users/leona/OneDrive/Documents/Projects/Acadêmicos/FG2P/results/exp9_intermediate_distance_aware/benchmark_exp9_intermediate_distance_aware__20260310_193733_cpu_raw.csv",
  "benchmark_metadata": {
    "benchmark_date": "2026-03-15 13:37:48",
    "devices": [
      "cpu"
    ],
    "test_words": 500,
    "warmup_runs": 20,
    "benchmark_runs": 200,
    "adaptive": true,
    "adaptive_min_runs": 10,
    "adaptive_max_runs": 80,
    "adaptive_cv_target": 0.03,
    "loop_overhead_us": 0.100000761449337,
    "force": true,
    "selected_models": 19,
    "cpu_quantize": false,
    "cpu_threads": null,
    "batch_size": 1,
    "sweep_mode": true,
    "sweep_batch_sizes": [
      1,
      4,
      8,
      16,
      32,
      64,
      128
    ]
  },
  "result": {
    "model_index": 14,
    "base_name": "exp9_intermediate_distance_aware__20260310_193733",
    "experiment": "exp9_intermediate_distance_aware",
    "params": 9677803,
    "n": 4927,
    "total_time_s": 119.41136519618158,
    "mean_lat_ms": 24.236120397032998,
    "p50_ms": 23.97670000209473,
    "p95_ms": 33.46890000102576,
    "p99_ms": 37.268999993102625,
    "throughput_wps": 41.26072917687027,
    "throughput_tps": 391.9643655618861,
    "throughput_cps_in": 361.64899320136846,
    "throughput_cps_out": 396.9890129144581,
    "tokens_per_word": 9.499695555104527,
    "chars_in_per_word": 8.764968540694134,
    "chars_out_per_word": 9.621473513294093,
    "ci95_lat_low_ms": 24.082842608114344,
    "ci95_lat_high_ms": 24.38939818595165,
    "ci95_wps_low": 41.001421698711795,
    "ci95_wps_high": 41.52333743455456,
    "stable_wps": 41.24522387791292,
    "stable_cv": 0.22464602698551053,
    "stable_window_start": 261,
    "global_cv": 0.2264912014040751,
    "thermal_ratio": 1.0001223168998195,
    "mean_first_ms": 24.214377461106466,
    "mean_last_ms": 24.217339288688567,
    "loop_overhead_us": 0.100000761449337,
    "status": "success",
    "device": "cpu",
    "batch_size": 1,
    "adaptive": true,
    "runs_executed": 10,
    "max_runs": 80,
    "min_runs": 10,
    "cv_target": 0.03,
    "converged": true,
    "final_run_cv": 0.005657074207840128,
    "n_samples_raw": 5000,
    "n_samples_clean": 4927,
    "n_outliers_removed": 73
  }
}
