{
  "artifact_type": "inference_benchmark",
  "generated_by": "python src/benchmark_inference.py",
  "base_name": "exp9_intermediate_distance_aware__20260222_064838",
  "experiment": "exp9_intermediate_distance_aware",
  "raw_csv_path": "C:/Users/leona/OneDrive/Documents/Projects/Acadêmicos/FG2P/results/exp9_intermediate_distance_aware/benchmark_exp9_intermediate_distance_aware__20260222_064838_cuda_raw_b8.csv",
  "benchmark_metadata": {
    "benchmark_date": "2026-03-15 02:00:06",
    "devices": [
      "cuda"
    ],
    "test_words": 1000,
    "warmup_runs": 20,
    "benchmark_runs": 50,
    "loop_overhead_us": 0.10000010433941497,
    "force": true,
    "selected_models": 19,
    "cpu_quantize": false,
    "cpu_threads": null,
    "batch_size": 8,
    "sweep_mode": true,
    "sweep_batch_sizes": [
      1,
      4,
      8,
      16,
      32,
      64,
      128,
      256,
      512
    ]
  },
  "result": {
    "model_index": 6,
    "base_name": "exp9_intermediate_distance_aware__20260222_064838",
    "experiment": "exp9_intermediate_distance_aware",
    "params": 9677803,
    "n": 50000,
    "total_time_s": 242.90487949533872,
    "mean_lat_ms": 4.858097589906774,
    "p50_ms": 4.73583750019543,
    "p95_ms": 6.179812501361539,
    "p99_ms": 7.037287498608293,
    "throughput_wps": 205.841892117937,
    "throughput_tps": 1994.1962508385736,
    "throughput_cps_in": 1851.3419777087254,
    "throughput_cps_out": 2014.7804400503674,
    "tokens_per_word": 9.688,
    "chars_in_per_word": 8.994,
    "chars_out_per_word": 9.788,
    "ci95_lat_low_ms": 4.85183243531834,
    "ci95_lat_high_ms": 4.864362744495208,
    "ci95_wps_low": 205.57677388094822,
    "ci95_wps_high": 206.10769504746665,
    "stable_wps": 206.38589154376055,
    "stable_cv": 0.13827180270454864,
    "stable_window_start": 37864,
    "global_cv": 0.14712771411090236,
    "thermal_ratio": 1.003879682307884,
    "mean_first_ms": 4.846835009892766,
    "mean_last_ms": 4.86563918992988,
    "loop_overhead_us": 0.10000010433941497,
    "status": "success",
    "device": "cuda",
    "batch_size": 8
  }
}
