{
  "artifact_type": "inference_benchmark",
  "generated_by": "python src/benchmark_inference.py",
  "base_name": "exp9_intermediate_distance_aware__20260310_193733",
  "experiment": "exp9_intermediate_distance_aware",
  "raw_csv_path": "C:/Users/leona/OneDrive/Documents/Projects/Acadêmicos/FG2P/results/exp9_intermediate_distance_aware/benchmark_exp9_intermediate_distance_aware__20260310_193733_cpu_raw_b32.csv",
  "benchmark_metadata": {
    "benchmark_date": "2026-03-15 17:04:56",
    "devices": [
      "cpu"
    ],
    "test_words": 500,
    "warmup_runs": 20,
    "benchmark_runs": 200,
    "adaptive": true,
    "adaptive_min_runs": 10,
    "adaptive_max_runs": 80,
    "adaptive_cv_target": 0.03,
    "loop_overhead_us": 0.100000761449337,
    "force": true,
    "selected_models": 19,
    "cpu_quantize": false,
    "cpu_threads": null,
    "batch_size": 32,
    "sweep_mode": true,
    "sweep_batch_sizes": [
      1,
      4,
      8,
      16,
      32,
      64,
      128
    ]
  },
  "result": {
    "model_index": 14,
    "base_name": "exp9_intermediate_distance_aware__20260310_193733",
    "experiment": "exp9_intermediate_distance_aware",
    "params": 9677803,
    "n": 5000,
    "total_time_s": 15.97621269634692,
    "mean_lat_ms": 3.195242539269384,
    "p50_ms": 3.1978531242202735,
    "p95_ms": 3.846484374207648,
    "p99_ms": 3.934396874228696,
    "throughput_wps": 312.96528752044514,
    "throughput_tps": 3010.1001353716415,
    "throughput_cps_in": 2779.131753181553,
    "throughput_cps_out": 3047.655969874095,
    "tokens_per_word": 9.618,
    "chars_in_per_word": 8.88,
    "chars_out_per_word": 9.738,
    "ci95_lat_low_ms": 3.1846736112052607,
    "ci95_lat_high_ms": 3.205811467333507,
    "ci95_wps_low": 311.9335026996358,
    "ci95_wps_high": 314.00392067856,
    "stable_wps": 313.1286645783325,
    "stable_cv": 0.11539200461095879,
    "stable_window_start": 724,
    "global_cv": 0.11933175925897403,
    "thermal_ratio": 0.9943914870220788,
    "mean_first_ms": 3.204093499283772,
    "mean_last_ms": 3.186123299310566,
    "loop_overhead_us": 0.100000761449337,
    "status": "success",
    "device": "cpu",
    "batch_size": 32,
    "adaptive": true,
    "runs_executed": 10,
    "max_runs": 80,
    "min_runs": 10,
    "cv_target": 0.03,
    "converged": true,
    "final_run_cv": 0.011047923846288834,
    "n_samples_raw": 5000,
    "n_samples_clean": 5000,
    "n_outliers_removed": 0
  }
}
