{
  "artifact_type": "inference_benchmark",
  "generated_by": "python src/benchmark_inference.py",
  "base_name": "exp9_intermediate_distance_aware__20260310_193733",
  "experiment": "exp9_intermediate_distance_aware",
  "raw_csv_path": "C:/Users/leona/OneDrive/Documents/Projects/Acadêmicos/FG2P/results/exp9_intermediate_distance_aware/benchmark_exp9_intermediate_distance_aware__20260310_193733_cpu_raw_b128.csv",
  "benchmark_metadata": {
    "benchmark_date": "2026-03-15 17:32:27",
    "devices": [
      "cpu"
    ],
    "test_words": 500,
    "warmup_runs": 20,
    "benchmark_runs": 200,
    "adaptive": true,
    "adaptive_min_runs": 10,
    "adaptive_max_runs": 80,
    "adaptive_cv_target": 0.03,
    "loop_overhead_us": 0.100000761449337,
    "force": true,
    "selected_models": 19,
    "cpu_quantize": false,
    "cpu_threads": null,
    "batch_size": 128,
    "sweep_mode": true,
    "sweep_batch_sizes": [
      1,
      4,
      8,
      16,
      32,
      64,
      128
    ]
  },
  "result": {
    "model_index": 14,
    "base_name": "exp9_intermediate_distance_aware__20260310_193733",
    "experiment": "exp9_intermediate_distance_aware",
    "params": 9677803,
    "n": 5000,
    "total_time_s": 12.560224296146771,
    "mean_lat_ms": 2.5120448592293543,
    "p50_ms": 2.5314112061660756,
    "p95_ms": 2.709514061734808,
    "p99_ms": 2.741117967957507,
    "throughput_wps": 398.0820630356021,
    "throughput_tps": 3828.753282276421,
    "throughput_cps_in": 3534.9687197561466,
    "throughput_cps_out": 3876.5231298406934,
    "tokens_per_word": 9.618,
    "chars_in_per_word": 8.88,
    "chars_out_per_word": 9.738,
    "ci95_lat_low_ms": 2.508440056508544,
    "ci95_lat_high_ms": 2.5156496619501643,
    "ci95_wps_low": 397.51163094180095,
    "ci95_wps_high": 398.6541346305415,
    "stable_wps": 393.5353787111614,
    "stable_cv": 0.043266094954406746,
    "stable_window_start": 1256,
    "global_cv": 0.05177058141151575,
    "thermal_ratio": 1.0040227142134373,
    "mean_first_ms": 2.5115380992210703,
    "mean_last_ms": 2.521641299230396,
    "loop_overhead_us": 0.100000761449337,
    "status": "success",
    "device": "cpu",
    "batch_size": 128,
    "adaptive": true,
    "runs_executed": 10,
    "max_runs": 80,
    "min_runs": 10,
    "cv_target": 0.03,
    "converged": true,
    "final_run_cv": 0.012817122818869214,
    "n_samples_raw": 5000,
    "n_samples_clean": 5000,
    "n_outliers_removed": 0
  }
}
