{
  "artifact_type": "inference_benchmark",
  "generated_by": "python src/benchmark_inference.py",
  "base_name": "exp9_intermediate_distance_aware__20260222_064838",
  "experiment": "exp9_intermediate_distance_aware",
  "raw_csv_path": "C:/Users/leona/OneDrive/Documents/Projects/Acadêmicos/FG2P/results/exp9_intermediate_distance_aware/benchmark_exp9_intermediate_distance_aware__20260222_064838_cuda_raw_b32.csv",
  "benchmark_metadata": {
    "benchmark_date": "2026-03-15 06:34:55",
    "devices": [
      "cuda"
    ],
    "test_words": 1000,
    "warmup_runs": 20,
    "benchmark_runs": 50,
    "loop_overhead_us": 0.10000010433941497,
    "force": true,
    "selected_models": 19,
    "cpu_quantize": false,
    "cpu_threads": null,
    "batch_size": 32,
    "sweep_mode": true,
    "sweep_batch_sizes": [
      1,
      4,
      8,
      16,
      32,
      64,
      128,
      256,
      512
    ]
  },
  "result": {
    "model_index": 6,
    "base_name": "exp9_intermediate_distance_aware__20260222_064838",
    "experiment": "exp9_intermediate_distance_aware",
    "params": 9677803,
    "n": 50000,
    "total_time_s": 97.27865819497401,
    "mean_lat_ms": 1.9455731638994802,
    "p50_ms": 1.8934343749810978,
    "p95_ms": 2.3811500002216235,
    "p99_ms": 3.648015624751224,
    "throughput_wps": 513.9873527016155,
    "throughput_tps": 4979.50947297325,
    "throughput_cps_in": 4622.802250198329,
    "throughput_cps_out": 5030.9082082434115,
    "tokens_per_word": 9.688,
    "chars_in_per_word": 8.994,
    "chars_out_per_word": 9.788,
    "ci95_lat_low_ms": 1.9428199104871926,
    "ci95_lat_high_ms": 1.948326417311768,
    "ci95_wps_low": 513.2610178225498,
    "ci95_wps_high": 514.7157462212925,
    "stable_wps": 518.8231530519288,
    "stable_cv": 0.1434678060302499,
    "stable_window_start": 7544,
    "global_cv": 0.1614460967866507,
    "thermal_ratio": 0.9940305045131949,
    "mean_first_ms": 1.9470154598960108,
    "mean_last_ms": 1.9353927598954215,
    "loop_overhead_us": 0.10000010433941497,
    "status": "success",
    "device": "cuda",
    "batch_size": 32
  }
}
