{
  "artifact_type": "inference_benchmark",
  "generated_by": "python src/benchmark_inference.py",
  "base_name": "exp9_intermediate_distance_aware__20260222_064838",
  "experiment": "exp9_intermediate_distance_aware",
  "raw_csv_path": "C:/Users/leona/OneDrive/Documents/Projects/Acadêmicos/FG2P/results/exp9_intermediate_distance_aware/benchmark_exp9_intermediate_distance_aware__20260222_064838_cpu_raw_b32.csv",
  "benchmark_metadata": {
    "benchmark_date": "2026-03-15 17:04:56",
    "devices": [
      "cpu"
    ],
    "test_words": 500,
    "warmup_runs": 20,
    "benchmark_runs": 200,
    "adaptive": true,
    "adaptive_min_runs": 10,
    "adaptive_max_runs": 80,
    "adaptive_cv_target": 0.03,
    "loop_overhead_us": 0.100000761449337,
    "force": true,
    "selected_models": 19,
    "cpu_quantize": false,
    "cpu_threads": null,
    "batch_size": 32,
    "sweep_mode": true,
    "sweep_batch_sizes": [
      1,
      4,
      8,
      16,
      32,
      64,
      128
    ]
  },
  "result": {
    "model_index": 6,
    "base_name": "exp9_intermediate_distance_aware__20260222_064838",
    "experiment": "exp9_intermediate_distance_aware",
    "params": 9677803,
    "n": 5000,
    "total_time_s": 15.95803219616937,
    "mean_lat_ms": 3.1916064392338743,
    "p50_ms": 3.2037937494351354,
    "p95_ms": 3.8352999990820535,
    "p99_ms": 3.9124218742472294,
    "throughput_wps": 313.3218393430877,
    "throughput_tps": 3015.409381837876,
    "throughput_cps_in": 2782.2979333666185,
    "throughput_cps_out": 3053.0080025590464,
    "tokens_per_word": 9.624,
    "chars_in_per_word": 8.88,
    "chars_out_per_word": 9.744,
    "ci95_lat_low_ms": 3.1807634448354456,
    "ci95_lat_high_ms": 3.2024494336323026,
    "ci95_wps_low": 312.26098045388136,
    "ci95_wps_high": 314.3899310159905,
    "stable_wps": 312.89934764917496,
    "stable_cv": 0.11765581097277487,
    "stable_window_start": 756,
    "global_cv": 0.12256566661287699,
    "thermal_ratio": 0.9920332598750227,
    "mean_first_ms": 3.226978599166614,
    "mean_last_ms": 3.20127009927819,
    "loop_overhead_us": 0.100000761449337,
    "status": "success",
    "device": "cpu",
    "batch_size": 32,
    "adaptive": true,
    "runs_executed": 10,
    "max_runs": 80,
    "min_runs": 10,
    "cv_target": 0.03,
    "converged": true,
    "final_run_cv": 0.012266450819515749,
    "n_samples_raw": 5000,
    "n_samples_clean": 5000,
    "n_outliers_removed": 0
  }
}
