{
  "artifact_type": "inference_benchmark",
  "generated_by": "python src/benchmark_inference.py",
  "base_name": "exp9_intermediate_distance_aware__20260310_193733",
  "experiment": "exp9_intermediate_distance_aware",
  "raw_csv_path": "C:/Users/leona/OneDrive/Documents/Projects/Acadêmicos/FG2P/results/exp9_intermediate_distance_aware/benchmark_exp9_intermediate_distance_aware__20260310_193733_cpu_raw_b16.csv",
  "benchmark_metadata": {
    "benchmark_date": "2026-03-15 16:44:46",
    "devices": [
      "cpu"
    ],
    "test_words": 500,
    "warmup_runs": 20,
    "benchmark_runs": 200,
    "adaptive": true,
    "adaptive_min_runs": 10,
    "adaptive_max_runs": 80,
    "adaptive_cv_target": 0.03,
    "loop_overhead_us": 0.100000761449337,
    "force": true,
    "selected_models": 19,
    "cpu_quantize": false,
    "cpu_threads": null,
    "batch_size": 16,
    "sweep_mode": true,
    "sweep_batch_sizes": [
      1,
      4,
      8,
      16,
      32,
      64,
      128
    ]
  },
  "result": {
    "model_index": 14,
    "base_name": "exp9_intermediate_distance_aware__20260310_193733",
    "experiment": "exp9_intermediate_distance_aware",
    "params": 9677803,
    "n": 4960,
    "total_time_s": 21.39191979636962,
    "mean_lat_ms": 4.312887055719682,
    "p50_ms": 4.311274999054149,
    "p95_ms": 5.37025624907983,
    "p99_ms": 5.624437499136548,
    "throughput_wps": 231.86324776898945,
    "throughput_tps": 2229.8138948751607,
    "throughput_cps_in": 2058.721256400463,
    "throughput_cps_out": 2257.3944021702623,
    "tokens_per_word": 9.616935483870968,
    "chars_in_per_word": 8.879032258064516,
    "chars_out_per_word": 9.735887096774194,
    "ci95_lat_low_ms": 4.2976203631776295,
    "ci95_lat_high_ms": 4.328153748261734,
    "ci95_wps_low": 231.04539675874923,
    "ci95_wps_high": 232.68690938084796,
    "stable_wps": 232.63810892398715,
    "stable_cv": 0.12449574771502823,
    "stable_window_start": 3040,
    "global_cv": 0.12719254027899782,
    "thermal_ratio": 0.995459497131974,
    "mean_first_ms": 4.311107660537198,
    "mean_last_ms": 4.291533063840161,
    "loop_overhead_us": 0.100000761449337,
    "status": "success",
    "device": "cpu",
    "batch_size": 16,
    "adaptive": true,
    "runs_executed": 10,
    "max_runs": 80,
    "min_runs": 10,
    "cv_target": 0.03,
    "converged": true,
    "final_run_cv": 0.004315850075621298,
    "n_samples_raw": 5000,
    "n_samples_clean": 4960,
    "n_outliers_removed": 40
  }
}
