{
  "artifact_type": "inference_benchmark",
  "generated_by": "python src/benchmark_inference.py",
  "base_name": "exp9_intermediate_distance_aware__20260222_064838",
  "experiment": "exp9_intermediate_distance_aware",
  "raw_csv_path": "C:/Users/leona/OneDrive/Documents/Projects/Acadêmicos/FG2P/results/exp9_intermediate_distance_aware/benchmark_exp9_intermediate_distance_aware__20260222_064838_cpu_raw_b64.csv",
  "benchmark_metadata": {
    "benchmark_date": "2026-03-15 17:19:58",
    "devices": [
      "cpu"
    ],
    "test_words": 500,
    "warmup_runs": 20,
    "benchmark_runs": 200,
    "adaptive": true,
    "adaptive_min_runs": 10,
    "adaptive_max_runs": 80,
    "adaptive_cv_target": 0.03,
    "loop_overhead_us": 0.100000761449337,
    "force": true,
    "selected_models": 19,
    "cpu_quantize": false,
    "cpu_threads": null,
    "batch_size": 64,
    "sweep_mode": true,
    "sweep_batch_sizes": [
      1,
      4,
      8,
      16,
      32,
      64,
      128
    ]
  },
  "result": {
    "model_index": 6,
    "base_name": "exp9_intermediate_distance_aware__20260222_064838",
    "experiment": "exp9_intermediate_distance_aware",
    "params": 9677803,
    "n": 4360,
    "total_time_s": 12.020403296672157,
    "mean_lat_ms": 2.756973233181687,
    "p50_ms": 2.761174999110293,
    "p95_ms": 3.0510953115481243,
    "p99_ms": 3.1011359367312252,
    "throughput_wps": 362.71661544060373,
    "throughput_tps": 3526.5039744328424,
    "throughput_cps_in": 3260.289944751665,
    "throughput_cps_out": 3570.5956730987873,
    "tokens_per_word": 9.722477064220184,
    "chars_in_per_word": 8.988532110091743,
    "chars_out_per_word": 9.844036697247706,
    "ci95_lat_low_ms": 2.752020923355451,
    "ci95_lat_high_ms": 2.7619255430079237,
    "ci95_wps_low": 362.0662412611357,
    "ci95_wps_high": 363.36933033951357,
    "stable_wps": 360.92305916977676,
    "stable_cv": 0.05620605782091472,
    "stable_window_start": 1192,
    "global_cv": 0.060514915443920646,
    "thermal_ratio": 0.9936397941440083,
    "mean_first_ms": 2.759795412086132,
    "mean_last_ms": 2.7422425451448427,
    "loop_overhead_us": 0.100000761449337,
    "status": "success",
    "device": "cpu",
    "batch_size": 64,
    "adaptive": true,
    "runs_executed": 10,
    "max_runs": 80,
    "min_runs": 10,
    "cv_target": 0.03,
    "converged": true,
    "final_run_cv": 0.0008899976968314901,
    "n_samples_raw": 5000,
    "n_samples_clean": 4360,
    "n_outliers_removed": 640
  }
}
