{
  "artifact_type": "inference_benchmark",
  "generated_by": "python src/benchmark_inference.py",
  "base_name": "exp9_intermediate_distance_aware__20260222_064838",
  "experiment": "exp9_intermediate_distance_aware",
  "raw_csv_path": "C:/Users/leona/OneDrive/Documents/Projects/Acadêmicos/FG2P/results/exp9_intermediate_distance_aware/benchmark_exp9_intermediate_distance_aware__20260222_064838_cpu_raw_b8.csv",
  "benchmark_metadata": {
    "benchmark_date": "2026-03-15 16:15:46",
    "devices": [
      "cpu"
    ],
    "test_words": 500,
    "warmup_runs": 20,
    "benchmark_runs": 200,
    "adaptive": true,
    "adaptive_min_runs": 10,
    "adaptive_max_runs": 80,
    "adaptive_cv_target": 0.03,
    "loop_overhead_us": 0.100000761449337,
    "force": true,
    "selected_models": 19,
    "cpu_quantize": false,
    "cpu_threads": null,
    "batch_size": 8,
    "sweep_mode": true,
    "sweep_batch_sizes": [
      1,
      4,
      8,
      16,
      32,
      64,
      128
    ]
  },
  "result": {
    "model_index": 6,
    "base_name": "exp9_intermediate_distance_aware__20260222_064838",
    "experiment": "exp9_intermediate_distance_aware",
    "params": 9677803,
    "n": 4928,
    "total_time_s": 30.43814149602258,
    "mean_lat_ms": 6.1765709204591275,
    "p50_ms": 6.0284999999566935,
    "p95_ms": 7.720549998339266,
    "p99_ms": 8.356775000720518,
    "throughput_wps": 161.90213192365744,
    "throughput_tps": 1555.2197891643864,
    "throughput_cps_in": 1435.2058914539318,
    "throughput_cps_out": 1574.340536075825,
    "tokens_per_word": 9.605925324675324,
    "chars_in_per_word": 8.864650974025974,
    "chars_out_per_word": 9.724025974025974,
    "ci95_lat_low_ms": 6.15363125356864,
    "ci95_lat_high_ms": 6.199510587349615,
    "ci95_wps_low": 161.3030554444968,
    "ci95_wps_high": 162.50567490862827,
    "stable_wps": 162.58501996792253,
    "stable_cv": 0.12590762811389222,
    "stable_window_start": 3711,
    "global_cv": 0.13302061548053482,
    "thermal_ratio": 0.9951614701677216,
    "mean_first_ms": 6.185786852010037,
    "mean_last_ms": 6.1558567377904705,
    "loop_overhead_us": 0.100000761449337,
    "status": "success",
    "device": "cpu",
    "batch_size": 8,
    "adaptive": true,
    "runs_executed": 10,
    "max_runs": 80,
    "min_runs": 10,
    "cv_target": 0.03,
    "converged": true,
    "final_run_cv": 0.009472981040410609,
    "n_samples_raw": 5000,
    "n_samples_clean": 4928,
    "n_outliers_removed": 72
  }
}
