{
  "artifact_type": "inference_benchmark",
  "generated_by": "python src/benchmark_inference.py",
  "base_name": "exp9_intermediate_distance_aware__20260310_193733",
  "experiment": "exp9_intermediate_distance_aware",
  "raw_csv_path": "C:/Users/leona/OneDrive/Documents/Projects/Acadêmicos/FG2P/results/exp9_intermediate_distance_aware/benchmark_exp9_intermediate_distance_aware__20260310_193733_cuda_raw_b32.csv",
  "benchmark_metadata": {
    "benchmark_date": "2026-03-15 06:34:55",
    "devices": [
      "cuda"
    ],
    "test_words": 1000,
    "warmup_runs": 20,
    "benchmark_runs": 50,
    "loop_overhead_us": 0.10000010433941497,
    "force": true,
    "selected_models": 19,
    "cpu_quantize": false,
    "cpu_threads": null,
    "batch_size": 32,
    "sweep_mode": true,
    "sweep_batch_sizes": [
      1,
      4,
      8,
      16,
      32,
      64,
      128,
      256,
      512
    ]
  },
  "result": {
    "model_index": 14,
    "base_name": "exp9_intermediate_distance_aware__20260310_193733",
    "experiment": "exp9_intermediate_distance_aware",
    "params": 9677803,
    "n": 50000,
    "total_time_s": 97.34871549468971,
    "mean_lat_ms": 1.9469743098937942,
    "p50_ms": 1.8947562500420645,
    "p95_ms": 2.3838062499839907,
    "p99_ms": 3.531681250226484,
    "throughput_wps": 513.6174601371854,
    "throughput_tps": 4974.385101428641,
    "throughput_cps_in": 4619.475436473846,
    "throughput_cps_out": 5025.7468474423595,
    "tokens_per_word": 9.685,
    "chars_in_per_word": 8.994,
    "chars_out_per_word": 9.785,
    "ci95_lat_low_ms": 1.9442508377701746,
    "ci95_lat_high_ms": 1.9496977820174137,
    "ci95_wps_low": 512.9000038997165,
    "ci95_wps_high": 514.3369263746243,
    "stable_wps": 514.054454434591,
    "stable_cv": 0.1421085402949975,
    "stable_window_start": 7864,
    "global_cv": 0.1595848442494086,
    "thermal_ratio": 0.9853987826275544,
    "mean_first_ms": 1.9473294098971563,
    "mean_last_ms": 1.9188960298874917,
    "loop_overhead_us": 0.10000010433941497,
    "status": "success",
    "device": "cuda",
    "batch_size": 32
  }
}
