{
  "artifact_type": "inference_benchmark",
  "generated_by": "python src/benchmark_inference.py",
  "base_name": "exp9_intermediate_distance_aware__20260222_064838",
  "experiment": "exp9_intermediate_distance_aware",
  "raw_csv_path": "C:/Users/leona/OneDrive/Documents/Projects/Acadêmicos/FG2P/results/exp9_intermediate_distance_aware/benchmark_exp9_intermediate_distance_aware__20260222_064838_cuda_raw.csv",
  "benchmark_metadata": {
    "benchmark_date": "2026-03-14 11:37:52",
    "devices": [
      "cuda"
    ],
    "test_words": 1000,
    "warmup_runs": 20,
    "benchmark_runs": 50,
    "loop_overhead_us": 0.10000010433941497,
    "force": true,
    "selected_models": 19,
    "cpu_quantize": false,
    "cpu_threads": null,
    "batch_size": 1,
    "sweep_mode": true,
    "sweep_batch_sizes": [
      1,
      4,
      8,
      16,
      32,
      64,
      128,
      256,
      512
    ]
  },
  "result": {
    "model_index": 6,
    "base_name": "exp9_intermediate_distance_aware__20260222_064838",
    "experiment": "exp9_intermediate_distance_aware",
    "params": 9677803,
    "n": 50000,
    "total_time_s": 1233.6768957956492,
    "mean_lat_ms": 24.673537915912984,
    "p50_ms": 23.936500002239427,
    "p95_ms": 36.17889999506815,
    "p99_ms": 44.17019999593549,
    "throughput_wps": 40.529250543962675,
    "throughput_tps": 392.6473792699104,
    "throughput_cps_in": 364.5200793924003,
    "throughput_cps_out": 396.70030432430667,
    "tokens_per_word": 9.688,
    "chars_in_per_word": 8.994,
    "chars_out_per_word": 9.788,
    "ci95_lat_low_ms": 24.615907382518884,
    "ci95_lat_high_ms": 24.73116844930708,
    "ci95_wps_low": 40.434806064653124,
    "ci95_wps_high": 40.62413724834516,
    "stable_wps": 40.81465376300124,
    "stable_cv": 0.25234239952316945,
    "stable_window_start": 20804,
    "global_cv": 0.2664711173233951,
    "thermal_ratio": 0.9918184745031855,
    "mean_first_ms": 24.816991659923314,
    "mean_last_ms": 24.613950809903418,
    "loop_overhead_us": 0.10000010433941497,
    "status": "success",
    "device": "cuda",
    "batch_size": 1
  }
}
