{
  "artifact_type": "inference_benchmark",
  "generated_by": "python src/benchmark_inference.py",
  "base_name": "exp9_intermediate_distance_aware__20260310_193733",
  "experiment": "exp9_intermediate_distance_aware",
  "raw_csv_path": "C:/Users/leona/OneDrive/Documents/Projects/Acadêmicos/FG2P/results/exp9_intermediate_distance_aware/benchmark_exp9_intermediate_distance_aware__20260310_193733_cuda_raw_b512.csv",
  "benchmark_metadata": {
    "benchmark_date": "2026-03-15 11:19:26",
    "devices": [
      "cuda"
    ],
    "test_words": 1000,
    "warmup_runs": 20,
    "benchmark_runs": 50,
    "loop_overhead_us": 0.10000010433941497,
    "force": true,
    "selected_models": 19,
    "cpu_quantize": false,
    "cpu_threads": null,
    "batch_size": 512,
    "sweep_mode": true,
    "sweep_batch_sizes": [
      1,
      4,
      8,
      16,
      32,
      64,
      128,
      256,
      512
    ]
  },
  "result": {
    "model_index": 14,
    "base_name": "exp9_intermediate_distance_aware__20260310_193733",
    "experiment": "exp9_intermediate_distance_aware",
    "params": 9677803,
    "n": 50000,
    "total_time_s": 39.03698119474302,
    "mean_lat_ms": 0.7807396238948604,
    "p50_ms": 0.7781185545957214,
    "p95_ms": 0.8263077867978669,
    "p99_ms": 0.8325182375834316,
    "throughput_wps": 1280.8367468418212,
    "throughput_tps": 12404.903893163038,
    "throughput_cps_in": 11519.845701095339,
    "throughput_cps_out": 12532.98756784722,
    "tokens_per_word": 9.685,
    "chars_in_per_word": 8.994,
    "chars_out_per_word": 9.785,
    "ci95_lat_low_ms": 0.7805245934409244,
    "ci95_lat_high_ms": 0.7809546543487963,
    "ci95_wps_low": 1280.4840773166989,
    "ci95_wps_high": 1281.1896106841725,
    "stable_wps": 1290.0058053309658,
    "stable_cv": 0.022900753248893967,
    "stable_window_start": 18000,
    "global_cv": 0.03142119380330568,
    "thermal_ratio": 0.9724853573535169,
    "mean_first_ms": 0.7966354598939688,
    "mean_last_ms": 0.7747163198954695,
    "loop_overhead_us": 0.10000010433941497,
    "status": "success",
    "device": "cuda",
    "batch_size": 512
  }
}
