{
  "artifact_type": "inference_benchmark",
  "generated_by": "python src/benchmark_inference.py",
  "base_name": "exp9_intermediate_distance_aware__20260222_064838",
  "experiment": "exp9_intermediate_distance_aware",
  "raw_csv_path": "C:/Users/leona/OneDrive/Documents/Projects/Acadêmicos/FG2P/results/exp9_intermediate_distance_aware/benchmark_exp9_intermediate_distance_aware__20260222_064838_cuda_raw_b256.csv",
  "benchmark_metadata": {
    "benchmark_date": "2026-03-15 10:17:42",
    "devices": [
      "cuda"
    ],
    "test_words": 1000,
    "warmup_runs": 20,
    "benchmark_runs": 50,
    "loop_overhead_us": 0.10000010433941497,
    "force": true,
    "selected_models": 19,
    "cpu_quantize": false,
    "cpu_threads": null,
    "batch_size": 256,
    "sweep_mode": true,
    "sweep_batch_sizes": [
      1,
      4,
      8,
      16,
      32,
      64,
      128,
      256,
      512
    ]
  },
  "result": {
    "model_index": 6,
    "base_name": "exp9_intermediate_distance_aware__20260222_064838",
    "experiment": "exp9_intermediate_distance_aware",
    "params": 9677803,
    "n": 50000,
    "total_time_s": 49.88655209472654,
    "mean_lat_ms": 0.9977310418945308,
    "p50_ms": 0.9996925780092171,
    "p95_ms": 1.0396495688446366,
    "p99_ms": 1.0461547412402417,
    "throughput_wps": 1002.2741179839015,
    "throughput_tps": 9710.031655028039,
    "throughput_cps_in": 9014.453417147211,
    "throughput_cps_out": 9810.25906682643,
    "tokens_per_word": 9.688,
    "chars_in_per_word": 8.994,
    "chars_out_per_word": 9.788,
    "ci95_lat_low_ms": 0.9974877397802642,
    "ci95_lat_high_ms": 0.9979743440087974,
    "ci95_wps_low": 1002.0297676021066,
    "ci95_wps_high": 1002.5185875670905,
    "stable_wps": 1001.5883589919058,
    "stable_cv": 0.025008232015255462,
    "stable_window_start": 3000,
    "global_cv": 0.027820269279020447,
    "thermal_ratio": 0.9916844199997314,
    "mean_first_ms": 1.0022956898895246,
    "mean_last_ms": 0.9939610198963238,
    "loop_overhead_us": 0.10000010433941497,
    "status": "success",
    "device": "cuda",
    "batch_size": 256
  }
}
