{
  "artifact_type": "inference_benchmark",
  "generated_by": "python src/benchmark_inference.py",
  "base_name": "exp9_intermediate_distance_aware__20260310_193733",
  "experiment": "exp9_intermediate_distance_aware",
  "raw_csv_path": "C:/Users/leona/OneDrive/Documents/Projects/Acadêmicos/FG2P/results/exp9_intermediate_distance_aware/benchmark_exp9_intermediate_distance_aware__20260310_193733_cpu_raw_b8.csv",
  "benchmark_metadata": {
    "benchmark_date": "2026-03-15 16:15:46",
    "devices": [
      "cpu"
    ],
    "test_words": 500,
    "warmup_runs": 20,
    "benchmark_runs": 200,
    "adaptive": true,
    "adaptive_min_runs": 10,
    "adaptive_max_runs": 80,
    "adaptive_cv_target": 0.03,
    "loop_overhead_us": 0.100000761449337,
    "force": true,
    "selected_models": 19,
    "cpu_quantize": false,
    "cpu_threads": null,
    "batch_size": 8,
    "sweep_mode": true,
    "sweep_batch_sizes": [
      1,
      4,
      8,
      16,
      32,
      64,
      128
    ]
  },
  "result": {
    "model_index": 14,
    "base_name": "exp9_intermediate_distance_aware__20260310_193733",
    "experiment": "exp9_intermediate_distance_aware",
    "params": 9677803,
    "n": 4888,
    "total_time_s": 29.61924069620727,
    "mean_lat_ms": 6.0595827938230915,
    "p50_ms": 5.96337500064692,
    "p95_ms": 7.5022750006610295,
    "p99_ms": 8.138849996612407,
    "throughput_wps": 165.027863142552,
    "throughput_tps": 1582.6874321596874,
    "throughput_cps_in": 1461.583719988588,
    "throughput_cps_out": 1601.9992033784968,
    "tokens_per_word": 9.590425531914894,
    "chars_in_per_word": 8.856587561374795,
    "chars_out_per_word": 9.707446808510639,
    "ci95_lat_low_ms": 6.037516982426666,
    "ci95_lat_high_ms": 6.081648605219517,
    "ci95_wps_low": 164.4290989028468,
    "ci95_wps_high": 165.63100408838415,
    "stable_wps": 165.4471988374396,
    "stable_cv": 0.12519781248073653,
    "stable_window_start": 24,
    "global_cv": 0.12989328651968216,
    "thermal_ratio": 1.0081207982110003,
    "mean_first_ms": 6.044316235093104,
    "mean_last_ms": 6.093400907561768,
    "loop_overhead_us": 0.100000761449337,
    "status": "success",
    "device": "cpu",
    "batch_size": 8,
    "adaptive": true,
    "runs_executed": 10,
    "max_runs": 80,
    "min_runs": 10,
    "cv_target": 0.03,
    "converged": true,
    "final_run_cv": 0.012454271071144255,
    "n_samples_raw": 5000,
    "n_samples_clean": 4888,
    "n_outliers_removed": 112
  }
}
