{
  "artifact_type": "inference_benchmark",
  "generated_by": "python src/benchmark_inference.py",
  "base_name": "exp104d_structural_tokens_correct__20260312_142940",
  "experiment": "exp104d_structural_tokens_correct",
  "raw_csv_path": "C:/Users/leona/OneDrive/Documents/Projects/Acadêmicos/FG2P/results/exp104d_structural_tokens_correct/benchmark_exp104d_structural_tokens_correct__20260312_142940_cuda_raw_b512.csv",
  "benchmark_metadata": {
    "benchmark_date": "2026-03-15 11:19:26",
    "devices": [
      "cuda"
    ],
    "test_words": 1000,
    "warmup_runs": 20,
    "benchmark_runs": 50,
    "loop_overhead_us": 0.10000010433941497,
    "force": true,
    "selected_models": 19,
    "cpu_quantize": false,
    "cpu_threads": null,
    "batch_size": 512,
    "sweep_mode": true,
    "sweep_batch_sizes": [
      1,
      4,
      8,
      16,
      32,
      64,
      128,
      256,
      512
    ]
  },
  "result": {
    "model_index": 18,
    "base_name": "exp104d_structural_tokens_correct__20260312_142940",
    "experiment": "exp104d_structural_tokens_correct",
    "params": 17165612,
    "n": 50000,
    "total_time_s": 44.49421979473573,
    "mean_lat_ms": 0.8898843958947146,
    "p50_ms": 0.8897675780337977,
    "p95_ms": 0.9281200818517406,
    "p99_ms": 0.940399385146975,
    "throughput_wps": 1123.741470929572,
    "throughput_tps": 14208.587158433507,
    "throughput_cps_in": 10106.93078954057,
    "throughput_cps_out": 14320.961305526464,
    "tokens_per_word": 12.644,
    "chars_in_per_word": 8.994,
    "chars_out_per_word": 12.744,
    "ci95_lat_low_ms": 0.8896604082659889,
    "ci95_lat_high_ms": 0.8901083835234401,
    "ci95_wps_low": 1123.4586916725361,
    "ci95_wps_high": 1124.024392575894,
    "stable_wps": 1106.3065693173385,
    "stable_cv": 0.01836531379253871,
    "stable_window_start": 5512,
    "global_cv": 0.028715697611723122,
    "thermal_ratio": 1.0085010504516847,
    "mean_first_ms": 0.8852023698921584,
    "mean_last_ms": 0.8927275198985626,
    "loop_overhead_us": 0.10000010433941497,
    "status": "success",
    "device": "cuda",
    "batch_size": 512
  }
}
