{
  "artifact_type": "inference_benchmark",
  "generated_by": "python src/benchmark_inference.py",
  "base_name": "exp104d_structural_tokens_correct__20260312_142940",
  "experiment": "exp104d_structural_tokens_correct",
  "raw_csv_path": "C:/Users/leona/OneDrive/Documents/Projects/Acadêmicos/FG2P/results/exp104d_structural_tokens_correct/benchmark_exp104d_structural_tokens_correct__20260312_142940_cuda_raw_b64.csv",
  "benchmark_metadata": {
    "benchmark_date": "2026-03-15 08:01:10",
    "devices": [
      "cuda"
    ],
    "test_words": 1000,
    "warmup_runs": 20,
    "benchmark_runs": 50,
    "loop_overhead_us": 0.10000010433941497,
    "force": true,
    "selected_models": 19,
    "cpu_quantize": false,
    "cpu_threads": null,
    "batch_size": 64,
    "sweep_mode": true,
    "sweep_batch_sizes": [
      1,
      4,
      8,
      16,
      32,
      64,
      128,
      256,
      512
    ]
  },
  "result": {
    "model_index": 18,
    "base_name": "exp104d_structural_tokens_correct__20260312_142940",
    "experiment": "exp104d_structural_tokens_correct",
    "params": 17165612,
    "n": 50000,
    "total_time_s": 85.46646049440915,
    "mean_lat_ms": 1.709329209888183,
    "p50_ms": 1.7007640624092346,
    "p95_ms": 1.963848437501383,
    "p99_ms": 2.1033449999981713,
    "throughput_wps": 585.0248121983569,
    "throughput_tps": 7397.053725436024,
    "throughput_cps_in": 5261.7131609120215,
    "throughput_cps_out": 7455.5562066558605,
    "tokens_per_word": 12.644,
    "chars_in_per_word": 8.994,
    "chars_out_per_word": 12.744,
    "ci95_lat_low_ms": 1.7080169947026214,
    "ci95_lat_high_ms": 1.7106414250737443,
    "ci95_wps_low": 584.5760457700192,
    "ci95_wps_high": 585.4742681726698,
    "stable_wps": 585.8345098765426,
    "stable_cv": 0.07128348130418914,
    "stable_window_start": 18512,
    "global_cv": 0.08758067256552084,
    "thermal_ratio": 0.9795372900732988,
    "mean_first_ms": 1.7318106998915939,
    "mean_last_ms": 1.6963731598917546,
    "loop_overhead_us": 0.10000010433941497,
    "status": "success",
    "device": "cuda",
    "batch_size": 64
  }
}
