{
  "artifact_type": "inference_benchmark",
  "generated_by": "python src/benchmark_inference.py",
  "base_name": "exp104d_structural_tokens_correct__20260312_142940",
  "experiment": "exp104d_structural_tokens_correct",
  "raw_csv_path": "C:/Users/leona/OneDrive/Documents/Projects/Acadêmicos/FG2P/results/exp104d_structural_tokens_correct/benchmark_exp104d_structural_tokens_correct__20260312_142940_cpu_raw_b16.csv",
  "benchmark_metadata": {
    "benchmark_date": "2026-03-15 16:44:46",
    "devices": [
      "cpu"
    ],
    "test_words": 500,
    "warmup_runs": 20,
    "benchmark_runs": 200,
    "adaptive": true,
    "adaptive_min_runs": 10,
    "adaptive_max_runs": 80,
    "adaptive_cv_target": 0.03,
    "loop_overhead_us": 0.100000761449337,
    "force": true,
    "selected_models": 19,
    "cpu_quantize": false,
    "cpu_threads": null,
    "batch_size": 16,
    "sweep_mode": true,
    "sweep_batch_sizes": [
      1,
      4,
      8,
      16,
      32,
      64,
      128
    ]
  },
  "result": {
    "model_index": 18,
    "base_name": "exp104d_structural_tokens_correct__20260312_142940",
    "experiment": "exp104d_structural_tokens_correct",
    "params": 17165612,
    "n": 4880,
    "total_time_s": 39.9141737963364,
    "mean_lat_ms": 8.179133974659099,
    "p50_ms": 8.082693750111503,
    "p95_ms": 10.154212499401183,
    "p99_ms": 10.933687499345979,
    "throughput_wps": 122.26233279687528,
    "throughput_tps": 1531.9119546854383,
    "throughput_cps_in": 1082.8233654674077,
    "throughput_cps_out": 1546.192596016221,
    "tokens_per_word": 12.529713114754099,
    "chars_in_per_word": 8.85655737704918,
    "chars_out_per_word": 12.646516393442623,
    "ci95_lat_low_ms": 8.14802919099129,
    "ci95_lat_high_ms": 8.210238758326906,
    "ci95_wps_low": 121.79913756902502,
    "ci95_wps_high": 122.72906448416147,
    "stable_wps": 123.561158177194,
    "stable_cv": 0.12756593295185906,
    "stable_window_start": 2048,
    "global_cv": 0.13554194170217868,
    "thermal_ratio": 1.0018905718569193,
    "mean_first_ms": 8.201937601758098,
    "mean_last_ms": 8.217443954160192,
    "loop_overhead_us": 0.100000761449337,
    "status": "success",
    "device": "cpu",
    "batch_size": 16,
    "adaptive": true,
    "runs_executed": 10,
    "max_runs": 80,
    "min_runs": 10,
    "cv_target": 0.03,
    "converged": true,
    "final_run_cv": 0.009266626940926262,
    "n_samples_raw": 5000,
    "n_samples_clean": 4880,
    "n_outliers_removed": 120
  }
}
