{
  "artifact_type": "inference_benchmark",
  "generated_by": "python src/benchmark_inference.py",
  "base_name": "exp104d_structural_tokens_correct__20260312_142940",
  "experiment": "exp104d_structural_tokens_correct",
  "raw_csv_path": "C:/Users/leona/OneDrive/Documents/Projects/Acadêmicos/FG2P/results/exp104d_structural_tokens_correct/benchmark_exp104d_structural_tokens_correct__20260312_142940_cuda_raw_b128.csv",
  "benchmark_metadata": {
    "benchmark_date": "2026-03-15 09:12:54",
    "devices": [
      "cuda"
    ],
    "test_words": 1000,
    "warmup_runs": 20,
    "benchmark_runs": 50,
    "loop_overhead_us": 0.10000010433941497,
    "force": true,
    "selected_models": 19,
    "cpu_quantize": false,
    "cpu_threads": null,
    "batch_size": 128,
    "sweep_mode": true,
    "sweep_batch_sizes": [
      1,
      4,
      8,
      16,
      32,
      64,
      128,
      256,
      512
    ]
  },
  "result": {
    "model_index": 18,
    "base_name": "exp104d_structural_tokens_correct__20260312_142940",
    "experiment": "exp104d_structural_tokens_correct",
    "params": 17165612,
    "n": 50000,
    "total_time_s": 67.04811889472785,
    "mean_lat_ms": 1.340962377894557,
    "p50_ms": 1.3501109374124098,
    "p95_ms": 1.403642187344758,
    "p99_ms": 1.4716640623396415,
    "throughput_wps": 745.7330768444813,
    "throughput_tps": 9429.049023621621,
    "throughput_cps_in": 6707.123293139264,
    "throughput_cps_out": 9503.62233130607,
    "tokens_per_word": 12.644,
    "chars_in_per_word": 8.994,
    "chars_out_per_word": 12.744,
    "ci95_lat_low_ms": 1.3405134983542772,
    "ci95_lat_high_ms": 1.3414112574348367,
    "ci95_wps_low": 745.4835304664782,
    "ci95_wps_high": 745.9827903468938,
    "stable_wps": 745.2820535027718,
    "stable_cv": 0.03209027957205578,
    "stable_window_start": 23512,
    "global_cv": 0.0381893396009649,
    "thermal_ratio": 1.0073727170806026,
    "mean_first_ms": 1.3388768198966319,
    "mean_last_ms": 1.3487479798955064,
    "loop_overhead_us": 0.10000010433941497,
    "status": "success",
    "device": "cuda",
    "batch_size": 128
  }
}
