{
  "artifact_type": "inference_benchmark",
  "generated_by": "python src/benchmark_inference.py",
  "base_name": "exp104d_structural_tokens_correct__20260312_142940",
  "experiment": "exp104d_structural_tokens_correct",
  "raw_csv_path": "C:/Users/leona/OneDrive/Documents/Projects/Acadêmicos/FG2P/results/exp104d_structural_tokens_correct/benchmark_exp104d_structural_tokens_correct__20260312_142940_cuda_raw_b256.csv",
  "benchmark_metadata": {
    "benchmark_date": "2026-03-15 10:17:42",
    "devices": [
      "cuda"
    ],
    "test_words": 1000,
    "warmup_runs": 20,
    "benchmark_runs": 50,
    "loop_overhead_us": 0.10000010433941497,
    "force": true,
    "selected_models": 19,
    "cpu_quantize": false,
    "cpu_threads": null,
    "batch_size": 256,
    "sweep_mode": true,
    "sweep_batch_sizes": [
      1,
      4,
      8,
      16,
      32,
      64,
      128,
      256,
      512
    ]
  },
  "result": {
    "model_index": 18,
    "base_name": "exp104d_structural_tokens_correct__20260312_142940",
    "experiment": "exp104d_structural_tokens_correct",
    "params": 17165612,
    "n": 50000,
    "total_time_s": 51.340294694830845,
    "mean_lat_ms": 1.026805893896617,
    "p50_ms": 1.0291703123675688,
    "p95_ms": 1.0855632811831128,
    "p99_ms": 1.0905281248801657,
    "throughput_wps": 973.8939033599705,
    "throughput_tps": 12313.914514083468,
    "throughput_cps_in": 8759.201766819575,
    "throughput_cps_out": 12411.303904419465,
    "tokens_per_word": 12.644,
    "chars_in_per_word": 8.994,
    "chars_out_per_word": 12.744,
    "ci95_lat_low_ms": 1.0265144259158925,
    "ci95_lat_high_ms": 1.0270973618773414,
    "ci95_wps_low": 973.6175333681975,
    "ci95_wps_high": 974.1704302964516,
    "stable_wps": 975.7594519784011,
    "stable_cv": 0.026752552488283385,
    "stable_window_start": 256,
    "global_cv": 0.032384070042469536,
    "thermal_ratio": 1.00780589950679,
    "mean_first_ms": 1.0255025698942517,
    "mean_last_ms": 1.0335075398988012,
    "loop_overhead_us": 0.10000010433941497,
    "status": "success",
    "device": "cuda",
    "batch_size": 256
  }
}
