{
  "artifact_type": "inference_benchmark",
  "generated_by": "python src/benchmark_inference.py",
  "base_name": "exp104d_structural_tokens_correct__20260312_142940",
  "experiment": "exp104d_structural_tokens_correct",
  "raw_csv_path": "C:/Users/leona/OneDrive/Documents/Projects/Acadêmicos/FG2P/results/exp104d_structural_tokens_correct/benchmark_exp104d_structural_tokens_correct__20260312_142940_cuda_raw_b8.csv",
  "benchmark_metadata": {
    "benchmark_date": "2026-03-15 02:00:06",
    "devices": [
      "cuda"
    ],
    "test_words": 1000,
    "warmup_runs": 20,
    "benchmark_runs": 50,
    "loop_overhead_us": 0.10000010433941497,
    "force": true,
    "selected_models": 19,
    "cpu_quantize": false,
    "cpu_threads": null,
    "batch_size": 8,
    "sweep_mode": true,
    "sweep_batch_sizes": [
      1,
      4,
      8,
      16,
      32,
      64,
      128,
      256,
      512
    ]
  },
  "result": {
    "model_index": 18,
    "base_name": "exp104d_structural_tokens_correct__20260312_142940",
    "experiment": "exp104d_structural_tokens_correct",
    "params": 17165612,
    "n": 50000,
    "total_time_s": 314.21748279549956,
    "mean_lat_ms": 6.284349655909991,
    "p50_ms": 6.124612499409068,
    "p95_ms": 8.038999999118914,
    "p99_ms": 8.66837500027259,
    "throughput_wps": 159.1254552584562,
    "throughput_tps": 2011.9822562879203,
    "throughput_cps_in": 1431.1743445945551,
    "throughput_cps_out": 2027.894801813766,
    "tokens_per_word": 12.644,
    "chars_in_per_word": 8.994,
    "chars_out_per_word": 12.744,
    "ci95_lat_low_ms": 6.276523319079462,
    "ci95_lat_high_ms": 6.29217599274052,
    "ci95_wps_low": 158.92753177179583,
    "ci95_wps_high": 159.3238723355311,
    "stable_wps": 160.46804910083446,
    "stable_cv": 0.1368997279538669,
    "stable_window_start": 18208,
    "global_cv": 0.14207809492151657,
    "thermal_ratio": 0.9888603993638188,
    "mean_first_ms": 6.352067029882983,
    "mean_last_ms": 6.281307539955833,
    "loop_overhead_us": 0.10000010433941497,
    "status": "success",
    "device": "cuda",
    "batch_size": 8
  }
}
