{
  "artifact_type": "inference_benchmark",
  "generated_by": "python src/benchmark_inference.py",
  "base_name": "exp104d_structural_tokens_correct__20260312_142940",
  "experiment": "exp104d_structural_tokens_correct",
  "raw_csv_path": "C:/Users/leona/OneDrive/Documents/Projects/Acadêmicos/FG2P/results/exp104d_structural_tokens_correct/benchmark_exp104d_structural_tokens_correct__20260312_142940_cpu_raw_b64.csv",
  "benchmark_metadata": {
    "benchmark_date": "2026-03-15 17:19:58",
    "devices": [
      "cpu"
    ],
    "test_words": 500,
    "warmup_runs": 20,
    "benchmark_runs": 200,
    "adaptive": true,
    "adaptive_min_runs": 10,
    "adaptive_max_runs": 80,
    "adaptive_cv_target": 0.03,
    "loop_overhead_us": 0.100000761449337,
    "force": true,
    "selected_models": 19,
    "cpu_quantize": false,
    "cpu_threads": null,
    "batch_size": 64,
    "sweep_mode": true,
    "sweep_batch_sizes": [
      1,
      4,
      8,
      16,
      32,
      64,
      128
    ]
  },
  "result": {
    "model_index": 18,
    "base_name": "exp104d_structural_tokens_correct__20260312_142940",
    "experiment": "exp104d_structural_tokens_correct",
    "params": 17165612,
    "n": 4360,
    "total_time_s": 24.873246596660465,
    "mean_lat_ms": 5.704873072628548,
    "p50_ms": 5.647892307024449,
    "p95_ms": 6.491789061783493,
    "p99_ms": 6.499667186744773,
    "throughput_wps": 175.2887377631428,
    "throughput_tps": 2225.2824851353103,
    "throughput_cps_in": 1575.58844792146,
    "throughput_cps_out": 2246.5905197716556,
    "tokens_per_word": 12.694954128440367,
    "chars_in_per_word": 8.988532110091743,
    "chars_out_per_word": 12.81651376146789,
    "ci95_lat_low_ms": 5.692477154611557,
    "ci95_lat_high_ms": 5.717268990645538,
    "ci95_wps_low": 174.90868483469583,
    "ci95_wps_high": 175.67044589540177,
    "stable_wps": 174.19987224223004,
    "stable_cv": 0.06938931685862441,
    "stable_window_start": 1256,
    "global_cv": 0.07320148345521067,
    "thermal_ratio": 0.9891262649961259,
    "mean_first_ms": 5.7411191506333195,
    "mean_last_ms": 5.678691742363665,
    "loop_overhead_us": 0.100000761449337,
    "status": "success",
    "device": "cpu",
    "batch_size": 64,
    "adaptive": true,
    "runs_executed": 10,
    "max_runs": 80,
    "min_runs": 10,
    "cv_target": 0.03,
    "converged": true,
    "final_run_cv": 0.00944860359270872,
    "n_samples_raw": 5000,
    "n_samples_clean": 4360,
    "n_outliers_removed": 640
  }
}
