{
  "artifact_type": "inference_benchmark",
  "generated_by": "python src/benchmark_inference.py",
  "base_name": "exp104d_structural_tokens_correct__20260312_142940",
  "experiment": "exp104d_structural_tokens_correct",
  "raw_csv_path": "C:/Users/leona/OneDrive/Documents/Projects/Acadêmicos/FG2P/results/exp104d_structural_tokens_correct/benchmark_exp104d_structural_tokens_correct__20260312_142940_cpu_raw_b4.csv",
  "benchmark_metadata": {
    "benchmark_date": "2026-03-15 15:32:05",
    "devices": [
      "cpu"
    ],
    "test_words": 500,
    "warmup_runs": 20,
    "benchmark_runs": 200,
    "adaptive": true,
    "adaptive_min_runs": 10,
    "adaptive_max_runs": 80,
    "adaptive_cv_target": 0.03,
    "loop_overhead_us": 0.100000761449337,
    "force": true,
    "selected_models": 19,
    "cpu_quantize": false,
    "cpu_threads": null,
    "batch_size": 4,
    "sweep_mode": true,
    "sweep_batch_sizes": [
      1,
      4,
      8,
      16,
      32,
      64,
      128
    ]
  },
  "result": {
    "model_index": 18,
    "base_name": "exp104d_structural_tokens_correct__20260312_142940",
    "experiment": "exp104d_structural_tokens_correct",
    "params": 17165612,
    "n": 4856,
    "total_time_s": 80.95548779603268,
    "mean_lat_ms": 16.671228953054506,
    "p50_ms": 16.379550001147436,
    "p95_ms": 21.723174999351613,
    "p99_ms": 23.655524997593602,
    "throughput_wps": 59.98358026369614,
    "throughput_tps": 748.8806707304041,
    "throughput_cps_in": 529.8837814192285,
    "throughput_cps_out": 755.5633554344114,
    "tokens_per_word": 12.484761120263592,
    "chars_in_per_word": 8.833813838550247,
    "chars_out_per_word": 12.596169686985172,
    "ci95_lat_low_ms": 16.59103625138679,
    "ci95_lat_high_ms": 16.751421654722222,
    "ci95_wps_low": 59.69642580861787,
    "ci95_wps_high": 60.27351063839748,
    "stable_wps": 60.29038466688142,
    "stable_cv": 0.16664327243073107,
    "stable_window_start": 516,
    "global_cv": 0.17102141553796318,
    "thermal_ratio": 1.0044167173712921,
    "mean_first_ms": 16.655868459511357,
    "mean_last_ms": 16.729432723070435,
    "loop_overhead_us": 0.100000761449337,
    "status": "success",
    "device": "cpu",
    "batch_size": 4,
    "adaptive": true,
    "runs_executed": 10,
    "max_runs": 80,
    "min_runs": 10,
    "cv_target": 0.03,
    "converged": true,
    "final_run_cv": 0.0035938863472766993,
    "n_samples_raw": 5000,
    "n_samples_clean": 4856,
    "n_outliers_removed": 144
  }
}
