{
  "artifact_type": "inference_benchmark",
  "generated_by": "python src/benchmark_inference.py",
  "base_name": "exp104d_structural_tokens_correct__20260312_142940",
  "experiment": "exp104d_structural_tokens_correct",
  "raw_csv_path": "C:/Users/leona/OneDrive/Documents/Projects/Acadêmicos/FG2P/results/exp104d_structural_tokens_correct/benchmark_exp104d_structural_tokens_correct__20260312_142940_cuda_raw.csv",
  "benchmark_metadata": {
    "benchmark_date": "2026-03-14 11:37:52",
    "devices": [
      "cuda"
    ],
    "test_words": 1000,
    "warmup_runs": 20,
    "benchmark_runs": 50,
    "loop_overhead_us": 0.10000010433941497,
    "force": true,
    "selected_models": 19,
    "cpu_quantize": false,
    "cpu_threads": null,
    "batch_size": 1,
    "sweep_mode": true,
    "sweep_batch_sizes": [
      1,
      4,
      8,
      16,
      32,
      64,
      128,
      256,
      512
    ]
  },
  "result": {
    "model_index": 18,
    "base_name": "exp104d_structural_tokens_correct__20260312_142940",
    "experiment": "exp104d_structural_tokens_correct",
    "params": 17165612,
    "n": 50000,
    "total_time_s": 1462.0449123939225,
    "mean_lat_ms": 29.240898247878448,
    "p50_ms": 28.372200002852423,
    "p95_ms": 44.202400001015576,
    "p99_ms": 53.03239999986772,
    "throughput_wps": 34.19867582462362,
    "throughput_tps": 432.4080571265411,
    "throughput_cps_in": 307.58289036666486,
    "throughput_cps_out": 435.82792470900347,
    "tokens_per_word": 12.644,
    "chars_in_per_word": 8.994,
    "chars_out_per_word": 12.744,
    "ci95_lat_low_ms": 29.17026985214475,
    "ci95_lat_high_ms": 29.311526643612147,
    "ci95_wps_low": 34.11627146407707,
    "ci95_wps_high": 34.28147922760731,
    "stable_wps": 34.37574586893328,
    "stable_cv": 0.2688714781810178,
    "stable_window_start": 31891,
    "global_cv": 0.2755608800001038,
    "thermal_ratio": 0.9989279437592085,
    "mean_first_ms": 29.302613729830863,
    "mean_last_ms": 29.271199679910296,
    "loop_overhead_us": 0.10000010433941497,
    "status": "success",
    "device": "cuda",
    "batch_size": 1
  }
}
