{
  "artifact_type": "inference_benchmark",
  "generated_by": "python src/benchmark_inference.py",
  "base_name": "exp104d_structural_tokens_correct__20260312_142940",
  "experiment": "exp104d_structural_tokens_correct",
  "raw_csv_path": "C:/Users/leona/OneDrive/Documents/Projects/Acadêmicos/FG2P/results/exp104d_structural_tokens_correct/benchmark_exp104d_structural_tokens_correct__20260312_142940_cpu_raw_b32.csv",
  "benchmark_metadata": {
    "benchmark_date": "2026-03-15 17:04:56",
    "devices": [
      "cpu"
    ],
    "test_words": 500,
    "warmup_runs": 20,
    "benchmark_runs": 200,
    "adaptive": true,
    "adaptive_min_runs": 10,
    "adaptive_max_runs": 80,
    "adaptive_cv_target": 0.03,
    "loop_overhead_us": 0.100000761449337,
    "force": true,
    "selected_models": 19,
    "cpu_quantize": false,
    "cpu_threads": null,
    "batch_size": 32,
    "sweep_mode": true,
    "sweep_batch_sizes": [
      1,
      4,
      8,
      16,
      32,
      64,
      128
    ]
  },
  "result": {
    "model_index": 18,
    "base_name": "exp104d_structural_tokens_correct__20260312_142940",
    "experiment": "exp104d_structural_tokens_correct",
    "params": 17165612,
    "n": 5000,
    "total_time_s": 31.98396969611349,
    "mean_lat_ms": 6.3967939392226985,
    "p50_ms": 6.41644999905111,
    "p95_ms": 7.9132156242849305,
    "p99_ms": 8.06995937409738,
    "throughput_wps": 156.32831219845644,
    "throughput_tps": 1963.1709445882161,
    "throughput_cps_in": 1388.1954123222934,
    "throughput_cps_out": 1981.930342052031,
    "tokens_per_word": 12.558,
    "chars_in_per_word": 8.88,
    "chars_out_per_word": 12.678,
    "ci95_lat_low_ms": 6.373224364222318,
    "ci95_lat_high_ms": 6.420363514223079,
    "ci95_wps_low": 155.75442072472885,
    "ci95_wps_high": 156.90644842408955,
    "stable_wps": 155.16771490455307,
    "stable_cv": 0.12821978468961615,
    "stable_window_start": 1532,
    "global_cv": 0.13292856650904075,
    "thermal_ratio": 0.9917171615121301,
    "mean_first_ms": 6.399050299281953,
    "mean_last_ms": 6.3460479991772445,
    "loop_overhead_us": 0.100000761449337,
    "status": "success",
    "device": "cpu",
    "batch_size": 32,
    "adaptive": true,
    "runs_executed": 10,
    "max_runs": 80,
    "min_runs": 10,
    "cv_target": 0.03,
    "converged": true,
    "final_run_cv": 0.007977245503117299,
    "n_samples_raw": 5000,
    "n_samples_clean": 5000,
    "n_outliers_removed": 0
  }
}
