{
  "artifact_type": "inference_benchmark",
  "generated_by": "python src/benchmark_inference.py",
  "base_name": "exp104d_structural_tokens_correct__20260312_142940",
  "experiment": "exp104d_structural_tokens_correct",
  "raw_csv_path": "C:/Users/leona/OneDrive/Documents/Projects/Acadêmicos/FG2P/results/exp104d_structural_tokens_correct/benchmark_exp104d_structural_tokens_correct__20260312_142940_cuda_raw_b32.csv",
  "benchmark_metadata": {
    "benchmark_date": "2026-03-15 06:34:55",
    "devices": [
      "cuda"
    ],
    "test_words": 1000,
    "warmup_runs": 20,
    "benchmark_runs": 50,
    "loop_overhead_us": 0.10000010433941497,
    "force": true,
    "selected_models": 19,
    "cpu_quantize": false,
    "cpu_threads": null,
    "batch_size": 32,
    "sweep_mode": true,
    "sweep_batch_sizes": [
      1,
      4,
      8,
      16,
      32,
      64,
      128,
      256,
      512
    ]
  },
  "result": {
    "model_index": 18,
    "base_name": "exp104d_structural_tokens_correct__20260312_142940",
    "experiment": "exp104d_structural_tokens_correct",
    "params": 17165612,
    "n": 50000,
    "total_time_s": 122.83751059468796,
    "mean_lat_ms": 2.4567502118937594,
    "p50_ms": 2.4209812501999295,
    "p95_ms": 2.822796874827418,
    "p99_ms": 4.247500000221862,
    "throughput_wps": 407.04178844016906,
    "throughput_tps": 5146.636373037498,
    "throughput_cps_in": 3660.9338452308807,
    "throughput_cps_out": 5187.340551881514,
    "tokens_per_word": 12.644,
    "chars_in_per_word": 8.994,
    "chars_out_per_word": 12.744,
    "ci95_lat_low_ms": 2.453660149384096,
    "ci95_lat_high_ms": 2.4598402744034225,
    "ci95_wps_low": 406.53046069933424,
    "ci95_wps_high": 407.55440408119046,
    "stable_wps": 405.97079436978066,
    "stable_cv": 0.13129870895359494,
    "stable_window_start": 4768,
    "global_cv": 0.14349447960701864,
    "thermal_ratio": 0.9989437712977844,
    "mean_first_ms": 2.4526127398720745,
    "mean_last_ms": 2.450022219900802,
    "loop_overhead_us": 0.10000010433941497,
    "status": "success",
    "device": "cuda",
    "batch_size": 32
  }
}
