{
  "artifact_type": "inference_benchmark",
  "generated_by": "python src/benchmark_inference.py",
  "base_name": "exp104d_structural_tokens_correct__20260312_142940",
  "experiment": "exp104d_structural_tokens_correct",
  "raw_csv_path": "C:/Users/leona/OneDrive/Documents/Projects/Acadêmicos/FG2P/results/exp104d_structural_tokens_correct/benchmark_exp104d_structural_tokens_correct__20260312_142940_cpu_raw.csv",
  "benchmark_metadata": {
    "benchmark_date": "2026-03-15 13:37:48",
    "devices": [
      "cpu"
    ],
    "test_words": 500,
    "warmup_runs": 20,
    "benchmark_runs": 200,
    "adaptive": true,
    "adaptive_min_runs": 10,
    "adaptive_max_runs": 80,
    "adaptive_cv_target": 0.03,
    "loop_overhead_us": 0.100000761449337,
    "force": true,
    "selected_models": 19,
    "cpu_quantize": false,
    "cpu_threads": null,
    "batch_size": 1,
    "sweep_mode": true,
    "sweep_batch_sizes": [
      1,
      4,
      8,
      16,
      32,
      64,
      128
    ]
  },
  "result": {
    "model_index": 18,
    "base_name": "exp104d_structural_tokens_correct__20260312_142940",
    "experiment": "exp104d_structural_tokens_correct",
    "params": 17165612,
    "n": 4928,
    "total_time_s": 207.6616304959607,
    "mean_lat_ms": 42.13912956492709,
    "p50_ms": 41.764399997191504,
    "p95_ms": 60.6363999977475,
    "p99_ms": 68.2812000013655,
    "throughput_wps": 23.730912582311905,
    "throughput_tps": 293.9252660889959,
    "throughput_cps_in": 208.0259116565122,
    "throughput_cps_out": 296.8001351660333,
    "tokens_per_word": 12.38575487012987,
    "chars_in_per_word": 8.766030844155845,
    "chars_out_per_word": 12.50689935064935,
    "ci95_lat_low_ms": 41.84338696057049,
    "ci95_lat_high_ms": 42.434872169283686,
    "ci95_wps_low": 23.565524034354134,
    "ci95_wps_high": 23.898639011758572,
    "stable_wps": 23.769960701389792,
    "stable_cv": 0.2491691341642536,
    "stable_window_start": 3060,
    "global_cv": 0.2513666230788854,
    "thermal_ratio": 0.9971076341157414,
    "mean_first_ms": 42.201202943183006,
    "mean_last_ms": 42.07914162351547,
    "loop_overhead_us": 0.100000761449337,
    "status": "success",
    "device": "cpu",
    "batch_size": 1,
    "adaptive": true,
    "runs_executed": 10,
    "max_runs": 80,
    "min_runs": 10,
    "cv_target": 0.03,
    "converged": true,
    "final_run_cv": 0.0031854773221158235,
    "n_samples_raw": 5000,
    "n_samples_clean": 4928,
    "n_outliers_removed": 72
  }
}
