{
  "artifact_type": "inference_benchmark",
  "generated_by": "python src/benchmark_inference.py",
  "base_name": "exp104d_structural_tokens_correct__20260312_142940",
  "experiment": "exp104d_structural_tokens_correct",
  "raw_csv_path": "C:/Users/leona/OneDrive/Documents/Projects/Acadêmicos/FG2P/results/exp104d_structural_tokens_correct/benchmark_exp104d_structural_tokens_correct__20260312_142940_cpu_raw_b8.csv",
  "benchmark_metadata": {
    "benchmark_date": "2026-03-15 16:15:46",
    "devices": [
      "cpu"
    ],
    "test_words": 500,
    "warmup_runs": 20,
    "benchmark_runs": 200,
    "adaptive": true,
    "adaptive_min_runs": 10,
    "adaptive_max_runs": 80,
    "adaptive_cv_target": 0.03,
    "loop_overhead_us": 0.100000761449337,
    "force": true,
    "selected_models": 19,
    "cpu_quantize": false,
    "cpu_threads": null,
    "batch_size": 8,
    "sweep_mode": true,
    "sweep_batch_sizes": [
      1,
      4,
      8,
      16,
      32,
      64,
      128
    ]
  },
  "result": {
    "model_index": 18,
    "base_name": "exp104d_structural_tokens_correct__20260312_142940",
    "experiment": "exp104d_structural_tokens_correct",
    "params": 17165612,
    "n": 4840,
    "total_time_s": 54.9946092961909,
    "mean_lat_ms": 11.362522581857624,
    "p50_ms": 11.358312500306056,
    "p95_ms": 14.622912498452934,
    "p99_ms": 15.292487498300034,
    "throughput_wps": 88.00862597155015,
    "throughput_tps": 1100.5987818553751,
    "throughput_cps_in": 778.6581366433307,
    "throughput_cps_out": 1110.7997816838958,
    "tokens_per_word": 12.505578512396694,
    "chars_in_per_word": 8.847520661157025,
    "chars_out_per_word": 12.621487603305786,
    "ci95_lat_low_ms": 11.316368691763826,
    "ci95_lat_high_ms": 11.408676471951424,
    "ci95_wps_low": 87.65258638532964,
    "ci95_wps_high": 88.36756977773362,
    "stable_wps": 88.16876785200644,
    "stable_cv": 0.1394241253829054,
    "stable_window_start": 2508,
    "global_cv": 0.14417838670967395,
    "thermal_ratio": 1.0019647793737387,
    "mean_first_ms": 11.371379647920367,
    "mean_last_ms": 11.393721900103554,
    "loop_overhead_us": 0.100000761449337,
    "status": "success",
    "device": "cpu",
    "batch_size": 8,
    "adaptive": true,
    "runs_executed": 10,
    "max_runs": 80,
    "min_runs": 10,
    "cv_target": 0.03,
    "converged": true,
    "final_run_cv": 0.006687978537637797,
    "n_samples_raw": 5000,
    "n_samples_clean": 4840,
    "n_outliers_removed": 160
  }
}
