{
  "artifact_type": "inference_benchmark",
  "generated_by": "python src/benchmark_inference.py",
  "base_name": "exp104d_structural_tokens_correct__20260312_142940",
  "experiment": "exp104d_structural_tokens_correct",
  "raw_csv_path": "C:/Users/leona/OneDrive/Documents/Projects/Acadêmicos/FG2P/results/exp104d_structural_tokens_correct/benchmark_exp104d_structural_tokens_correct__20260312_142940_cuda_raw_b4.csv",
  "benchmark_metadata": {
    "benchmark_date": "2026-03-14 21:57:11",
    "devices": [
      "cuda"
    ],
    "test_words": 1000,
    "warmup_runs": 20,
    "benchmark_runs": 50,
    "loop_overhead_us": 0.10000010433941497,
    "force": true,
    "selected_models": 19,
    "cpu_quantize": false,
    "cpu_threads": null,
    "batch_size": 4,
    "sweep_mode": true,
    "sweep_batch_sizes": [
      1,
      4,
      8,
      16,
      32,
      64,
      128,
      256,
      512
    ]
  },
  "result": {
    "model_index": 18,
    "base_name": "exp104d_structural_tokens_correct__20260312_142940",
    "experiment": "exp104d_structural_tokens_correct",
    "params": 17165612,
    "n": 50000,
    "total_time_s": 530.5744517949615,
    "mean_lat_ms": 10.61148903589923,
    "p50_ms": 10.30709999824694,
    "p95_ms": 14.517774998896584,
    "p99_ms": 17.13207499844657,
    "throughput_wps": 94.23748133904176,
    "throughput_tps": 1191.538714050844,
    "throughput_cps_in": 847.5719071633416,
    "throughput_cps_out": 1200.9624621847481,
    "tokens_per_word": 12.644,
    "chars_in_per_word": 8.994,
    "chars_out_per_word": 12.744,
    "ci95_lat_low_ms": 10.592272883714335,
    "ci95_lat_high_ms": 10.630705188084129,
    "ci95_wps_low": 94.0671368745031,
    "ci95_wps_high": 94.4084438702013,
    "stable_wps": 95.33538227248252,
    "stable_cv": 0.1826245172128286,
    "stable_window_start": 35216,
    "global_cv": 0.20659463091086583,
    "thermal_ratio": 1.030550092206371,
    "mean_first_ms": 10.484219749879504,
    "mean_last_ms": 10.80451362995018,
    "loop_overhead_us": 0.10000010433941497,
    "status": "success",
    "device": "cuda",
    "batch_size": 4
  }
}
