{
  "artifact_type": "inference_benchmark",
  "generated_by": "python src/benchmark_inference.py",
  "base_name": "exp104d_structural_tokens_correct__20260312_142940",
  "experiment": "exp104d_structural_tokens_correct",
  "raw_csv_path": "C:/Users/leona/OneDrive/Documents/Projects/Acadêmicos/FG2P/results/exp104d_structural_tokens_correct/benchmark_exp104d_structural_tokens_correct__20260312_142940_cuda_raw_b16.csv",
  "benchmark_metadata": {
    "benchmark_date": "2026-03-15 04:42:32",
    "devices": [
      "cuda"
    ],
    "test_words": 1000,
    "warmup_runs": 20,
    "benchmark_runs": 50,
    "loop_overhead_us": 0.10000010433941497,
    "force": true,
    "selected_models": 19,
    "cpu_quantize": false,
    "cpu_threads": null,
    "batch_size": 16,
    "sweep_mode": true,
    "sweep_batch_sizes": [
      1,
      4,
      8,
      16,
      32,
      64,
      128,
      256,
      512
    ]
  },
  "result": {
    "model_index": 18,
    "base_name": "exp104d_structural_tokens_correct__20260312_142940",
    "experiment": "exp104d_structural_tokens_correct",
    "params": 17165612,
    "n": 50000,
    "total_time_s": 188.63693319454342,
    "mean_lat_ms": 3.7727386638908684,
    "p50_ms": 3.723837499567253,
    "p95_ms": 4.591443750289272,
    "p99_ms": 4.946081249474901,
    "throughput_wps": 265.0594406580732,
    "throughput_tps": 3351.4115676806778,
    "throughput_cps_in": 2383.9446092787102,
    "throughput_cps_out": 3377.9175117464847,
    "tokens_per_word": 12.644,
    "chars_in_per_word": 8.994,
    "chars_out_per_word": 12.744,
    "ci95_lat_low_ms": 3.768758072382695,
    "ci95_lat_high_ms": 3.776719255399042,
    "ci95_wps_low": 264.78007296158995,
    "ci95_wps_high": 265.33939849521227,
    "stable_wps": 264.38279903752766,
    "stable_cv": 0.11401909345941397,
    "stable_window_start": 9896,
    "global_cv": 0.12037043227235615,
    "thermal_ratio": 0.9959514412694793,
    "mean_first_ms": 3.7769663298918204,
    "mean_last_ms": 3.7616750598820543,
    "loop_overhead_us": 0.10000010433941497,
    "status": "success",
    "device": "cuda",
    "batch_size": 16
  }
}
