{
  "artifact_type": "inference_benchmark",
  "generated_by": "python src/benchmark_inference.py",
  "base_name": "exp104d_structural_tokens_correct__20260312_142940",
  "experiment": "exp104d_structural_tokens_correct",
  "raw_csv_path": "C:/Users/leona/OneDrive/Documents/Projects/Acadêmicos/FG2P/results/exp104d_structural_tokens_correct/benchmark_exp104d_structural_tokens_correct__20260312_142940_cpu_raw.csv",
  "benchmark_metadata": {
    "benchmark_date": "2026-03-14 03:13:21",
    "devices": [
      "cpu"
    ],
    "test_words": 200,
    "warmup_runs": 10,
    "benchmark_runs": 20,
    "loop_overhead_us": 0.100000761449337,
    "force": true,
    "selected_models": 1,
    "cpu_quantize": false,
    "cpu_threads": null,
    "batch_size": 128
  },
  "result": {
    "model_index": 18,
    "base_name": "exp104d_structural_tokens_correct__20260312_142940",
    "experiment": "exp104d_structural_tokens_correct",
    "params": 17165612,
    "n": 4000,
    "total_time_s": 21.86377189704217,
    "mean_lat_ms": 5.4659429742605425,
    "p50_ms": 5.539615624002181,
    "p95_ms": 5.794810937004513,
    "p99_ms": 5.874207030501566,
    "throughput_wps": 182.95104883257304,
    "throughput_tps": 2342.688180301098,
    "throughput_cps_in": 1660.2807681556003,
    "throughput_cps_out": 2370.1308376259835,
    "tokens_per_word": 12.805,
    "chars_in_per_word": 9.075,
    "chars_out_per_word": 12.955,
    "ci95_lat_low_ms": 5.459511790653471,
    "ci95_lat_high_ms": 5.472374157867614,
    "ci95_wps_low": 182.73604310522214,
    "ci95_wps_high": 183.16656110386492,
    "stable_wps": 183.99443879664088,
    "stable_cv": 0.029397040892072963,
    "stable_window_start": 1728,
    "global_cv": 0.03796642775995341,
    "thermal_ratio": 1.0007457398666086,
    "mean_first_ms": 5.4685628741572145,
    "mean_last_ms": 5.472640999505529,
    "loop_overhead_us": 0.100000761449337,
    "status": "success",
    "device": "cpu",
    "batch_size": 128
  }
}
