{
  "artifact_type": "inference_benchmark",
  "generated_by": "python src/benchmark_inference.py",
  "base_name": "exp104d_structural_tokens_correct__20260312_142940",
  "experiment": "exp104d_structural_tokens_correct",
  "raw_csv_path": "C:/Users/leona/OneDrive/Documents/Projects/Acadêmicos/FG2P/results/exp104d_structural_tokens_correct/benchmark_exp104d_structural_tokens_correct__20260312_142940_cpu_raw_b128.csv",
  "benchmark_metadata": {
    "benchmark_date": "2026-03-15 17:32:27",
    "devices": [
      "cpu"
    ],
    "test_words": 500,
    "warmup_runs": 20,
    "benchmark_runs": 200,
    "adaptive": true,
    "adaptive_min_runs": 10,
    "adaptive_max_runs": 80,
    "adaptive_cv_target": 0.03,
    "loop_overhead_us": 0.100000761449337,
    "force": true,
    "selected_models": 19,
    "cpu_quantize": false,
    "cpu_threads": null,
    "batch_size": 128,
    "sweep_mode": true,
    "sweep_batch_sizes": [
      1,
      4,
      8,
      16,
      32,
      64,
      128
    ]
  },
  "result": {
    "model_index": 18,
    "base_name": "exp104d_structural_tokens_correct__20260312_142940",
    "experiment": "exp104d_structural_tokens_correct",
    "params": 17165612,
    "n": 5000,
    "total_time_s": 26.204124296244117,
    "mean_lat_ms": 5.240824859248824,
    "p50_ms": 5.232385344148999,
    "p95_ms": 5.857473436776672,
    "p99_ms": 6.414492968019658,
    "throughput_wps": 190.80965818486285,
    "throughput_tps": 2396.187687485508,
    "throughput_cps_in": 1694.3897646815822,
    "throughput_cps_out": 2419.0848464676915,
    "tokens_per_word": 12.558,
    "chars_in_per_word": 8.88,
    "chars_out_per_word": 12.678,
    "ci95_lat_low_ms": 5.230109892005768,
    "ci95_lat_high_ms": 5.25153982649188,
    "ci95_wps_low": 190.4203401363172,
    "ci95_wps_high": 191.20057143130046,
    "stable_wps": 189.89510425080098,
    "stable_cv": 0.05381594318429753,
    "stable_window_start": 2756,
    "global_cv": 0.07375986820543162,
    "thermal_ratio": 0.9962802787192907,
    "mean_first_ms": 5.1837754992593545,
    "mean_last_ms": 5.164493299220339,
    "loop_overhead_us": 0.100000761449337,
    "status": "success",
    "device": "cpu",
    "batch_size": 128,
    "adaptive": true,
    "runs_executed": 10,
    "max_runs": 80,
    "min_runs": 10,
    "cv_target": 0.03,
    "converged": true,
    "final_run_cv": 0.02254197919801158,
    "n_samples_raw": 5000,
    "n_samples_clean": 5000,
    "n_outliers_removed": 0
  }
}
