{
  "artifact_type": "inference_benchmark",
  "generated_by": "python src/benchmark_inference.py",
  "base_name": "exp7_lambda_lower_bound_0.05__20260221_020217",
  "experiment": "exp7_lambda_lower_bound_0.05",
  "raw_csv_path": "C:/Users/leona/OneDrive/Documents/Projects/Acadêmicos/FG2P/results/exp7_lambda_lower_bound_0.05/benchmark_exp7_lambda_lower_bound_0.05__20260221_020217_cuda_raw_b16.csv",
  "benchmark_metadata": {
    "benchmark_date": "2026-03-15 04:42:32",
    "devices": [
      "cuda"
    ],
    "test_words": 1000,
    "warmup_runs": 20,
    "benchmark_runs": 50,
    "loop_overhead_us": 0.10000010433941497,
    "force": true,
    "selected_models": 19,
    "cpu_quantize": false,
    "cpu_threads": null,
    "batch_size": 16,
    "sweep_mode": true,
    "sweep_batch_sizes": [
      1,
      4,
      8,
      16,
      32,
      64,
      128,
      256,
      512
    ]
  },
  "result": {
    "model_index": 2,
    "base_name": "exp7_lambda_lower_bound_0.05__20260221_020217",
    "experiment": "exp7_lambda_lower_bound_0.05",
    "params": 4321963,
    "n": 50000,
    "total_time_s": 158.00964109481447,
    "mean_lat_ms": 3.160192821896289,
    "p50_ms": 3.1144062492990088,
    "p95_ms": 3.774543750043904,
    "p99_ms": 4.244787500940674,
    "throughput_wps": 316.4363873847245,
    "throughput_tps": 3064.369975433672,
    "throughput_cps_in": 2846.0288681382126,
    "throughput_cps_out": 3096.013614172145,
    "tokens_per_word": 9.684,
    "chars_in_per_word": 8.994,
    "chars_out_per_word": 9.784,
    "ci95_lat_low_ms": 3.1570257804245987,
    "ci95_lat_high_ms": 3.16335986336798,
    "ci95_wps_low": 316.11958271965796,
    "ci95_wps_high": 316.7538276692523,
    "stable_wps": 316.24363283922787,
    "stable_cv": 0.10510992857906154,
    "stable_window_start": 6064,
    "global_cv": 0.11433234178819889,
    "thermal_ratio": 1.005934540542922,
    "mean_first_ms": 3.162244809870845,
    "mean_last_ms": 3.181011279901668,
    "loop_overhead_us": 0.10000010433941497,
    "status": "success",
    "device": "cuda",
    "batch_size": 16
  }
}
