{
  "artifact_type": "inference_benchmark",
  "generated_by": "python src/benchmark_inference.py",
  "base_name": "exp7_lambda_lower_bound_0.05__20260221_020217",
  "experiment": "exp7_lambda_lower_bound_0.05",
  "raw_csv_path": "C:/Users/leona/OneDrive/Documents/Projects/Acadêmicos/FG2P/results/exp7_lambda_lower_bound_0.05/benchmark_exp7_lambda_lower_bound_0.05__20260221_020217_cuda_raw_b256.csv",
  "benchmark_metadata": {
    "benchmark_date": "2026-03-15 10:17:42",
    "devices": [
      "cuda"
    ],
    "test_words": 1000,
    "warmup_runs": 20,
    "benchmark_runs": 50,
    "loop_overhead_us": 0.10000010433941497,
    "force": true,
    "selected_models": 19,
    "cpu_quantize": false,
    "cpu_threads": null,
    "batch_size": 256,
    "sweep_mode": true,
    "sweep_batch_sizes": [
      1,
      4,
      8,
      16,
      32,
      64,
      128,
      256,
      512
    ]
  },
  "result": {
    "model_index": 2,
    "base_name": "exp7_lambda_lower_bound_0.05__20260221_020217",
    "experiment": "exp7_lambda_lower_bound_0.05",
    "params": 4321963,
    "n": 50000,
    "total_time_s": 55.11577839497205,
    "mean_lat_ms": 1.102315567899441,
    "p50_ms": 1.099773437406384,
    "p95_ms": 1.1690112067848815,
    "p99_ms": 1.3538582029786994,
    "throughput_wps": 907.1812365905236,
    "throughput_tps": 8785.14309514263,
    "throughput_cps_in": 8159.188041895169,
    "throughput_cps_out": 8875.861218801681,
    "tokens_per_word": 9.684,
    "chars_in_per_word": 8.994,
    "chars_out_per_word": 9.784,
    "ci95_lat_low_ms": 1.101870538525988,
    "ci95_lat_high_ms": 1.102760597272894,
    "ci95_wps_low": 906.8151351009285,
    "ci95_wps_high": 907.5476338061785,
    "stable_wps": 907.0947070806316,
    "stable_cv": 0.030172130435448724,
    "stable_window_start": 19512,
    "global_cv": 0.04605869902337948,
    "thermal_ratio": 0.9986957494202229,
    "mean_first_ms": 1.1061524698999166,
    "mean_last_ms": 1.1047097698997277,
    "loop_overhead_us": 0.10000010433941497,
    "status": "success",
    "device": "cuda",
    "batch_size": 256
  }
}
