{
  "artifact_type": "inference_benchmark",
  "generated_by": "python src/benchmark_inference.py",
  "base_name": "exp7_lambda_lower_bound_0.05__20260221_020217",
  "experiment": "exp7_lambda_lower_bound_0.05",
  "raw_csv_path": "C:/Users/leona/OneDrive/Documents/Projects/Acadêmicos/FG2P/results/exp7_lambda_lower_bound_0.05/benchmark_exp7_lambda_lower_bound_0.05__20260221_020217_cuda_raw_b8.csv",
  "benchmark_metadata": {
    "benchmark_date": "2026-03-15 02:00:06",
    "devices": [
      "cuda"
    ],
    "test_words": 1000,
    "warmup_runs": 20,
    "benchmark_runs": 50,
    "loop_overhead_us": 0.10000010433941497,
    "force": true,
    "selected_models": 19,
    "cpu_quantize": false,
    "cpu_threads": null,
    "batch_size": 8,
    "sweep_mode": true,
    "sweep_batch_sizes": [
      1,
      4,
      8,
      16,
      32,
      64,
      128,
      256,
      512
    ]
  },
  "result": {
    "model_index": 2,
    "base_name": "exp7_lambda_lower_bound_0.05__20260221_020217",
    "experiment": "exp7_lambda_lower_bound_0.05",
    "params": 4321963,
    "n": 50000,
    "total_time_s": 255.25728529484786,
    "mean_lat_ms": 5.105145705896957,
    "p50_ms": 5.008737500904772,
    "p95_ms": 6.375787500221577,
    "p99_ms": 6.96423749898031,
    "throughput_wps": 195.88079510539714,
    "throughput_tps": 1896.909619800666,
    "throughput_cps_in": 1761.7518711779421,
    "throughput_cps_out": 1916.4976993112057,
    "tokens_per_word": 9.684,
    "chars_in_per_word": 8.994,
    "chars_out_per_word": 9.784,
    "ci95_lat_low_ms": 5.0989144197791845,
    "ci95_lat_high_ms": 5.111376992014731,
    "ci95_wps_low": 195.64199658179274,
    "ci95_wps_high": 196.1201772912491,
    "stable_wps": 195.81848770825738,
    "stable_cv": 0.128744775818531,
    "stable_window_start": 29400,
    "global_cv": 0.1392510510752311,
    "thermal_ratio": 0.999377870022731,
    "mean_first_ms": 5.150933289901241,
    "mean_last_ms": 5.147728739890681,
    "loop_overhead_us": 0.10000010433941497,
    "status": "success",
    "device": "cuda",
    "batch_size": 8
  }
}
