{
  "artifact_type": "inference_benchmark",
  "generated_by": "python src/benchmark_inference.py",
  "base_name": "exp7_lambda_lower_bound_0.05__20260221_020217",
  "experiment": "exp7_lambda_lower_bound_0.05",
  "raw_csv_path": "C:/Users/leona/OneDrive/Documents/Projects/Acadêmicos/FG2P/results/exp7_lambda_lower_bound_0.05/benchmark_exp7_lambda_lower_bound_0.05__20260221_020217_cpu_raw_b16.csv",
  "benchmark_metadata": {
    "benchmark_date": "2026-03-15 16:44:46",
    "devices": [
      "cpu"
    ],
    "test_words": 500,
    "warmup_runs": 20,
    "benchmark_runs": 200,
    "adaptive": true,
    "adaptive_min_runs": 10,
    "adaptive_max_runs": 80,
    "adaptive_cv_target": 0.03,
    "loop_overhead_us": 0.100000761449337,
    "force": true,
    "selected_models": 19,
    "cpu_quantize": false,
    "cpu_threads": null,
    "batch_size": 16,
    "sweep_mode": true,
    "sweep_batch_sizes": [
      1,
      4,
      8,
      16,
      32,
      64,
      128
    ]
  },
  "result": {
    "model_index": 2,
    "base_name": "exp7_lambda_lower_bound_0.05__20260221_020217",
    "experiment": "exp7_lambda_lower_bound_0.05",
    "params": 4321963,
    "n": 4960,
    "total_time_s": 14.259733996150317,
    "mean_lat_ms": 2.8749463701915965,
    "p50_ms": 2.875349999158061,
    "p95_ms": 3.516343749652151,
    "p99_ms": 3.65381249866914,
    "throughput_wps": 347.8325753719561,
    "throughput_tps": 3345.0834365407877,
    "throughput_cps_in": 3088.4166571332553,
    "throughput_cps_out": 3386.4586824015646,
    "tokens_per_word": 9.616935483870968,
    "chars_in_per_word": 8.879032258064516,
    "chars_out_per_word": 9.735887096774194,
    "ci95_lat_low_ms": 2.865616621622598,
    "ci95_lat_high_ms": 2.8842761187605945,
    "ci95_wps_low": 346.7074436790438,
    "ci95_wps_high": 348.965033373435,
    "stable_wps": 348.5392604573585,
    "stable_cv": 0.11017398618270373,
    "stable_window_start": 2768,
    "global_cv": 0.11660709046422696,
    "thermal_ratio": 1.010454743244517,
    "mean_first_ms": 2.8642559468167863,
    "mean_last_ms": 2.8942010073273368,
    "loop_overhead_us": 0.100000761449337,
    "status": "success",
    "device": "cpu",
    "batch_size": 16,
    "adaptive": true,
    "runs_executed": 10,
    "max_runs": 80,
    "min_runs": 10,
    "cv_target": 0.03,
    "converged": true,
    "final_run_cv": 0.008473729976570228,
    "n_samples_raw": 5000,
    "n_samples_clean": 4960,
    "n_outliers_removed": 40
  }
}
