{
  "artifact_type": "inference_benchmark",
  "generated_by": "python src/benchmark_inference.py",
  "base_name": "exp7_lambda_lower_bound_0.05__20260221_020217",
  "experiment": "exp7_lambda_lower_bound_0.05",
  "raw_csv_path": "C:/Users/leona/OneDrive/Documents/Projects/Acadêmicos/FG2P/results/exp7_lambda_lower_bound_0.05/benchmark_exp7_lambda_lower_bound_0.05__20260221_020217_cpu_raw_b4.csv",
  "benchmark_metadata": {
    "benchmark_date": "2026-03-15 15:32:05",
    "devices": [
      "cpu"
    ],
    "test_words": 500,
    "warmup_runs": 20,
    "benchmark_runs": 200,
    "adaptive": true,
    "adaptive_min_runs": 10,
    "adaptive_max_runs": 80,
    "adaptive_cv_target": 0.03,
    "loop_overhead_us": 0.100000761449337,
    "force": true,
    "selected_models": 19,
    "cpu_quantize": false,
    "cpu_threads": null,
    "batch_size": 4,
    "sweep_mode": true,
    "sweep_batch_sizes": [
      1,
      4,
      8,
      16,
      32,
      64,
      128
    ]
  },
  "result": {
    "model_index": 2,
    "base_name": "exp7_lambda_lower_bound_0.05__20260221_020217",
    "experiment": "exp7_lambda_lower_bound_0.05",
    "params": 4321963,
    "n": 4892,
    "total_time_s": 33.7647644962708,
    "mean_lat_ms": 6.902036896212347,
    "p50_ms": 6.836149997980101,
    "p95_ms": 8.757075000175973,
    "p99_ms": 9.354924997751368,
    "throughput_wps": 144.88476590856436,
    "throughput_tps": 1384.372161255933,
    "throughput_cps_in": 1277.9890706705767,
    "throughput_cps_out": 1400.6020982383313,
    "tokens_per_word": 9.554987735077678,
    "chars_in_per_word": 8.820727718724449,
    "chars_out_per_word": 9.667007358953393,
    "ci95_lat_low_ms": 6.872521590147173,
    "ci95_lat_high_ms": 6.931552202277521,
    "ci95_wps_low": 144.2678307567859,
    "ci95_wps_high": 145.50700014295413,
    "stable_wps": 145.2151540104225,
    "stable_cv": 0.14799032441381285,
    "stable_window_start": 2162,
    "global_cv": 0.15260092542693657,
    "thermal_ratio": 0.9985046647870365,
    "mean_first_ms": 6.921969477754683,
    "mean_last_ms": 6.911618813051538,
    "loop_overhead_us": 0.100000761449337,
    "status": "success",
    "device": "cpu",
    "batch_size": 4,
    "adaptive": true,
    "runs_executed": 10,
    "max_runs": 80,
    "min_runs": 10,
    "cv_target": 0.03,
    "converged": true,
    "final_run_cv": 0.006761293381915588,
    "n_samples_raw": 5000,
    "n_samples_clean": 4892,
    "n_outliers_removed": 108
  }
}
