{
  "artifact_type": "inference_benchmark",
  "generated_by": "python src/benchmark_inference.py",
  "base_name": "exp7_lambda_lower_bound_0.05__20260221_020217",
  "experiment": "exp7_lambda_lower_bound_0.05",
  "raw_csv_path": "C:/Users/leona/OneDrive/Documents/Projects/Acadêmicos/FG2P/results/exp7_lambda_lower_bound_0.05/benchmark_exp7_lambda_lower_bound_0.05__20260221_020217_cpu_raw.csv",
  "benchmark_metadata": {
    "benchmark_date": "2026-03-15 13:37:48",
    "devices": [
      "cpu"
    ],
    "test_words": 500,
    "warmup_runs": 20,
    "benchmark_runs": 200,
    "adaptive": true,
    "adaptive_min_runs": 10,
    "adaptive_max_runs": 80,
    "adaptive_cv_target": 0.03,
    "loop_overhead_us": 0.100000761449337,
    "force": true,
    "selected_models": 19,
    "cpu_quantize": false,
    "cpu_threads": null,
    "batch_size": 1,
    "sweep_mode": true,
    "sweep_batch_sizes": [
      1,
      4,
      8,
      16,
      32,
      64,
      128
    ]
  },
  "result": {
    "model_index": 2,
    "base_name": "exp7_lambda_lower_bound_0.05__20260221_020217",
    "experiment": "exp7_lambda_lower_bound_0.05",
    "params": 4321963,
    "n": 4922,
    "total_time_s": 92.57598909563967,
    "mean_lat_ms": 18.80861216896377,
    "p50_ms": 18.540099990786985,
    "p95_ms": 26.036499999463558,
    "p99_ms": 29.091000003973022,
    "throughput_wps": 53.167133811717775,
    "throughput_tps": 504.8717324717345,
    "throughput_cps_in": 465.76872060696036,
    "throughput_cps_out": 511.32048884832847,
    "tokens_per_word": 9.495936611133686,
    "chars_in_per_word": 8.76046322633076,
    "chars_out_per_word": 9.617228768793174,
    "ci95_lat_low_ms": 18.688401170396038,
    "ci95_lat_high_ms": 18.9288231675315,
    "ci95_wps_low": 52.829486077892795,
    "ci95_wps_high": 53.509125306239795,
    "stable_wps": 52.925338356754814,
    "stable_cv": 0.22706513313845644,
    "stable_window_start": 95,
    "global_cv": 0.2287716405867328,
    "thermal_ratio": 0.996511164265492,
    "mean_first_ms": 18.876530486936904,
    "mean_last_ms": 18.810673372830546,
    "loop_overhead_us": 0.100000761449337,
    "status": "success",
    "device": "cpu",
    "batch_size": 1,
    "adaptive": true,
    "runs_executed": 10,
    "max_runs": 80,
    "min_runs": 10,
    "cv_target": 0.03,
    "converged": true,
    "final_run_cv": 0.004744106805782814,
    "n_samples_raw": 5000,
    "n_samples_clean": 4922,
    "n_outliers_removed": 78
  }
}
