{
  "artifact_type": "inference_benchmark",
  "generated_by": "python src/benchmark_inference.py",
  "base_name": "exp7_lambda_lower_bound_0.05__20260221_020217",
  "experiment": "exp7_lambda_lower_bound_0.05",
  "raw_csv_path": "C:/Users/leona/OneDrive/Documents/Projects/Acadêmicos/FG2P/results/exp7_lambda_lower_bound_0.05/benchmark_exp7_lambda_lower_bound_0.05__20260221_020217_cuda_raw_b4.csv",
  "benchmark_metadata": {
    "benchmark_date": "2026-03-14 21:57:11",
    "devices": [
      "cuda"
    ],
    "test_words": 1000,
    "warmup_runs": 20,
    "benchmark_runs": 50,
    "loop_overhead_us": 0.10000010433941497,
    "force": true,
    "selected_models": 19,
    "cpu_quantize": false,
    "cpu_threads": null,
    "batch_size": 4,
    "sweep_mode": true,
    "sweep_batch_sizes": [
      1,
      4,
      8,
      16,
      32,
      64,
      128,
      256,
      512
    ]
  },
  "result": {
    "model_index": 2,
    "base_name": "exp7_lambda_lower_bound_0.05__20260221_020217",
    "experiment": "exp7_lambda_lower_bound_0.05",
    "params": 4321963,
    "n": 50000,
    "total_time_s": 421.8097868945306,
    "mean_lat_ms": 8.436195737890612,
    "p50_ms": 8.281600000120761,
    "p95_ms": 11.129949999233304,
    "p99_ms": 12.303599999288508,
    "throughput_wps": 118.53684185023903,
    "throughput_tps": 1147.9107764777148,
    "throughput_cps_in": 1066.1203556010498,
    "throughput_cps_out": 1159.7644606627387,
    "tokens_per_word": 9.684,
    "chars_in_per_word": 8.994,
    "chars_out_per_word": 9.784,
    "ci95_lat_low_ms": 8.423374882835107,
    "ci95_lat_high_ms": 8.449016592946116,
    "ci95_wps_low": 118.35696959512144,
    "ci95_wps_high": 118.71726165693622,
    "stable_wps": 119.22422561037025,
    "stable_cv": 0.16335668444388887,
    "stable_window_start": 27476,
    "global_cv": 0.17338010970634804,
    "thermal_ratio": 0.995481984058033,
    "mean_first_ms": 8.420280149854898,
    "mean_last_ms": 8.382237189902025,
    "loop_overhead_us": 0.10000010433941497,
    "status": "success",
    "device": "cuda",
    "batch_size": 4
  }
}
