{
  "artifact_type": "inference_benchmark",
  "generated_by": "python src/benchmark_inference.py",
  "base_name": "exp7_lambda_lower_bound_0.05__20260221_020217",
  "experiment": "exp7_lambda_lower_bound_0.05",
  "raw_csv_path": "C:/Users/leona/OneDrive/Documents/Projects/Acadêmicos/FG2P/results/exp7_lambda_lower_bound_0.05/benchmark_exp7_lambda_lower_bound_0.05__20260221_020217_cpu_raw_b128.csv",
  "benchmark_metadata": {
    "benchmark_date": "2026-03-15 17:32:27",
    "devices": [
      "cpu"
    ],
    "test_words": 500,
    "warmup_runs": 20,
    "benchmark_runs": 200,
    "adaptive": true,
    "adaptive_min_runs": 10,
    "adaptive_max_runs": 80,
    "adaptive_cv_target": 0.03,
    "loop_overhead_us": 0.100000761449337,
    "force": true,
    "selected_models": 19,
    "cpu_quantize": false,
    "cpu_threads": null,
    "batch_size": 128,
    "sweep_mode": true,
    "sweep_batch_sizes": [
      1,
      4,
      8,
      16,
      32,
      64,
      128
    ]
  },
  "result": {
    "model_index": 2,
    "base_name": "exp7_lambda_lower_bound_0.05__20260221_020217",
    "experiment": "exp7_lambda_lower_bound_0.05",
    "params": 4321963,
    "n": 5000,
    "total_time_s": 7.127707996070967,
    "mean_lat_ms": 1.4255415992141935,
    "p50_ms": 1.4582767233087939,
    "p95_ms": 1.5446234367573197,
    "p99_ms": 1.5943273429002147,
    "throughput_wps": 701.4877717712578,
    "throughput_tps": 6746.909388895958,
    "throughput_cps_in": 6229.21141332877,
    "throughput_cps_out": 6831.087921508509,
    "tokens_per_word": 9.618,
    "chars_in_per_word": 8.88,
    "chars_out_per_word": 9.738,
    "ci95_lat_low_ms": 1.4233649663231644,
    "ci95_lat_high_ms": 1.4277182321052226,
    "ci95_wps_low": 700.4183161025153,
    "ci95_wps_high": 702.5604982980574,
    "stable_wps": 706.9108170882351,
    "stable_cv": 0.04793686978551254,
    "stable_window_start": 1628,
    "global_cv": 0.05508511027470536,
    "thermal_ratio": 0.9977201823272611,
    "mean_first_ms": 1.423885799216805,
    "mean_last_ms": 1.4206395992077887,
    "loop_overhead_us": 0.100000761449337,
    "status": "success",
    "device": "cpu",
    "batch_size": 128,
    "adaptive": true,
    "runs_executed": 10,
    "max_runs": 80,
    "min_runs": 10,
    "cv_target": 0.03,
    "converged": true,
    "final_run_cv": 0.009231341838419654,
    "n_samples_raw": 5000,
    "n_samples_clean": 5000,
    "n_outliers_removed": 0
  }
}
