{
  "artifact_type": "inference_benchmark",
  "generated_by": "python src/benchmark_inference.py",
  "base_name": "exp7_lambda_lower_bound_0.05__20260221_020217",
  "experiment": "exp7_lambda_lower_bound_0.05",
  "raw_csv_path": "C:/Users/leona/OneDrive/Documents/Projects/Acadêmicos/FG2P/results/exp7_lambda_lower_bound_0.05/benchmark_exp7_lambda_lower_bound_0.05__20260221_020217_cpu_raw_b8.csv",
  "benchmark_metadata": {
    "benchmark_date": "2026-03-15 16:15:46",
    "devices": [
      "cpu"
    ],
    "test_words": 500,
    "warmup_runs": 20,
    "benchmark_runs": 200,
    "adaptive": true,
    "adaptive_min_runs": 10,
    "adaptive_max_runs": 80,
    "adaptive_cv_target": 0.03,
    "loop_overhead_us": 0.100000761449337,
    "force": true,
    "selected_models": 19,
    "cpu_quantize": false,
    "cpu_threads": null,
    "batch_size": 8,
    "sweep_mode": true,
    "sweep_batch_sizes": [
      1,
      4,
      8,
      16,
      32,
      64,
      128
    ]
  },
  "result": {
    "model_index": 2,
    "base_name": "exp7_lambda_lower_bound_0.05__20260221_020217",
    "experiment": "exp7_lambda_lower_bound_0.05",
    "params": 4321963,
    "n": 4904,
    "total_time_s": 21.752950896392576,
    "mean_lat_ms": 4.4357567080735265,
    "p50_ms": 4.364287498901831,
    "p95_ms": 5.463187499117339,
    "p99_ms": 5.9564874991338,
    "throughput_wps": 225.4406780651199,
    "throughput_tps": 2164.2121211153576,
    "throughput_cps_in": 1998.4415083293009,
    "throughput_cps_out": 2190.691287217623,
    "tokens_per_word": 9.599918433931485,
    "chars_in_per_word": 8.864600326264274,
    "chars_out_per_word": 9.7173735725938,
    "ci95_lat_low_ms": 4.4201583340397255,
    "ci95_lat_high_ms": 4.451355082107328,
    "ci95_wps_low": 224.6506921048831,
    "ci95_wps_high": 226.23623961589354,
    "stable_wps": 226.50414443519168,
    "stable_cv": 0.12020528935428995,
    "stable_window_start": 28,
    "global_cv": 0.12564082269601032,
    "thermal_ratio": 0.9988024292619753,
    "mean_first_ms": 4.422558315558008,
    "mean_last_ms": 4.417261989132087,
    "loop_overhead_us": 0.100000761449337,
    "status": "success",
    "device": "cpu",
    "batch_size": 8,
    "adaptive": true,
    "runs_executed": 10,
    "max_runs": 80,
    "min_runs": 10,
    "cv_target": 0.03,
    "converged": true,
    "final_run_cv": 0.006472161160117645,
    "n_samples_raw": 5000,
    "n_samples_clean": 4904,
    "n_outliers_removed": 96
  }
}
