{
  "artifact_type": "inference_benchmark",
  "generated_by": "python src/benchmark_inference.py",
  "base_name": "exp7_lambda_lower_bound_0.05__20260221_020217",
  "experiment": "exp7_lambda_lower_bound_0.05",
  "raw_csv_path": "C:/Users/leona/OneDrive/Documents/Projects/Acadêmicos/FG2P/results/exp7_lambda_lower_bound_0.05/benchmark_exp7_lambda_lower_bound_0.05__20260221_020217_cuda_raw_b32.csv",
  "benchmark_metadata": {
    "benchmark_date": "2026-03-15 06:34:55",
    "devices": [
      "cuda"
    ],
    "test_words": 1000,
    "warmup_runs": 20,
    "benchmark_runs": 50,
    "loop_overhead_us": 0.10000010433941497,
    "force": true,
    "selected_models": 19,
    "cpu_quantize": false,
    "cpu_threads": null,
    "batch_size": 32,
    "sweep_mode": true,
    "sweep_batch_sizes": [
      1,
      4,
      8,
      16,
      32,
      64,
      128,
      256,
      512
    ]
  },
  "result": {
    "model_index": 2,
    "base_name": "exp7_lambda_lower_bound_0.05__20260221_020217",
    "experiment": "exp7_lambda_lower_bound_0.05",
    "params": 4321963,
    "n": 50000,
    "total_time_s": 105.49454139466707,
    "mean_lat_ms": 2.109890827893341,
    "p50_ms": 2.081128124902989,
    "p95_ms": 2.4167531248372143,
    "p99_ms": 3.4931843749495783,
    "throughput_wps": 473.9581720436541,
    "throughput_tps": 4589.8109380707465,
    "throughput_cps_in": 4262.779799360625,
    "throughput_cps_out": 4637.206755275111,
    "tokens_per_word": 9.684,
    "chars_in_per_word": 8.994,
    "chars_out_per_word": 9.784,
    "ci95_lat_low_ms": 2.1074342891233058,
    "ci95_lat_high_ms": 2.1123473666633767,
    "ci95_wps_low": 473.40698588773336,
    "ci95_wps_high": 474.5106431840401,
    "stable_wps": 476.7366302415247,
    "stable_cv": 0.11861542731818378,
    "stable_window_start": 33960,
    "global_cv": 0.13282889793236952,
    "thermal_ratio": 0.9987466220645939,
    "mean_first_ms": 2.099590159879244,
    "mean_last_ms": 2.0969585798994554,
    "loop_overhead_us": 0.10000010433941497,
    "status": "success",
    "device": "cuda",
    "batch_size": 32
  }
}
