{
  "artifact_type": "inference_benchmark",
  "generated_by": "python src/benchmark_inference.py",
  "base_name": "exp7_lambda_lower_bound_0.05__20260221_020217",
  "experiment": "exp7_lambda_lower_bound_0.05",
  "raw_csv_path": "C:/Users/leona/OneDrive/Documents/Projects/Acadêmicos/FG2P/results/exp7_lambda_lower_bound_0.05/benchmark_exp7_lambda_lower_bound_0.05__20260221_020217_cuda_raw_b128.csv",
  "benchmark_metadata": {
    "benchmark_date": "2026-03-15 09:12:54",
    "devices": [
      "cuda"
    ],
    "test_words": 1000,
    "warmup_runs": 20,
    "benchmark_runs": 50,
    "loop_overhead_us": 0.10000010433941497,
    "force": true,
    "selected_models": 19,
    "cpu_quantize": false,
    "cpu_threads": null,
    "batch_size": 128,
    "sweep_mode": true,
    "sweep_batch_sizes": [
      1,
      4,
      8,
      16,
      32,
      64,
      128,
      256,
      512
    ]
  },
  "result": {
    "model_index": 2,
    "base_name": "exp7_lambda_lower_bound_0.05__20260221_020217",
    "experiment": "exp7_lambda_lower_bound_0.05",
    "params": 4321963,
    "n": 50000,
    "total_time_s": 60.19039529475868,
    "mean_lat_ms": 1.2038079058951736,
    "p50_ms": 1.204355468732956,
    "p95_ms": 1.2696692305460673,
    "p99_ms": 1.5113890624184023,
    "throughput_wps": 830.6973189849436,
    "throughput_tps": 8044.472837050193,
    "throughput_cps_in": 7471.2916869505825,
    "throughput_cps_out": 8127.542568948688,
    "tokens_per_word": 9.684,
    "chars_in_per_word": 8.994,
    "chars_out_per_word": 9.784,
    "ci95_lat_low_ms": 1.2032085282466436,
    "ci95_lat_high_ms": 1.2044072835437036,
    "ci95_wps_low": 830.2839194543226,
    "ci95_wps_high": 831.1111303850497,
    "stable_wps": 830.0236486894803,
    "stable_cv": 0.047096680293050586,
    "stable_window_start": 11512,
    "global_cv": 0.056803132103216955,
    "thermal_ratio": 0.9976392083122246,
    "mean_first_ms": 1.2051169199018659,
    "mean_last_ms": 1.2022718898945641,
    "loop_overhead_us": 0.10000010433941497,
    "status": "success",
    "device": "cuda",
    "batch_size": 128
  }
}
