{
  "artifact_type": "inference_benchmark",
  "generated_by": "python src/benchmark_inference.py",
  "base_name": "exp7_lambda_lower_bound_0.05__20260221_020217",
  "experiment": "exp7_lambda_lower_bound_0.05",
  "raw_csv_path": "C:/Users/leona/OneDrive/Documents/Projects/Acadêmicos/FG2P/results/exp7_lambda_lower_bound_0.05/benchmark_exp7_lambda_lower_bound_0.05__20260221_020217_cuda_raw.csv",
  "benchmark_metadata": {
    "benchmark_date": "2026-03-14 11:37:52",
    "devices": [
      "cuda"
    ],
    "test_words": 1000,
    "warmup_runs": 20,
    "benchmark_runs": 50,
    "loop_overhead_us": 0.10000010433941497,
    "force": true,
    "selected_models": 19,
    "cpu_quantize": false,
    "cpu_threads": null,
    "batch_size": 1,
    "sweep_mode": true,
    "sweep_batch_sizes": [
      1,
      4,
      8,
      16,
      32,
      64,
      128,
      256,
      512
    ]
  },
  "result": {
    "model_index": 2,
    "base_name": "exp7_lambda_lower_bound_0.05__20260221_020217",
    "experiment": "exp7_lambda_lower_bound_0.05",
    "params": 4321963,
    "n": 50000,
    "total_time_s": 1175.3403214943874,
    "mean_lat_ms": 23.50680642988775,
    "p50_ms": 22.809800001343774,
    "p95_ms": 34.258899999915684,
    "p99_ms": 41.39700000152743,
    "throughput_wps": 42.54087015106183,
    "throughput_tps": 411.96578654288277,
    "throughput_cps_in": 382.6125861386501,
    "throughput_cps_out": 416.219873557989,
    "tokens_per_word": 9.684,
    "chars_in_per_word": 8.994,
    "chars_out_per_word": 9.784,
    "ci95_lat_low_ms": 23.45419058753645,
    "ci95_lat_high_ms": 23.559422272239047,
    "ci95_wps_low": 42.44586257016742,
    "ci95_wps_high": 42.63630400152882,
    "stable_wps": 43.037785989758554,
    "stable_cv": 0.24125081667627665,
    "stable_window_start": 10518,
    "global_cv": 0.25535938712532913,
    "thermal_ratio": 1.0056936400694272,
    "mean_first_ms": 23.59299294989223,
    "mean_last_ms": 23.727322959909454,
    "loop_overhead_us": 0.10000010433941497,
    "status": "success",
    "device": "cuda",
    "batch_size": 1
  }
}
