{
  "artifact_type": "inference_benchmark",
  "generated_by": "python src/benchmark_inference.py",
  "base_name": "exp7_lambda_lower_bound_0.05__20260221_020217",
  "experiment": "exp7_lambda_lower_bound_0.05",
  "raw_csv_path": "C:/Users/leona/OneDrive/Documents/Projects/Acadêmicos/FG2P/results/exp7_lambda_lower_bound_0.05/benchmark_exp7_lambda_lower_bound_0.05__20260221_020217_cuda_raw_b64.csv",
  "benchmark_metadata": {
    "benchmark_date": "2026-03-15 08:01:10",
    "devices": [
      "cuda"
    ],
    "test_words": 1000,
    "warmup_runs": 20,
    "benchmark_runs": 50,
    "loop_overhead_us": 0.10000010433941497,
    "force": true,
    "selected_models": 19,
    "cpu_quantize": false,
    "cpu_threads": null,
    "batch_size": 64,
    "sweep_mode": true,
    "sweep_batch_sizes": [
      1,
      4,
      8,
      16,
      32,
      64,
      128,
      256,
      512
    ]
  },
  "result": {
    "model_index": 2,
    "base_name": "exp7_lambda_lower_bound_0.05__20260221_020217",
    "experiment": "exp7_lambda_lower_bound_0.05",
    "params": 4321963,
    "n": 50000,
    "total_time_s": 73.0662818947867,
    "mean_lat_ms": 1.461325637895734,
    "p50_ms": 1.4432625000358712,
    "p95_ms": 1.797350000035749,
    "p99_ms": 1.9141274998423798,
    "throughput_wps": 684.3101729467846,
    "throughput_tps": 6626.859714816662,
    "throughput_cps_in": 6154.68569548338,
    "throughput_cps_out": 6695.290732111341,
    "tokens_per_word": 9.684,
    "chars_in_per_word": 8.994,
    "chars_out_per_word": 9.784,
    "ci95_lat_low_ms": 1.4601956445345454,
    "ci95_lat_high_ms": 1.4624556312569226,
    "ci95_wps_low": 683.7814280495743,
    "ci95_wps_high": 684.839736197653,
    "stable_wps": 685.9994482843125,
    "stable_cv": 0.0805551677088439,
    "stable_window_start": 11192,
    "global_cv": 0.08821812419925214,
    "thermal_ratio": 0.9890281186701906,
    "mean_first_ms": 1.4713319898853114,
    "mean_last_ms": 1.4551887098955376,
    "loop_overhead_us": 0.10000010433941497,
    "status": "success",
    "device": "cuda",
    "batch_size": 64
  }
}
