{
  "artifact_type": "inference_benchmark",
  "generated_by": "python src/benchmark_inference.py",
  "base_name": "exp7_lambda_lower_bound_0.05__20260221_020217",
  "experiment": "exp7_lambda_lower_bound_0.05",
  "raw_csv_path": "C:/Users/leona/OneDrive/Documents/Projects/Acadêmicos/FG2P/results/exp7_lambda_lower_bound_0.05/benchmark_exp7_lambda_lower_bound_0.05__20260221_020217_cpu_raw_b32.csv",
  "benchmark_metadata": {
    "benchmark_date": "2026-03-15 17:04:56",
    "devices": [
      "cpu"
    ],
    "test_words": 500,
    "warmup_runs": 20,
    "benchmark_runs": 200,
    "adaptive": true,
    "adaptive_min_runs": 10,
    "adaptive_max_runs": 80,
    "adaptive_cv_target": 0.03,
    "loop_overhead_us": 0.100000761449337,
    "force": true,
    "selected_models": 19,
    "cpu_quantize": false,
    "cpu_threads": null,
    "batch_size": 32,
    "sweep_mode": true,
    "sweep_batch_sizes": [
      1,
      4,
      8,
      16,
      32,
      64,
      128
    ]
  },
  "result": {
    "model_index": 2,
    "base_name": "exp7_lambda_lower_bound_0.05__20260221_020217",
    "experiment": "exp7_lambda_lower_bound_0.05",
    "params": 4321963,
    "n": 5000,
    "total_time_s": 10.214228396231192,
    "mean_lat_ms": 2.0428456792462386,
    "p50_ms": 2.0538374992611352,
    "p95_ms": 2.447290623877052,
    "p99_ms": 2.5081149993638974,
    "throughput_wps": 489.5132364423025,
    "throughput_tps": 4708.138308102066,
    "throughput_cps_in": 4346.877539607646,
    "throughput_cps_out": 4766.879896475142,
    "tokens_per_word": 9.618,
    "chars_in_per_word": 8.88,
    "chars_out_per_word": 9.738,
    "ci95_lat_low_ms": 2.036274706499028,
    "ci95_lat_high_ms": 2.049416651993449,
    "ci95_wps_low": 487.94372731738525,
    "ci95_wps_high": 491.09287504695396,
    "stable_wps": 489.92637894404436,
    "stable_cv": 0.1101958600631214,
    "stable_window_start": 3500,
    "global_cv": 0.11604409246047,
    "thermal_ratio": 0.9964387563681304,
    "mean_first_ms": 2.042516799236182,
    "mean_last_ms": 2.035242899291916,
    "loop_overhead_us": 0.100000761449337,
    "status": "success",
    "device": "cpu",
    "batch_size": 32,
    "adaptive": true,
    "runs_executed": 10,
    "max_runs": 80,
    "min_runs": 10,
    "cv_target": 0.03,
    "converged": true,
    "final_run_cv": 0.007219045503951647,
    "n_samples_raw": 5000,
    "n_samples_clean": 5000,
    "n_outliers_removed": 0
  }
}
