{
  "artifact_type": "inference_benchmark",
  "generated_by": "python src/benchmark_inference.py",
  "base_name": "exp7_lambda_lower_bound_0.05__20260221_020217",
  "experiment": "exp7_lambda_lower_bound_0.05",
  "raw_csv_path": "C:/Users/leona/OneDrive/Documents/Projects/Acadêmicos/FG2P/results/exp7_lambda_lower_bound_0.05/benchmark_exp7_lambda_lower_bound_0.05__20260221_020217_cuda_raw_b512.csv",
  "benchmark_metadata": {
    "benchmark_date": "2026-03-15 11:19:26",
    "devices": [
      "cuda"
    ],
    "test_words": 1000,
    "warmup_runs": 20,
    "benchmark_runs": 50,
    "loop_overhead_us": 0.10000010433941497,
    "force": true,
    "selected_models": 19,
    "cpu_quantize": false,
    "cpu_threads": null,
    "batch_size": 512,
    "sweep_mode": true,
    "sweep_batch_sizes": [
      1,
      4,
      8,
      16,
      32,
      64,
      128,
      256,
      512
    ]
  },
  "result": {
    "model_index": 2,
    "base_name": "exp7_lambda_lower_bound_0.05__20260221_020217",
    "experiment": "exp7_lambda_lower_bound_0.05",
    "params": 4321963,
    "n": 50000,
    "total_time_s": 37.29861169482774,
    "mean_lat_ms": 0.7459722338965548,
    "p50_ms": 0.7477860654642083,
    "p95_ms": 0.8662567621803884,
    "p99_ms": 0.9952424179435139,
    "throughput_wps": 1340.532468315264,
    "throughput_tps": 12981.716423165015,
    "throughput_cps_in": 12056.749020027484,
    "throughput_cps_out": 13115.769669996542,
    "tokens_per_word": 9.684,
    "chars_in_per_word": 8.994,
    "chars_out_per_word": 9.784,
    "ci95_lat_low_ms": 0.7453102458675962,
    "ci95_lat_high_ms": 0.7466342219255134,
    "ci95_wps_low": 1339.343912499852,
    "ci95_wps_high": 1341.7231354922892,
    "stable_wps": 1322.2485012109937,
    "stable_cv": 0.027435385063714065,
    "stable_window_start": 20512,
    "global_cv": 0.10124099482779764,
    "thermal_ratio": 1.0395748922511183,
    "mean_first_ms": 0.7049770298989643,
    "mean_last_ms": 0.7328764198967291,
    "loop_overhead_us": 0.10000010433941497,
    "status": "success",
    "device": "cuda",
    "batch_size": 512
  }
}
