{
  "artifact_type": "inference_benchmark",
  "generated_by": "python src/benchmark_inference.py",
  "base_name": "exp7_lambda_lower_bound_0.05__20260221_020217",
  "experiment": "exp7_lambda_lower_bound_0.05",
  "raw_csv_path": "C:/Users/leona/OneDrive/Documents/Projects/Acadêmicos/FG2P/results/exp7_lambda_lower_bound_0.05/benchmark_exp7_lambda_lower_bound_0.05__20260221_020217_cpu_raw_b64.csv",
  "benchmark_metadata": {
    "benchmark_date": "2026-03-15 17:19:58",
    "devices": [
      "cpu"
    ],
    "test_words": 500,
    "warmup_runs": 20,
    "benchmark_runs": 200,
    "adaptive": true,
    "adaptive_min_runs": 10,
    "adaptive_max_runs": 80,
    "adaptive_cv_target": 0.03,
    "loop_overhead_us": 0.100000761449337,
    "force": true,
    "selected_models": 19,
    "cpu_quantize": false,
    "cpu_threads": null,
    "batch_size": 64,
    "sweep_mode": true,
    "sweep_batch_sizes": [
      1,
      4,
      8,
      16,
      32,
      64,
      128
    ]
  },
  "result": {
    "model_index": 2,
    "base_name": "exp7_lambda_lower_bound_0.05__20260221_020217",
    "experiment": "exp7_lambda_lower_bound_0.05",
    "params": 4321963,
    "n": 4616,
    "total_time_s": 7.520355196436867,
    "mean_lat_ms": 1.6291930668190786,
    "p50_ms": 1.6366656241189048,
    "p95_ms": 1.8151390615912533,
    "p99_ms": 1.844718749225649,
    "throughput_wps": 613.800795231993,
    "throughput_tps": 5936.687674161083,
    "throughput_cps_in": 5488.304597574801,
    "throughput_cps_out": 6010.886297154899,
    "tokens_per_word": 9.672010398613518,
    "chars_in_per_word": 8.941507798960139,
    "chars_out_per_word": 9.792894280762566,
    "ci95_lat_low_ms": 1.6256381521148846,
    "ci95_lat_high_ms": 1.6327479815232726,
    "ci95_wps_low": 612.4643921268546,
    "ci95_wps_high": 615.1430431791007,
    "stable_wps": 608.6782138180504,
    "stable_cv": 0.05362816441828566,
    "stable_window_start": 3692,
    "global_cv": 0.07563685462327824,
    "thermal_ratio": 1.0173542411422243,
    "mean_first_ms": 1.6148630544935016,
    "mean_last_ms": 1.6428877773528507,
    "loop_overhead_us": 0.100000761449337,
    "status": "success",
    "device": "cpu",
    "batch_size": 64,
    "adaptive": true,
    "runs_executed": 10,
    "max_runs": 80,
    "min_runs": 10,
    "cv_target": 0.03,
    "converged": true,
    "final_run_cv": 0.017926079815024087,
    "n_samples_raw": 5000,
    "n_samples_clean": 4616,
    "n_outliers_removed": 384
  }
}
