{
  "artifact_type": "inference_benchmark",
  "generated_by": "python src/benchmark_inference.py",
  "base_name": "exp7_lambda_upper_bound_0.50__20260221_151005",
  "experiment": "exp7_lambda_upper_bound_0.50",
  "raw_csv_path": "C:/Users/leona/OneDrive/Documents/Projects/Acadêmicos/FG2P/results/exp7_lambda_upper_bound_0.50/benchmark_exp7_lambda_upper_bound_0.50__20260221_151005_cpu_raw_b16.csv",
  "benchmark_metadata": {
    "benchmark_date": "2026-03-15 16:44:46",
    "devices": [
      "cpu"
    ],
    "test_words": 500,
    "warmup_runs": 20,
    "benchmark_runs": 200,
    "adaptive": true,
    "adaptive_min_runs": 10,
    "adaptive_max_runs": 80,
    "adaptive_cv_target": 0.03,
    "loop_overhead_us": 0.100000761449337,
    "force": true,
    "selected_models": 19,
    "cpu_quantize": false,
    "cpu_threads": null,
    "batch_size": 16,
    "sweep_mode": true,
    "sweep_batch_sizes": [
      1,
      4,
      8,
      16,
      32,
      64,
      128
    ]
  },
  "result": {
    "model_index": 3,
    "base_name": "exp7_lambda_upper_bound_0.50__20260221_151005",
    "experiment": "exp7_lambda_upper_bound_0.50",
    "params": 4321963,
    "n": 4960,
    "total_time_s": 14.292556096421322,
    "mean_lat_ms": 2.881563729117202,
    "p50_ms": 2.8795499993066187,
    "p95_ms": 3.5199249996367143,
    "p99_ms": 3.669943749628146,
    "throughput_wps": 347.0337962320066,
    "throughput_tps": 3338.800958909547,
    "throughput_cps_in": 3081.3242713825744,
    "throughput_cps_out": 3380.0811887032737,
    "tokens_per_word": 9.620967741935484,
    "chars_in_per_word": 8.879032258064516,
    "chars_out_per_word": 9.73991935483871,
    "ci95_lat_low_ms": 2.872195510804176,
    "ci95_lat_high_ms": 2.890931947430228,
    "ci95_wps_low": 345.9092148083623,
    "ci95_wps_high": 348.16571373305067,
    "stable_wps": 347.7962463118388,
    "stable_cv": 0.11275037463730975,
    "stable_window_start": 2144,
    "global_cv": 0.11681901519465179,
    "thermal_ratio": 1.0112579335144694,
    "mean_first_ms": 2.855907156499011,
    "mean_last_ms": 2.8880587693903736,
    "loop_overhead_us": 0.100000761449337,
    "status": "success",
    "device": "cpu",
    "batch_size": 16,
    "adaptive": true,
    "runs_executed": 10,
    "max_runs": 80,
    "min_runs": 10,
    "cv_target": 0.03,
    "converged": true,
    "final_run_cv": 0.011815534613444553,
    "n_samples_raw": 5000,
    "n_samples_clean": 4960,
    "n_outliers_removed": 40
  }
}
