{
  "artifact_type": "inference_benchmark",
  "generated_by": "python src/benchmark_inference.py",
  "base_name": "exp7_lambda_upper_bound_0.50__20260221_151005",
  "experiment": "exp7_lambda_upper_bound_0.50",
  "raw_csv_path": "C:/Users/leona/OneDrive/Documents/Projects/Acadêmicos/FG2P/results/exp7_lambda_upper_bound_0.50/benchmark_exp7_lambda_upper_bound_0.50__20260221_151005_cuda_raw_b4.csv",
  "benchmark_metadata": {
    "benchmark_date": "2026-03-14 21:57:11",
    "devices": [
      "cuda"
    ],
    "test_words": 1000,
    "warmup_runs": 20,
    "benchmark_runs": 50,
    "loop_overhead_us": 0.10000010433941497,
    "force": true,
    "selected_models": 19,
    "cpu_quantize": false,
    "cpu_threads": null,
    "batch_size": 4,
    "sweep_mode": true,
    "sweep_batch_sizes": [
      1,
      4,
      8,
      16,
      32,
      64,
      128,
      256,
      512
    ]
  },
  "result": {
    "model_index": 3,
    "base_name": "exp7_lambda_upper_bound_0.50__20260221_151005",
    "experiment": "exp7_lambda_upper_bound_0.50",
    "params": 4321963,
    "n": 50000,
    "total_time_s": 429.1401531939746,
    "mean_lat_ms": 8.582803063879492,
    "p50_ms": 8.341125000445118,
    "p95_ms": 11.431874999036609,
    "p99_ms": 14.735625000614618,
    "throughput_wps": 116.51205236299485,
    "throughput_tps": 1128.5357391879681,
    "throughput_cps_in": 1047.9093989527757,
    "throughput_cps_out": 1140.1869444242677,
    "tokens_per_word": 9.686,
    "chars_in_per_word": 8.994,
    "chars_out_per_word": 9.786,
    "ci95_lat_low_ms": 8.567977446680127,
    "ci95_lat_high_ms": 8.597628681078858,
    "ci95_wps_low": 116.31114079173246,
    "ci95_wps_high": 116.7136592297491,
    "stable_wps": 119.7649275578788,
    "stable_cv": 0.16233877515220776,
    "stable_window_start": 6612,
    "global_cv": 0.1970663921098823,
    "thermal_ratio": 1.0157697768443712,
    "mean_first_ms": 8.551757029887176,
    "mean_last_ms": 8.686616329875779,
    "loop_overhead_us": 0.10000010433941497,
    "status": "success",
    "device": "cuda",
    "batch_size": 4
  }
}
