{
  "artifact_type": "inference_benchmark",
  "generated_by": "python src/benchmark_inference.py",
  "base_name": "exp7_lambda_upper_bound_0.50__20260221_151005",
  "experiment": "exp7_lambda_upper_bound_0.50",
  "raw_csv_path": "C:/Users/leona/OneDrive/Documents/Projects/Acadêmicos/FG2P/results/exp7_lambda_upper_bound_0.50/benchmark_exp7_lambda_upper_bound_0.50__20260221_151005_cpu_raw_b64.csv",
  "benchmark_metadata": {
    "benchmark_date": "2026-03-15 17:19:58",
    "devices": [
      "cpu"
    ],
    "test_words": 500,
    "warmup_runs": 20,
    "benchmark_runs": 200,
    "adaptive": true,
    "adaptive_min_runs": 10,
    "adaptive_max_runs": 80,
    "adaptive_cv_target": 0.03,
    "loop_overhead_us": 0.100000761449337,
    "force": true,
    "selected_models": 19,
    "cpu_quantize": false,
    "cpu_threads": null,
    "batch_size": 64,
    "sweep_mode": true,
    "sweep_batch_sizes": [
      1,
      4,
      8,
      16,
      32,
      64,
      128
    ]
  },
  "result": {
    "model_index": 3,
    "base_name": "exp7_lambda_upper_bound_0.50__20260221_151005",
    "experiment": "exp7_lambda_upper_bound_0.50",
    "params": 4321963,
    "n": 4424,
    "total_time_s": 7.378031396656297,
    "mean_lat_ms": 1.6677286158807183,
    "p50_ms": 1.670298436692974,
    "p95_ms": 1.8296796868071397,
    "p99_ms": 1.888126561880199,
    "throughput_wps": 599.6179417188363,
    "throughput_tps": 5820.522804966932,
    "throughput_cps_in": 5382.330036979364,
    "throughput_cps_out": 5893.306447530905,
    "tokens_per_word": 9.707052441229656,
    "chars_in_per_word": 8.97626582278481,
    "chars_out_per_word": 9.828435804701627,
    "ci95_lat_low_ms": 1.6647639681200623,
    "ci95_lat_high_ms": 1.670693263641374,
    "ci95_wps_low": 598.5539187609108,
    "ci95_wps_high": 600.6857543470572,
    "stable_wps": 597.7226468178814,
    "stable_cv": 0.048630108280219506,
    "stable_window_start": 820,
    "global_cv": 0.06032526077032134,
    "thermal_ratio": 1.0017571411288335,
    "mean_first_ms": 1.6640523253584214,
    "mean_last_ms": 1.6669763001398397,
    "loop_overhead_us": 0.100000761449337,
    "status": "success",
    "device": "cpu",
    "batch_size": 64,
    "adaptive": true,
    "runs_executed": 10,
    "max_runs": 80,
    "min_runs": 10,
    "cv_target": 0.03,
    "converged": true,
    "final_run_cv": 0.010355587926084311,
    "n_samples_raw": 5000,
    "n_samples_clean": 4424,
    "n_outliers_removed": 576
  }
}
