{
  "artifact_type": "inference_benchmark",
  "generated_by": "python src/benchmark_inference.py",
  "base_name": "exp7_lambda_upper_bound_0.50__20260221_151005",
  "experiment": "exp7_lambda_upper_bound_0.50",
  "raw_csv_path": "C:/Users/leona/OneDrive/Documents/Projects/Acadêmicos/FG2P/results/exp7_lambda_upper_bound_0.50/benchmark_exp7_lambda_upper_bound_0.50__20260221_151005_cuda_raw.csv",
  "benchmark_metadata": {
    "benchmark_date": "2026-03-14 11:37:52",
    "devices": [
      "cuda"
    ],
    "test_words": 1000,
    "warmup_runs": 20,
    "benchmark_runs": 50,
    "loop_overhead_us": 0.10000010433941497,
    "force": true,
    "selected_models": 19,
    "cpu_quantize": false,
    "cpu_threads": null,
    "batch_size": 1,
    "sweep_mode": true,
    "sweep_batch_sizes": [
      1,
      4,
      8,
      16,
      32,
      64,
      128,
      256,
      512
    ]
  },
  "result": {
    "model_index": 3,
    "base_name": "exp7_lambda_upper_bound_0.50__20260221_151005",
    "experiment": "exp7_lambda_upper_bound_0.50",
    "params": 4321963,
    "n": 50000,
    "total_time_s": 1182.5369818947229,
    "mean_lat_ms": 23.650739637894457,
    "p50_ms": 22.928200000681045,
    "p95_ms": 34.55210000240413,
    "p99_ms": 42.32470000053809,
    "throughput_wps": 42.281975756806666,
    "throughput_tps": 409.5432171804294,
    "throughput_cps_in": 380.2840899567192,
    "throughput_cps_out": 413.77141475611006,
    "tokens_per_word": 9.686,
    "chars_in_per_word": 8.994,
    "chars_out_per_word": 9.786,
    "ci95_lat_low_ms": 23.59726787991883,
    "ci95_lat_high_ms": 23.704211395870082,
    "ci95_wps_low": 42.1865964363711,
    "ci95_wps_high": 42.377787339143424,
    "stable_wps": 42.706014070447765,
    "stable_cv": 0.2426263444734549,
    "stable_window_start": 33536,
    "global_cv": 0.25793404337312315,
    "thermal_ratio": 1.0132647818762472,
    "mean_first_ms": 23.491120539898564,
    "mean_last_ms": 23.80272512988895,
    "loop_overhead_us": 0.10000010433941497,
    "status": "success",
    "device": "cuda",
    "batch_size": 1
  }
}
