{
  "artifact_type": "inference_benchmark",
  "generated_by": "python src/benchmark_inference.py",
  "base_name": "exp7_lambda_upper_bound_0.50__20260221_151005",
  "experiment": "exp7_lambda_upper_bound_0.50",
  "raw_csv_path": "C:/Users/leona/OneDrive/Documents/Projects/Acadêmicos/FG2P/results/exp7_lambda_upper_bound_0.50/benchmark_exp7_lambda_upper_bound_0.50__20260221_151005_cuda_raw_b32.csv",
  "benchmark_metadata": {
    "benchmark_date": "2026-03-15 06:34:55",
    "devices": [
      "cuda"
    ],
    "test_words": 1000,
    "warmup_runs": 20,
    "benchmark_runs": 50,
    "loop_overhead_us": 0.10000010433941497,
    "force": true,
    "selected_models": 19,
    "cpu_quantize": false,
    "cpu_threads": null,
    "batch_size": 32,
    "sweep_mode": true,
    "sweep_batch_sizes": [
      1,
      4,
      8,
      16,
      32,
      64,
      128,
      256,
      512
    ]
  },
  "result": {
    "model_index": 3,
    "base_name": "exp7_lambda_upper_bound_0.50__20260221_151005",
    "experiment": "exp7_lambda_upper_bound_0.50",
    "params": 4321963,
    "n": 50000,
    "total_time_s": 105.59545369473653,
    "mean_lat_ms": 2.1119090738947306,
    "p50_ms": 2.0801875000165637,
    "p95_ms": 2.4011656248353574,
    "p99_ms": 3.681134375003694,
    "throughput_wps": 473.50523389523806,
    "throughput_tps": 4586.371695509276,
    "throughput_cps_in": 4258.7060736537705,
    "throughput_cps_out": 4633.7222188988,
    "tokens_per_word": 9.686,
    "chars_in_per_word": 8.994,
    "chars_out_per_word": 9.786,
    "ci95_lat_low_ms": 2.1094638953790796,
    "ci95_lat_high_ms": 2.1143542524103816,
    "ci95_wps_low": 472.95764125618575,
    "ci95_wps_high": 474.0540960149004,
    "stable_wps": 478.51382947251153,
    "stable_cv": 0.11885123711262197,
    "stable_window_start": 6128,
    "global_cv": 0.1320882802707894,
    "thermal_ratio": 1.0008262700885084,
    "mean_first_ms": 2.112529559898485,
    "mean_last_ms": 2.1142750798849193,
    "loop_overhead_us": 0.10000010433941497,
    "status": "success",
    "device": "cuda",
    "batch_size": 32
  }
}
