{
  "artifact_type": "inference_benchmark",
  "generated_by": "python src/benchmark_inference.py",
  "base_name": "exp7_lambda_upper_bound_0.50__20260221_151005",
  "experiment": "exp7_lambda_upper_bound_0.50",
  "raw_csv_path": "C:/Users/leona/OneDrive/Documents/Projects/Acadêmicos/FG2P/results/exp7_lambda_upper_bound_0.50/benchmark_exp7_lambda_upper_bound_0.50__20260221_151005_cpu_raw_b4.csv",
  "benchmark_metadata": {
    "benchmark_date": "2026-03-15 15:32:05",
    "devices": [
      "cpu"
    ],
    "test_words": 500,
    "warmup_runs": 20,
    "benchmark_runs": 200,
    "adaptive": true,
    "adaptive_min_runs": 10,
    "adaptive_max_runs": 80,
    "adaptive_cv_target": 0.03,
    "loop_overhead_us": 0.100000761449337,
    "force": true,
    "selected_models": 19,
    "cpu_quantize": false,
    "cpu_threads": null,
    "batch_size": 4,
    "sweep_mode": true,
    "sweep_batch_sizes": [
      1,
      4,
      8,
      16,
      32,
      64,
      128
    ]
  },
  "result": {
    "model_index": 3,
    "base_name": "exp7_lambda_upper_bound_0.50__20260221_151005",
    "experiment": "exp7_lambda_upper_bound_0.50",
    "params": 4321963,
    "n": 4860,
    "total_time_s": 33.49601669618278,
    "mean_lat_ms": 6.892184505387403,
    "p50_ms": 6.832675000623567,
    "p95_ms": 8.775375001278007,
    "p99_ms": 9.26515000173822,
    "throughput_wps": 145.09187895627744,
    "throughput_tps": 1386.194675657999,
    "throughput_cps_in": 1279.1371699096014,
    "throughput_cps_out": 1402.3159955420297,
    "tokens_per_word": 9.553909465020576,
    "chars_in_per_word": 8.816049382716049,
    "chars_out_per_word": 9.665020576131687,
    "ci95_lat_low_ms": 6.862708894697929,
    "ci95_lat_high_ms": 6.921660116076877,
    "ci95_wps_low": 144.4740110363566,
    "ci95_wps_high": 145.71505441132607,
    "stable_wps": 144.94144084282823,
    "stable_cv": 0.1473488491036435,
    "stable_window_start": 1120,
    "global_cv": 0.15211357732384198,
    "thermal_ratio": 1.0019204342143526,
    "mean_first_ms": 6.879177776947636,
    "mean_last_ms": 6.8923887853171015,
    "loop_overhead_us": 0.100000761449337,
    "status": "success",
    "device": "cpu",
    "batch_size": 4,
    "adaptive": true,
    "runs_executed": 10,
    "max_runs": 80,
    "min_runs": 10,
    "cv_target": 0.03,
    "converged": true,
    "final_run_cv": 0.003994504359218926,
    "n_samples_raw": 5000,
    "n_samples_clean": 4860,
    "n_outliers_removed": 140
  }
}
