{
  "artifact_type": "inference_benchmark",
  "generated_by": "python src/benchmark_inference.py",
  "base_name": "exp7_lambda_upper_bound_0.50__20260221_151005",
  "experiment": "exp7_lambda_upper_bound_0.50",
  "raw_csv_path": "C:/Users/leona/OneDrive/Documents/Projects/Acadêmicos/FG2P/results/exp7_lambda_upper_bound_0.50/benchmark_exp7_lambda_upper_bound_0.50__20260221_151005_cpu_raw_b128.csv",
  "benchmark_metadata": {
    "benchmark_date": "2026-03-15 17:32:27",
    "devices": [
      "cpu"
    ],
    "test_words": 500,
    "warmup_runs": 20,
    "benchmark_runs": 200,
    "adaptive": true,
    "adaptive_min_runs": 10,
    "adaptive_max_runs": 80,
    "adaptive_cv_target": 0.03,
    "loop_overhead_us": 0.100000761449337,
    "force": true,
    "selected_models": 19,
    "cpu_quantize": false,
    "cpu_threads": null,
    "batch_size": 128,
    "sweep_mode": true,
    "sweep_batch_sizes": [
      1,
      4,
      8,
      16,
      32,
      64,
      128
    ]
  },
  "result": {
    "model_index": 3,
    "base_name": "exp7_lambda_upper_bound_0.50__20260221_151005",
    "experiment": "exp7_lambda_upper_bound_0.50",
    "params": 4321963,
    "n": 5000,
    "total_time_s": 7.119755896128481,
    "mean_lat_ms": 1.4239511792256963,
    "p50_ms": 1.4154343741665798,
    "p95_ms": 1.5073695304863577,
    "p99_ms": 1.5792335929063483,
    "throughput_wps": 702.2712678560871,
    "throughput_tps": 6757.25413931127,
    "throughput_cps_in": 6236.168858562053,
    "throughput_cps_out": 6841.526691454001,
    "tokens_per_word": 9.622,
    "chars_in_per_word": 8.88,
    "chars_out_per_word": 9.742,
    "ci95_lat_low_ms": 1.4218854597876516,
    "ci95_lat_high_ms": 1.426016898663741,
    "ci95_wps_low": 701.2539619530855,
    "ci95_wps_high": 703.2915296491905,
    "stable_wps": 702.4826513480621,
    "stable_cv": 0.04686325063512355,
    "stable_window_start": 3128,
    "global_cv": 0.052336559234285984,
    "thermal_ratio": 0.9989839261917095,
    "mean_first_ms": 1.4215502992447,
    "mean_last_ms": 1.4201058992184699,
    "loop_overhead_us": 0.100000761449337,
    "status": "success",
    "device": "cpu",
    "batch_size": 128,
    "adaptive": true,
    "runs_executed": 10,
    "max_runs": 80,
    "min_runs": 10,
    "cv_target": 0.03,
    "converged": true,
    "final_run_cv": 0.003377892282987793,
    "n_samples_raw": 5000,
    "n_samples_clean": 5000,
    "n_outliers_removed": 0
  }
}
