{
  "artifact_type": "inference_benchmark",
  "generated_by": "python src/benchmark_inference.py",
  "base_name": "exp7_lambda_upper_bound_0.50__20260221_151005",
  "experiment": "exp7_lambda_upper_bound_0.50",
  "raw_csv_path": "C:/Users/leona/OneDrive/Documents/Projects/Acadêmicos/FG2P/results/exp7_lambda_upper_bound_0.50/benchmark_exp7_lambda_upper_bound_0.50__20260221_151005_cuda_raw_b64.csv",
  "benchmark_metadata": {
    "benchmark_date": "2026-03-15 08:01:10",
    "devices": [
      "cuda"
    ],
    "test_words": 1000,
    "warmup_runs": 20,
    "benchmark_runs": 50,
    "loop_overhead_us": 0.10000010433941497,
    "force": true,
    "selected_models": 19,
    "cpu_quantize": false,
    "cpu_threads": null,
    "batch_size": 64,
    "sweep_mode": true,
    "sweep_batch_sizes": [
      1,
      4,
      8,
      16,
      32,
      64,
      128,
      256,
      512
    ]
  },
  "result": {
    "model_index": 3,
    "base_name": "exp7_lambda_upper_bound_0.50__20260221_151005",
    "experiment": "exp7_lambda_upper_bound_0.50",
    "params": 4321963,
    "n": 50000,
    "total_time_s": 73.15065249505005,
    "mean_lat_ms": 1.463013049901001,
    "p50_ms": 1.4479343749121654,
    "p95_ms": 1.7830100000742277,
    "p99_ms": 1.925331249797182,
    "throughput_wps": 683.5209023375887,
    "throughput_tps": 6620.583460041885,
    "throughput_cps_in": 6147.586995624273,
    "throughput_cps_out": 6688.935550275643,
    "tokens_per_word": 9.686,
    "chars_in_per_word": 8.994,
    "chars_out_per_word": 9.786,
    "ci95_lat_low_ms": 1.4618729672415696,
    "ci95_lat_high_ms": 1.4641531325604327,
    "ci95_wps_low": 682.9886695329835,
    "ci95_wps_high": 684.0539652955724,
    "stable_wps": 686.1729912335495,
    "stable_cv": 0.0808117821927889,
    "stable_window_start": 23384,
    "global_cv": 0.08890313400569695,
    "thermal_ratio": 1.0089599941209477,
    "mean_first_ms": 1.4546984998983135,
    "mean_last_ms": 1.4677325899051539,
    "loop_overhead_us": 0.10000010433941497,
    "status": "success",
    "device": "cuda",
    "batch_size": 64
  }
}
