{
  "artifact_type": "inference_benchmark",
  "generated_by": "python src/benchmark_inference.py",
  "base_name": "exp7_lambda_upper_bound_0.50__20260221_151005",
  "experiment": "exp7_lambda_upper_bound_0.50",
  "raw_csv_path": "C:/Users/leona/OneDrive/Documents/Projects/Acadêmicos/FG2P/results/exp7_lambda_upper_bound_0.50/benchmark_exp7_lambda_upper_bound_0.50__20260221_151005_cuda_raw_b256.csv",
  "benchmark_metadata": {
    "benchmark_date": "2026-03-15 10:17:42",
    "devices": [
      "cuda"
    ],
    "test_words": 1000,
    "warmup_runs": 20,
    "benchmark_runs": 50,
    "loop_overhead_us": 0.10000010433941497,
    "force": true,
    "selected_models": 19,
    "cpu_quantize": false,
    "cpu_threads": null,
    "batch_size": 256,
    "sweep_mode": true,
    "sweep_batch_sizes": [
      1,
      4,
      8,
      16,
      32,
      64,
      128,
      256,
      512
    ]
  },
  "result": {
    "model_index": 3,
    "base_name": "exp7_lambda_upper_bound_0.50__20260221_151005",
    "experiment": "exp7_lambda_upper_bound_0.50",
    "params": 4321963,
    "n": 50000,
    "total_time_s": 55.20854629476981,
    "mean_lat_ms": 1.1041709258953962,
    "p50_ms": 1.1014859374290609,
    "p95_ms": 1.145121551666511,
    "p99_ms": 1.3002187498932471,
    "throughput_wps": 905.656883864315,
    "throughput_tps": 8772.192577109756,
    "throughput_cps_in": 8145.478013475649,
    "throughput_cps_out": 8862.758265496186,
    "tokens_per_word": 9.686,
    "chars_in_per_word": 8.994,
    "chars_out_per_word": 9.786,
    "ci95_lat_low_ms": 1.1037849232792454,
    "ci95_lat_high_ms": 1.104556928511547,
    "ci95_wps_low": 905.3403896054109,
    "ci95_wps_high": 905.9735994844813,
    "stable_wps": 902.040869358759,
    "stable_cv": 0.03330253997042799,
    "stable_window_start": 2512,
    "global_cv": 0.039882545696225034,
    "thermal_ratio": 0.9885066432238094,
    "mean_first_ms": 1.1131325898933029,
    "mean_last_ms": 1.100338959898454,
    "loop_overhead_us": 0.10000010433941497,
    "status": "success",
    "device": "cuda",
    "batch_size": 256
  }
}
