{
  "artifact_type": "inference_benchmark",
  "generated_by": "python src/benchmark_inference.py",
  "base_name": "exp7_lambda_upper_bound_0.50__20260221_151005",
  "experiment": "exp7_lambda_upper_bound_0.50",
  "raw_csv_path": "C:/Users/leona/OneDrive/Documents/Projects/Acadêmicos/FG2P/results/exp7_lambda_upper_bound_0.50/benchmark_exp7_lambda_upper_bound_0.50__20260221_151005_cuda_raw_b16.csv",
  "benchmark_metadata": {
    "benchmark_date": "2026-03-15 04:42:32",
    "devices": [
      "cuda"
    ],
    "test_words": 1000,
    "warmup_runs": 20,
    "benchmark_runs": 50,
    "loop_overhead_us": 0.10000010433941497,
    "force": true,
    "selected_models": 19,
    "cpu_quantize": false,
    "cpu_threads": null,
    "batch_size": 16,
    "sweep_mode": true,
    "sweep_batch_sizes": [
      1,
      4,
      8,
      16,
      32,
      64,
      128,
      256,
      512
    ]
  },
  "result": {
    "model_index": 3,
    "base_name": "exp7_lambda_upper_bound_0.50__20260221_151005",
    "experiment": "exp7_lambda_upper_bound_0.50",
    "params": 4321963,
    "n": 50000,
    "total_time_s": 157.59771409493715,
    "mean_lat_ms": 3.151954281898743,
    "p50_ms": 3.122931249638441,
    "p95_ms": 3.7477437497022947,
    "p99_ms": 4.115799999201499,
    "throughput_wps": 317.2634849886205,
    "throughput_tps": 3073.0141155997785,
    "throughput_cps_in": 2853.467783987653,
    "throughput_cps_out": 3104.7404640986406,
    "tokens_per_word": 9.686,
    "chars_in_per_word": 8.994,
    "chars_out_per_word": 9.786,
    "ci95_lat_low_ms": 3.148996177198879,
    "ci95_lat_high_ms": 3.1549123865986064,
    "ci95_wps_low": 316.96601282741995,
    "ci95_wps_high": 317.5615160287455,
    "stable_wps": 316.6991125552093,
    "stable_cv": 0.10393966124952092,
    "stable_window_start": 33688,
    "global_cv": 0.1070687081578728,
    "thermal_ratio": 1.0003830664263709,
    "mean_first_ms": 3.1534217099259876,
    "mean_last_ms": 3.1546296799112494,
    "loop_overhead_us": 0.10000010433941497,
    "status": "success",
    "device": "cuda",
    "batch_size": 16
  }
}
