{
  "artifact_type": "inference_benchmark",
  "generated_by": "python src/benchmark_inference.py",
  "base_name": "exp7_lambda_upper_bound_0.50__20260221_151005",
  "experiment": "exp7_lambda_upper_bound_0.50",
  "raw_csv_path": "C:/Users/leona/OneDrive/Documents/Projects/Acadêmicos/FG2P/results/exp7_lambda_upper_bound_0.50/benchmark_exp7_lambda_upper_bound_0.50__20260221_151005_cpu_raw_b8.csv",
  "benchmark_metadata": {
    "benchmark_date": "2026-03-15 16:15:46",
    "devices": [
      "cpu"
    ],
    "test_words": 500,
    "warmup_runs": 20,
    "benchmark_runs": 200,
    "adaptive": true,
    "adaptive_min_runs": 10,
    "adaptive_max_runs": 80,
    "adaptive_cv_target": 0.03,
    "loop_overhead_us": 0.100000761449337,
    "force": true,
    "selected_models": 19,
    "cpu_quantize": false,
    "cpu_threads": null,
    "batch_size": 8,
    "sweep_mode": true,
    "sweep_batch_sizes": [
      1,
      4,
      8,
      16,
      32,
      64,
      128
    ]
  },
  "result": {
    "model_index": 3,
    "base_name": "exp7_lambda_upper_bound_0.50__20260221_151005",
    "experiment": "exp7_lambda_upper_bound_0.50",
    "params": 4321963,
    "n": 4888,
    "total_time_s": 21.699609396164306,
    "mean_lat_ms": 4.439363624419866,
    "p50_ms": 4.3560374979279,
    "p95_ms": 5.448999998407089,
    "p99_ms": 5.94636249843461,
    "throughput_wps": 225.25751089621085,
    "throughput_tps": 2161.7900646770154,
    "throughput_cps_in": 1995.5197906767023,
    "throughput_cps_out": 2188.1499861648695,
    "tokens_per_word": 9.596972176759412,
    "chars_in_per_word": 8.858837970540097,
    "chars_out_per_word": 9.713993453355155,
    "ci95_lat_low_ms": 4.423748225874703,
    "ci95_lat_high_ms": 4.454979022965031,
    "ci95_wps_low": 224.46794807452218,
    "ci95_wps_high": 226.0526478769644,
    "stable_wps": 225.2384644902431,
    "stable_cv": 0.12241343182832101,
    "stable_window_start": 24,
    "global_cv": 0.12547057293597486,
    "thermal_ratio": 0.9968516722438778,
    "mean_first_ms": 4.439823476721679,
    "mean_last_ms": 4.4258454572376325,
    "loop_overhead_us": 0.100000761449337,
    "status": "success",
    "device": "cpu",
    "batch_size": 8,
    "adaptive": true,
    "runs_executed": 10,
    "max_runs": 80,
    "min_runs": 10,
    "cv_target": 0.03,
    "converged": true,
    "final_run_cv": 0.006686320010854001,
    "n_samples_raw": 5000,
    "n_samples_clean": 4888,
    "n_outliers_removed": 112
  }
}
