{
  "artifact_type": "inference_benchmark",
  "generated_by": "python src/benchmark_inference.py",
  "base_name": "exp7_lambda_upper_bound_0.50__20260221_151005",
  "experiment": "exp7_lambda_upper_bound_0.50",
  "raw_csv_path": "C:/Users/leona/OneDrive/Documents/Projects/Acadêmicos/FG2P/results/exp7_lambda_upper_bound_0.50/benchmark_exp7_lambda_upper_bound_0.50__20260221_151005_cuda_raw_b8.csv",
  "benchmark_metadata": {
    "benchmark_date": "2026-03-15 02:00:06",
    "devices": [
      "cuda"
    ],
    "test_words": 1000,
    "warmup_runs": 20,
    "benchmark_runs": 50,
    "loop_overhead_us": 0.10000010433941497,
    "force": true,
    "selected_models": 19,
    "cpu_quantize": false,
    "cpu_threads": null,
    "batch_size": 8,
    "sweep_mode": true,
    "sweep_batch_sizes": [
      1,
      4,
      8,
      16,
      32,
      64,
      128,
      256,
      512
    ]
  },
  "result": {
    "model_index": 3,
    "base_name": "exp7_lambda_upper_bound_0.50__20260221_151005",
    "experiment": "exp7_lambda_upper_bound_0.50",
    "params": 4321963,
    "n": 50000,
    "total_time_s": 253.65698549478566,
    "mean_lat_ms": 5.073139709895713,
    "p50_ms": 4.958575000930523,
    "p95_ms": 6.318824999400476,
    "p99_ms": 7.000612499471117,
    "throughput_wps": 197.11658995895397,
    "throughput_tps": 1909.271290342428,
    "throughput_cps_in": 1772.866610090832,
    "throughput_cps_out": 1928.9829493383236,
    "tokens_per_word": 9.686,
    "chars_in_per_word": 8.994,
    "chars_out_per_word": 9.786,
    "ci95_lat_low_ms": 5.066739041121249,
    "ci95_lat_high_ms": 5.0795403786701785,
    "ci95_wps_low": 196.86820567450624,
    "ci95_wps_high": 197.36560179714803,
    "stable_wps": 198.61835550614134,
    "stable_cv": 0.12855881881011613,
    "stable_window_start": 37376,
    "global_cv": 0.14393866218431942,
    "thermal_ratio": 0.9970083707969939,
    "mean_first_ms": 5.0730952698832885,
    "mean_last_ms": 5.057918449924273,
    "loop_overhead_us": 0.10000010433941497,
    "status": "success",
    "device": "cuda",
    "batch_size": 8
  }
}
