{
  "artifact_type": "inference_benchmark",
  "generated_by": "python src/benchmark_inference.py",
  "base_name": "exp7_lambda_upper_bound_0.50__20260221_151005",
  "experiment": "exp7_lambda_upper_bound_0.50",
  "raw_csv_path": "C:/Users/leona/OneDrive/Documents/Projects/Acadêmicos/FG2P/results/exp7_lambda_upper_bound_0.50/benchmark_exp7_lambda_upper_bound_0.50__20260221_151005_cuda_raw_b128.csv",
  "benchmark_metadata": {
    "benchmark_date": "2026-03-15 09:12:54",
    "devices": [
      "cuda"
    ],
    "test_words": 1000,
    "warmup_runs": 20,
    "benchmark_runs": 50,
    "loop_overhead_us": 0.10000010433941497,
    "force": true,
    "selected_models": 19,
    "cpu_quantize": false,
    "cpu_threads": null,
    "batch_size": 128,
    "sweep_mode": true,
    "sweep_batch_sizes": [
      1,
      4,
      8,
      16,
      32,
      64,
      128,
      256,
      512
    ]
  },
  "result": {
    "model_index": 3,
    "base_name": "exp7_lambda_upper_bound_0.50__20260221_151005",
    "experiment": "exp7_lambda_upper_bound_0.50",
    "params": 4321963,
    "n": 50000,
    "total_time_s": 60.1157985946893,
    "mean_lat_ms": 1.202315971893786,
    "p50_ms": 1.204328124888434,
    "p95_ms": 1.2755109374643325,
    "p99_ms": 1.446657031099221,
    "throughput_wps": 831.7281175470745,
    "throughput_tps": 8056.118546560963,
    "throughput_cps_in": 7480.562689218388,
    "throughput_cps_out": 8139.2913583156715,
    "tokens_per_word": 9.686,
    "chars_in_per_word": 8.994,
    "chars_out_per_word": 9.786,
    "ci95_lat_low_ms": 1.2017410106304935,
    "ci95_lat_high_ms": 1.2028909331570783,
    "ci95_wps_low": 831.3305657524778,
    "ci95_wps_high": 832.1260497512271,
    "stable_wps": 834.5428502701061,
    "stable_cv": 0.043842023828872846,
    "stable_window_start": 1384,
    "global_cv": 0.054556801427890066,
    "thermal_ratio": 0.9902720574402475,
    "mean_first_ms": 1.1995753398929991,
    "mean_last_ms": 1.1879059398904246,
    "loop_overhead_us": 0.10000010433941497,
    "status": "success",
    "device": "cuda",
    "batch_size": 128
  }
}
