{
  "artifact_type": "inference_benchmark",
  "generated_by": "python src/benchmark_inference.py",
  "base_name": "exp7_lambda_upper_bound_0.50__20260221_151005",
  "experiment": "exp7_lambda_upper_bound_0.50",
  "raw_csv_path": "C:/Users/leona/OneDrive/Documents/Projects/Acadêmicos/FG2P/results/exp7_lambda_upper_bound_0.50/benchmark_exp7_lambda_upper_bound_0.50__20260221_151005_cpu_raw.csv",
  "benchmark_metadata": {
    "benchmark_date": "2026-03-15 13:37:48",
    "devices": [
      "cpu"
    ],
    "test_words": 500,
    "warmup_runs": 20,
    "benchmark_runs": 200,
    "adaptive": true,
    "adaptive_min_runs": 10,
    "adaptive_max_runs": 80,
    "adaptive_cv_target": 0.03,
    "loop_overhead_us": 0.100000761449337,
    "force": true,
    "selected_models": 19,
    "cpu_quantize": false,
    "cpu_threads": null,
    "batch_size": 1,
    "sweep_mode": true,
    "sweep_batch_sizes": [
      1,
      4,
      8,
      16,
      32,
      64,
      128
    ]
  },
  "result": {
    "model_index": 3,
    "base_name": "exp7_lambda_upper_bound_0.50__20260221_151005",
    "experiment": "exp7_lambda_upper_bound_0.50",
    "params": 4321963,
    "n": 4925,
    "total_time_s": 93.22538969690504,
    "mean_lat_ms": 18.929013136427418,
    "p50_ms": 18.682499998249114,
    "p95_ms": 26.2390999996569,
    "p99_ms": 29.704499989748,
    "throughput_wps": 52.82895588864997,
    "throughput_tps": 501.9662578203582,
    "throughput_cps_in": 462.92110057473667,
    "throughput_cps_out": 508.3808193678532,
    "tokens_per_word": 9.501725888324874,
    "chars_in_per_word": 8.762639593908629,
    "chars_out_per_word": 9.623147208121827,
    "ci95_lat_low_ms": 18.80807859742247,
    "ci95_lat_high_ms": 19.04994767543237,
    "ci95_wps_low": 52.49358250414739,
    "ci95_wps_high": 53.168642124722076,
    "stable_wps": 52.78014426743543,
    "stable_cv": 0.22708799491406878,
    "stable_window_start": 1779,
    "global_cv": 0.2287543845027259,
    "thermal_ratio": 0.9968453064523995,
    "mean_first_ms": 18.91623482171347,
    "mean_last_ms": 18.856559897776513,
    "loop_overhead_us": 0.100000761449337,
    "status": "success",
    "device": "cpu",
    "batch_size": 1,
    "adaptive": true,
    "runs_executed": 10,
    "max_runs": 80,
    "min_runs": 10,
    "cv_target": 0.03,
    "converged": true,
    "final_run_cv": 0.0041608636067381076,
    "n_samples_raw": 5000,
    "n_samples_clean": 4925,
    "n_outliers_removed": 75
  }
}
