{
  "artifact_type": "inference_benchmark",
  "generated_by": "python src/benchmark_inference.py",
  "base_name": "exp7_lambda_upper_bound_0.50__20260221_151005",
  "experiment": "exp7_lambda_upper_bound_0.50",
  "raw_csv_path": "C:/Users/leona/OneDrive/Documents/Projects/Acadêmicos/FG2P/results/exp7_lambda_upper_bound_0.50/benchmark_exp7_lambda_upper_bound_0.50__20260221_151005_cpu_raw_b32.csv",
  "benchmark_metadata": {
    "benchmark_date": "2026-03-15 17:04:56",
    "devices": [
      "cpu"
    ],
    "test_words": 500,
    "warmup_runs": 20,
    "benchmark_runs": 200,
    "adaptive": true,
    "adaptive_min_runs": 10,
    "adaptive_max_runs": 80,
    "adaptive_cv_target": 0.03,
    "loop_overhead_us": 0.100000761449337,
    "force": true,
    "selected_models": 19,
    "cpu_quantize": false,
    "cpu_threads": null,
    "batch_size": 32,
    "sweep_mode": true,
    "sweep_batch_sizes": [
      1,
      4,
      8,
      16,
      32,
      64,
      128
    ]
  },
  "result": {
    "model_index": 3,
    "base_name": "exp7_lambda_upper_bound_0.50__20260221_151005",
    "experiment": "exp7_lambda_upper_bound_0.50",
    "params": 4321963,
    "n": 5000,
    "total_time_s": 10.178180595990852,
    "mean_lat_ms": 2.0356361191981702,
    "p50_ms": 2.021490623974387,
    "p95_ms": 2.4562656240050273,
    "p99_ms": 2.505506249235623,
    "throughput_wps": 491.24693287221504,
    "throughput_tps": 4726.777988096454,
    "throughput_cps_in": 4362.27276390527,
    "throughput_cps_out": 4785.727620041119,
    "tokens_per_word": 9.622,
    "chars_in_per_word": 8.88,
    "chars_out_per_word": 9.742,
    "ci95_lat_low_ms": 2.029018243185511,
    "ci95_lat_high_ms": 2.04225399521083,
    "ci95_wps_low": 489.6550587463858,
    "ci95_wps_high": 492.8491911585889,
    "stable_wps": 492.91695606583124,
    "stable_cv": 0.11409919399320295,
    "stable_window_start": 3532,
    "global_cv": 0.11728633322654046,
    "thermal_ratio": 1.0037302008368727,
    "mean_first_ms": 2.032169399171835,
    "mean_last_ms": 2.0397497991652926,
    "loop_overhead_us": 0.100000761449337,
    "status": "success",
    "device": "cpu",
    "batch_size": 32,
    "adaptive": true,
    "runs_executed": 10,
    "max_runs": 80,
    "min_runs": 10,
    "cv_target": 0.03,
    "converged": true,
    "final_run_cv": 0.011845867356586846,
    "n_samples_raw": 5000,
    "n_samples_clean": 5000,
    "n_outliers_removed": 0
  }
}
