{
  "experiment": "exp7_lambda_upper_bound_0.50__20260221_151005",
  "timestamp": "2026-02-26T23:50:55.705322",
  "training": {
    "num_epochs": 90,
    "throughput": {
      "avg_samples_per_sec": 467.59271007589444,
      "min_samples_per_sec": 467.59271007589444,
      "max_samples_per_sec": 467.59271007589444
    },
    "best_epoch": 73,
    "best_val_loss": 0.01826,
    "best_train_loss": 0.021755,
    "initial_train_loss": 0.682833,
    "initial_val_loss": 0.095014,
    "final_train_loss": 0.021322,
    "final_val_loss": 0.020775,
    "convergence_epoch_95percent": 19,
    "gap_at_best": -0.0034950000000000016,
    "gap_at_final": -0.0005470000000000023,
    "overfitting": "[OK] Nenhum",
    "last5_std": 0.0009779999999999997
  },
  "test_metrics": {}
}