{
  "experiment": "exp5_intermediate_60split__20260220_012824",
  "timestamp": "2026-02-26T23:50:54.314409",
  "training": {
    "num_epochs": 90,
    "throughput": {
      "avg_samples_per_sec": 441.14661991454,
      "min_samples_per_sec": 441.14661991454,
      "max_samples_per_sec": 441.14661991454
    },
    "best_epoch": 78,
    "best_val_loss": 0.017212,
    "best_train_loss": 0.020264,
    "initial_train_loss": 0.520813,
    "initial_val_loss": 0.068407,
    "final_train_loss": 0.021058,
    "final_val_loss": 0.021649,
    "convergence_epoch_95percent": 36,
    "gap_at_best": -0.003051999999999999,
    "gap_at_final": 0.0005910000000000012,
    "overfitting": "[OK] Nenhum",
    "last5_std": 0.0016260000000000007
  },
  "test_metrics": {}
}