{
  "artifact_type": "inference_benchmark",
  "generated_by": "python src/benchmark_inference.py",
  "base_name": "exp8_panphon_distance_aware__20260222_000737",
  "experiment": "exp8_panphon_distance_aware",
  "raw_csv_path": "C:/Users/leona/OneDrive/Documents/Projects/Acadêmicos/FG2P/results/exp8_panphon_distance_aware/benchmark_exp8_panphon_distance_aware__20260222_000737_cuda_raw_b8.csv",
  "benchmark_metadata": {
    "benchmark_date": "2026-03-15 02:00:06",
    "devices": [
      "cuda"
    ],
    "test_words": 1000,
    "warmup_runs": 20,
    "benchmark_runs": 50,
    "loop_overhead_us": 0.10000010433941497,
    "force": true,
    "selected_models": 19,
    "cpu_quantize": false,
    "cpu_threads": null,
    "batch_size": 8,
    "sweep_mode": true,
    "sweep_batch_sizes": [
      1,
      4,
      8,
      16,
      32,
      64,
      128,
      256,
      512
    ]
  },
  "result": {
    "model_index": 5,
    "base_name": "exp8_panphon_distance_aware__20260222_000737",
    "experiment": "exp8_panphon_distance_aware",
    "params": 4319659,
    "n": 50000,
    "total_time_s": 278.50128099400627,
    "mean_lat_ms": 5.570025619880125,
    "p50_ms": 5.486000000676086,
    "p95_ms": 6.905262499205946,
    "p99_ms": 7.402312500491917,
    "throughput_wps": 179.5323878638679,
    "throughput_tps": 1739.1302412372886,
    "throughput_cps_in": 1614.7142964476282,
    "throughput_cps_out": 1757.0834800236753,
    "tokens_per_word": 9.687,
    "chars_in_per_word": 8.994,
    "chars_out_per_word": 9.787,
    "ci95_lat_low_ms": 5.563583837628151,
    "ci95_lat_high_ms": 5.5764674021321,
    "ci95_wps_low": 179.32499697167802,
    "ci95_wps_high": 179.7402590101557,
    "stable_wps": 179.5360240160058,
    "stable_cv": 0.12914393752128578,
    "stable_window_start": 16048,
    "global_cv": 0.1319403945869175,
    "thermal_ratio": 1.0043629959753209,
    "mean_first_ms": 5.537923969906933,
    "mean_last_ms": 5.562085909899269,
    "loop_overhead_us": 0.10000010433941497,
    "status": "success",
    "device": "cuda",
    "batch_size": 8
  }
}
