{
  "artifact_type": "inference_benchmark",
  "generated_by": "python src/benchmark_inference.py",
  "base_name": "exp8_panphon_distance_aware__20260222_000737",
  "experiment": "exp8_panphon_distance_aware",
  "raw_csv_path": "C:/Users/leona/OneDrive/Documents/Projects/Acadêmicos/FG2P/results/exp8_panphon_distance_aware/benchmark_exp8_panphon_distance_aware__20260222_000737_cuda_raw_b4.csv",
  "benchmark_metadata": {
    "benchmark_date": "2026-03-14 21:57:11",
    "devices": [
      "cuda"
    ],
    "test_words": 1000,
    "warmup_runs": 20,
    "benchmark_runs": 50,
    "loop_overhead_us": 0.10000010433941497,
    "force": true,
    "selected_models": 19,
    "cpu_quantize": false,
    "cpu_threads": null,
    "batch_size": 4,
    "sweep_mode": true,
    "sweep_batch_sizes": [
      1,
      4,
      8,
      16,
      32,
      64,
      128,
      256,
      512
    ]
  },
  "result": {
    "model_index": 5,
    "base_name": "exp8_panphon_distance_aware__20260222_000737",
    "experiment": "exp8_panphon_distance_aware",
    "params": 4319659,
    "n": 50000,
    "total_time_s": 450.11887909499364,
    "mean_lat_ms": 9.002377581899873,
    "p50_ms": 8.772349998910158,
    "p95_ms": 11.883599998984664,
    "p99_ms": 15.027225000014823,
    "throughput_wps": 111.08176600041683,
    "throughput_tps": 1076.0490672460378,
    "throughput_cps_in": 999.069403407749,
    "throughput_cps_out": 1087.1572438460796,
    "tokens_per_word": 9.687,
    "chars_in_per_word": 8.994,
    "chars_out_per_word": 9.787,
    "ci95_lat_low_ms": 8.987041685151107,
    "ci95_lat_high_ms": 9.017713478648638,
    "ci95_wps_low": 110.89285575192797,
    "ci95_wps_high": 111.27132097898865,
    "stable_wps": 112.27715200124217,
    "stable_cv": 0.16685835623618683,
    "stable_window_start": 11944,
    "global_cv": 0.19434836096887093,
    "thermal_ratio": 0.9764697320134262,
    "mean_first_ms": 9.127513979913147,
    "mean_last_ms": 8.912741129914593,
    "loop_overhead_us": 0.10000010433941497,
    "status": "success",
    "device": "cuda",
    "batch_size": 4
  }
}
