{
  "artifact_type": "inference_benchmark",
  "generated_by": "python src/benchmark_inference.py",
  "base_name": "exp8_panphon_distance_aware__20260222_000737",
  "experiment": "exp8_panphon_distance_aware",
  "raw_csv_path": "C:/Users/leona/OneDrive/Documents/Projects/Acadêmicos/FG2P/results/exp8_panphon_distance_aware/benchmark_exp8_panphon_distance_aware__20260222_000737_cpu_raw_b64.csv",
  "benchmark_metadata": {
    "benchmark_date": "2026-03-15 17:19:58",
    "devices": [
      "cpu"
    ],
    "test_words": 500,
    "warmup_runs": 20,
    "benchmark_runs": 200,
    "adaptive": true,
    "adaptive_min_runs": 10,
    "adaptive_max_runs": 80,
    "adaptive_cv_target": 0.03,
    "loop_overhead_us": 0.100000761449337,
    "force": true,
    "selected_models": 19,
    "cpu_quantize": false,
    "cpu_threads": null,
    "batch_size": 64,
    "sweep_mode": true,
    "sweep_batch_sizes": [
      1,
      4,
      8,
      16,
      32,
      64,
      128
    ]
  },
  "result": {
    "model_index": 5,
    "base_name": "exp8_panphon_distance_aware__20260222_000737",
    "experiment": "exp8_panphon_distance_aware",
    "params": 4319659,
    "n": 4680,
    "total_time_s": 7.668696896347683,
    "mean_lat_ms": 1.638610447937539,
    "p50_ms": 1.6577640617470024,
    "p95_ms": 1.8268343742420257,
    "p99_ms": 1.8386015617579687,
    "throughput_wps": 610.2731746027035,
    "throughput_tps": 5896.047348218213,
    "throughput_cps_in": 5450.078489854699,
    "throughput_cps_out": 5969.723490023882,
    "tokens_per_word": 9.661324786324787,
    "chars_in_per_word": 8.930555555555555,
    "chars_out_per_word": 9.782051282051283,
    "ci95_lat_low_ms": 1.6346879045864144,
    "ci95_lat_high_ms": 1.6425329912886637,
    "ci95_wps_low": 608.8157774020972,
    "ci95_wps_high": 611.7375660481233,
    "stable_wps": 597.6133013115632,
    "stable_cv": 0.04872108699532196,
    "stable_window_start": 1128,
    "global_cv": 0.08355239197098463,
    "thermal_ratio": 0.9763424368506639,
    "mean_first_ms": 1.6414629265835905,
    "mean_last_ms": 1.6026299137406452,
    "loop_overhead_us": 0.100000761449337,
    "status": "success",
    "device": "cpu",
    "batch_size": 64,
    "adaptive": true,
    "runs_executed": 10,
    "max_runs": 80,
    "min_runs": 10,
    "cv_target": 0.03,
    "converged": true,
    "final_run_cv": 0.007525309532139129,
    "n_samples_raw": 5000,
    "n_samples_clean": 4680,
    "n_outliers_removed": 320
  }
}
