{
  "artifact_type": "inference_benchmark",
  "generated_by": "python src/benchmark_inference.py",
  "base_name": "exp8_panphon_distance_aware__20260222_000737",
  "experiment": "exp8_panphon_distance_aware",
  "raw_csv_path": "C:/Users/leona/OneDrive/Documents/Projects/Acadêmicos/FG2P/results/exp8_panphon_distance_aware/benchmark_exp8_panphon_distance_aware__20260222_000737_cpu_raw.csv",
  "benchmark_metadata": {
    "benchmark_date": "2026-03-15 13:37:48",
    "devices": [
      "cpu"
    ],
    "test_words": 500,
    "warmup_runs": 20,
    "benchmark_runs": 200,
    "adaptive": true,
    "adaptive_min_runs": 10,
    "adaptive_max_runs": 80,
    "adaptive_cv_target": 0.03,
    "loop_overhead_us": 0.100000761449337,
    "force": true,
    "selected_models": 19,
    "cpu_quantize": false,
    "cpu_threads": null,
    "batch_size": 1,
    "sweep_mode": true,
    "sweep_batch_sizes": [
      1,
      4,
      8,
      16,
      32,
      64,
      128
    ]
  },
  "result": {
    "model_index": 5,
    "base_name": "exp8_panphon_distance_aware__20260222_000737",
    "experiment": "exp8_panphon_distance_aware",
    "params": 4319659,
    "n": 4916,
    "total_time_s": 94.84072949633992,
    "mean_lat_ms": 19.29225579665173,
    "p50_ms": 19.04659999127034,
    "p95_ms": 26.6389999887906,
    "p99_ms": 29.85859999898821,
    "throughput_wps": 51.834270213935014,
    "throughput_tps": 492.0670712660535,
    "throughput_cps_in": 454.0454320489157,
    "throughput_cps_out": 498.37237915619454,
    "tokens_per_word": 9.493083807973962,
    "chars_in_per_word": 8.759560618388933,
    "chars_out_per_word": 9.61472742066721,
    "ci95_lat_low_ms": 19.16854681992466,
    "ci95_lat_high_ms": 19.415964773378803,
    "ci95_wps_low": 51.50400774166516,
    "ci95_wps_high": 52.16879554795226,
    "stable_wps": 51.73281565957495,
    "stable_cv": 0.22722424238411118,
    "stable_window_start": 2556,
    "global_cv": 0.22938661292150692,
    "thermal_ratio": 1.0049588341954443,
    "mean_first_ms": 19.2176932852571,
    "mean_last_ms": 19.312990639877594,
    "loop_overhead_us": 0.100000761449337,
    "status": "success",
    "device": "cpu",
    "batch_size": 1,
    "adaptive": true,
    "runs_executed": 10,
    "max_runs": 80,
    "min_runs": 10,
    "cv_target": 0.03,
    "converged": true,
    "final_run_cv": 0.008446975260303599,
    "n_samples_raw": 5000,
    "n_samples_clean": 4916,
    "n_outliers_removed": 84
  }
}
