{
  "artifact_type": "inference_benchmark",
  "generated_by": "python src/benchmark_inference.py",
  "base_name": "exp8_panphon_distance_aware__20260222_000737",
  "experiment": "exp8_panphon_distance_aware",
  "raw_csv_path": "C:/Users/leona/OneDrive/Documents/Projects/Acadêmicos/FG2P/results/exp8_panphon_distance_aware/benchmark_exp8_panphon_distance_aware__20260222_000737_cuda_raw_b128.csv",
  "benchmark_metadata": {
    "benchmark_date": "2026-03-15 09:12:54",
    "devices": [
      "cuda"
    ],
    "test_words": 1000,
    "warmup_runs": 20,
    "benchmark_runs": 50,
    "loop_overhead_us": 0.10000010433941497,
    "force": true,
    "selected_models": 19,
    "cpu_quantize": false,
    "cpu_threads": null,
    "batch_size": 128,
    "sweep_mode": true,
    "sweep_batch_sizes": [
      1,
      4,
      8,
      16,
      32,
      64,
      128,
      256,
      512
    ]
  },
  "result": {
    "model_index": 5,
    "base_name": "exp8_panphon_distance_aware__20260222_000737",
    "experiment": "exp8_panphon_distance_aware",
    "params": 4319659,
    "n": 50000,
    "total_time_s": 60.9167476944831,
    "mean_lat_ms": 1.2183349538896622,
    "p50_ms": 1.2185640623306426,
    "p95_ms": 1.299233653746097,
    "p99_ms": 1.5923585936866402,
    "throughput_wps": 820.792341882169,
    "throughput_tps": 7951.015415812571,
    "throughput_cps_in": 7382.206322888228,
    "throughput_cps_out": 8033.094650000788,
    "tokens_per_word": 9.687,
    "chars_in_per_word": 8.994,
    "chars_out_per_word": 9.787,
    "ci95_lat_low_ms": 1.2177437926087673,
    "ci95_lat_high_ms": 1.2189261151705568,
    "ci95_wps_low": 820.3942696396132,
    "ci95_wps_high": 821.1908006180054,
    "stable_wps": 825.6191948593441,
    "stable_cv": 0.046213016065618714,
    "stable_window_start": 21384,
    "global_cv": 0.05535644705875313,
    "thermal_ratio": 1.0027575420530441,
    "mean_first_ms": 1.2137910998871122,
    "mean_last_ms": 1.2171381798886614,
    "loop_overhead_us": 0.10000010433941497,
    "status": "success",
    "device": "cuda",
    "batch_size": 128
  }
}
