{
  "artifact_type": "inference_benchmark",
  "generated_by": "python src/benchmark_inference.py",
  "base_name": "exp8_panphon_distance_aware__20260222_000737",
  "experiment": "exp8_panphon_distance_aware",
  "raw_csv_path": "C:/Users/leona/OneDrive/Documents/Projects/Acadêmicos/FG2P/results/exp8_panphon_distance_aware/benchmark_exp8_panphon_distance_aware__20260222_000737_cuda_raw.csv",
  "benchmark_metadata": {
    "benchmark_date": "2026-03-14 11:37:52",
    "devices": [
      "cuda"
    ],
    "test_words": 1000,
    "warmup_runs": 20,
    "benchmark_runs": 50,
    "loop_overhead_us": 0.10000010433941497,
    "force": true,
    "selected_models": 19,
    "cpu_quantize": false,
    "cpu_threads": null,
    "batch_size": 1,
    "sweep_mode": true,
    "sweep_batch_sizes": [
      1,
      4,
      8,
      16,
      32,
      64,
      128,
      256,
      512
    ]
  },
  "result": {
    "model_index": 5,
    "base_name": "exp8_panphon_distance_aware__20260222_000737",
    "experiment": "exp8_panphon_distance_aware",
    "params": 4319659,
    "n": 50000,
    "total_time_s": 1273.1874117946581,
    "mean_lat_ms": 25.463748235893163,
    "p50_ms": 24.757299998530016,
    "p95_ms": 37.04069999796275,
    "p99_ms": 44.50639999842906,
    "throughput_wps": 39.27151614664573,
    "throughput_tps": 380.42317691255715,
    "throughput_cps_in": 353.2080162229317,
    "throughput_cps_out": 384.35032852722173,
    "tokens_per_word": 9.687,
    "chars_in_per_word": 8.994,
    "chars_out_per_word": 9.787,
    "ci95_lat_low_ms": 25.407119747985117,
    "ci95_lat_high_ms": 25.52037672380121,
    "ci95_wps_low": 39.18437454206405,
    "ci95_wps_high": 39.35904620118555,
    "stable_wps": 39.76258120638812,
    "stable_cv": 0.2440241766376228,
    "stable_window_start": 31450,
    "global_cv": 0.25371232453879156,
    "thermal_ratio": 0.9925010457206892,
    "mean_first_ms": 25.6777975799102,
    "mean_last_ms": 25.48524094986506,
    "loop_overhead_us": 0.10000010433941497,
    "status": "success",
    "device": "cuda",
    "batch_size": 1
  }
}
