{
  "artifact_type": "inference_benchmark",
  "generated_by": "python src/benchmark_inference.py",
  "base_name": "exp8_panphon_distance_aware__20260222_000737",
  "experiment": "exp8_panphon_distance_aware",
  "raw_csv_path": "C:/Users/leona/OneDrive/Documents/Projects/Acadêmicos/FG2P/results/exp8_panphon_distance_aware/benchmark_exp8_panphon_distance_aware__20260222_000737_cuda_raw_b256.csv",
  "benchmark_metadata": {
    "benchmark_date": "2026-03-15 10:17:42",
    "devices": [
      "cuda"
    ],
    "test_words": 1000,
    "warmup_runs": 20,
    "benchmark_runs": 50,
    "loop_overhead_us": 0.10000010433941497,
    "force": true,
    "selected_models": 19,
    "cpu_quantize": false,
    "cpu_threads": null,
    "batch_size": 256,
    "sweep_mode": true,
    "sweep_batch_sizes": [
      1,
      4,
      8,
      16,
      32,
      64,
      128,
      256,
      512
    ]
  },
  "result": {
    "model_index": 5,
    "base_name": "exp8_panphon_distance_aware__20260222_000737",
    "experiment": "exp8_panphon_distance_aware",
    "params": 4319659,
    "n": 50000,
    "total_time_s": 56.182658194736184,
    "mean_lat_ms": 1.1236531638947236,
    "p50_ms": 1.1159886717882728,
    "p95_ms": 1.241916015519564,
    "p99_ms": 1.3174828124283522,
    "throughput_wps": 889.9543312225222,
    "throughput_tps": 8620.987606552573,
    "throughput_cps_in": 8004.249255015365,
    "throughput_cps_out": 8709.983039674826,
    "tokens_per_word": 9.687,
    "chars_in_per_word": 8.994,
    "chars_out_per_word": 9.787,
    "ci95_lat_low_ms": 1.1231614621694737,
    "ci95_lat_high_ms": 1.1241448656199735,
    "ci95_wps_low": 889.565064595561,
    "ci95_wps_high": 890.3439386786138,
    "stable_wps": 910.7984077953482,
    "stable_cv": 0.026378880223769285,
    "stable_window_start": 6256,
    "global_cv": 0.049922736603073815,
    "thermal_ratio": 1.0058276067599783,
    "mean_first_ms": 1.1080569198988997,
    "mean_last_ms": 1.1145142398957433,
    "loop_overhead_us": 0.10000010433941497,
    "status": "success",
    "device": "cuda",
    "batch_size": 256
  }
}
