{
  "artifact_type": "inference_benchmark",
  "generated_by": "python src/benchmark_inference.py",
  "base_name": "exp8_panphon_distance_aware__20260222_000737",
  "experiment": "exp8_panphon_distance_aware",
  "raw_csv_path": "C:/Users/leona/OneDrive/Documents/Projects/Acadêmicos/FG2P/results/exp8_panphon_distance_aware/benchmark_exp8_panphon_distance_aware__20260222_000737_cpu_raw_b128.csv",
  "benchmark_metadata": {
    "benchmark_date": "2026-03-15 17:32:27",
    "devices": [
      "cpu"
    ],
    "test_words": 500,
    "warmup_runs": 20,
    "benchmark_runs": 200,
    "adaptive": true,
    "adaptive_min_runs": 10,
    "adaptive_max_runs": 80,
    "adaptive_cv_target": 0.03,
    "loop_overhead_us": 0.100000761449337,
    "force": true,
    "selected_models": 19,
    "cpu_quantize": false,
    "cpu_threads": null,
    "batch_size": 128,
    "sweep_mode": true,
    "sweep_batch_sizes": [
      1,
      4,
      8,
      16,
      32,
      64,
      128
    ]
  },
  "result": {
    "model_index": 5,
    "base_name": "exp8_panphon_distance_aware__20260222_000737",
    "experiment": "exp8_panphon_distance_aware",
    "params": 4319659,
    "n": 5000,
    "total_time_s": 7.122291596169816,
    "mean_lat_ms": 1.4244583192339633,
    "p50_ms": 1.4328117179047695,
    "p95_ms": 1.5121148429670939,
    "p99_ms": 1.5817679679912544,
    "throughput_wps": 702.0212430910398,
    "throughput_tps": 6750.636273563438,
    "throughput_cps_in": 6233.948638648433,
    "throughput_cps_out": 6834.878822734363,
    "tokens_per_word": 9.616,
    "chars_in_per_word": 8.88,
    "chars_out_per_word": 9.736,
    "ci95_lat_low_ms": 1.4223445654029183,
    "ci95_lat_high_ms": 1.4265720730650082,
    "ci95_wps_low": 700.9810572356764,
    "ci95_wps_high": 703.0645205978781,
    "stable_wps": 703.3835213002287,
    "stable_cv": 0.047657434244925405,
    "stable_window_start": 3756,
    "global_cv": 0.05353448049479446,
    "thermal_ratio": 0.9929111491200548,
    "mean_first_ms": 1.429794499243144,
    "mean_last_ms": 1.4196588992490433,
    "loop_overhead_us": 0.100000761449337,
    "status": "success",
    "device": "cpu",
    "batch_size": 128,
    "adaptive": true,
    "runs_executed": 10,
    "max_runs": 80,
    "min_runs": 10,
    "cv_target": 0.03,
    "converged": true,
    "final_run_cv": 0.0056583337417636225,
    "n_samples_raw": 5000,
    "n_samples_clean": 5000,
    "n_outliers_removed": 0
  }
}
