{
  "artifact_type": "inference_benchmark",
  "generated_by": "python src/benchmark_inference.py",
  "base_name": "exp8_panphon_distance_aware__20260222_000737",
  "experiment": "exp8_panphon_distance_aware",
  "raw_csv_path": "C:/Users/leona/OneDrive/Documents/Projects/Acadêmicos/FG2P/results/exp8_panphon_distance_aware/benchmark_exp8_panphon_distance_aware__20260222_000737_cpu_raw_b16.csv",
  "benchmark_metadata": {
    "benchmark_date": "2026-03-15 16:44:46",
    "devices": [
      "cpu"
    ],
    "test_words": 500,
    "warmup_runs": 20,
    "benchmark_runs": 200,
    "adaptive": true,
    "adaptive_min_runs": 10,
    "adaptive_max_runs": 80,
    "adaptive_cv_target": 0.03,
    "loop_overhead_us": 0.100000761449337,
    "force": true,
    "selected_models": 19,
    "cpu_quantize": false,
    "cpu_threads": null,
    "batch_size": 16,
    "sweep_mode": true,
    "sweep_batch_sizes": [
      1,
      4,
      8,
      16,
      32,
      64,
      128
    ]
  },
  "result": {
    "model_index": 5,
    "base_name": "exp8_panphon_distance_aware__20260222_000737",
    "experiment": "exp8_panphon_distance_aware",
    "params": 4319659,
    "n": 4960,
    "total_time_s": 14.518278796196682,
    "mean_lat_ms": 2.92707233794288,
    "p50_ms": 2.9189749993747682,
    "p95_ms": 3.6143687493677135,
    "p99_ms": 3.746299999875191,
    "throughput_wps": 341.638294017288,
    "throughput_tps": 3284.8246455009,
    "throughput_cps_in": 3033.4174331696295,
    "throughput_cps_out": 3325.4630716037627,
    "tokens_per_word": 9.61491935483871,
    "chars_in_per_word": 8.879032258064516,
    "chars_out_per_word": 9.733870967741936,
    "ci95_lat_low_ms": 2.9172854649871933,
    "ci95_lat_high_ms": 2.936859210898566,
    "ci95_wps_low": 340.4998088737248,
    "ci95_wps_high": 342.7844179124205,
    "stable_wps": 339.5282755137,
    "stable_cv": 0.11662187768983398,
    "stable_window_start": 288,
    "global_cv": 0.12014211198399613,
    "thermal_ratio": 1.0004665132973638,
    "mean_first_ms": 2.9255725799269,
    "mean_last_ms": 2.926937398437839,
    "loop_overhead_us": 0.100000761449337,
    "status": "success",
    "device": "cpu",
    "batch_size": 16,
    "adaptive": true,
    "runs_executed": 10,
    "max_runs": 80,
    "min_runs": 10,
    "cv_target": 0.03,
    "converged": true,
    "final_run_cv": 0.011432909837951867,
    "n_samples_raw": 5000,
    "n_samples_clean": 4960,
    "n_outliers_removed": 40
  }
}
