{
  "artifact_type": "inference_benchmark",
  "generated_by": "python src/benchmark_inference.py",
  "base_name": "exp8_panphon_distance_aware__20260222_000737",
  "experiment": "exp8_panphon_distance_aware",
  "raw_csv_path": "C:/Users/leona/OneDrive/Documents/Projects/Acadêmicos/FG2P/results/exp8_panphon_distance_aware/benchmark_exp8_panphon_distance_aware__20260222_000737_cpu_raw_b4.csv",
  "benchmark_metadata": {
    "benchmark_date": "2026-03-15 15:32:05",
    "devices": [
      "cpu"
    ],
    "test_words": 500,
    "warmup_runs": 20,
    "benchmark_runs": 200,
    "adaptive": true,
    "adaptive_min_runs": 10,
    "adaptive_max_runs": 80,
    "adaptive_cv_target": 0.03,
    "loop_overhead_us": 0.100000761449337,
    "force": true,
    "selected_models": 19,
    "cpu_quantize": false,
    "cpu_threads": null,
    "batch_size": 4,
    "sweep_mode": true,
    "sweep_batch_sizes": [
      1,
      4,
      8,
      16,
      32,
      64,
      128
    ]
  },
  "result": {
    "model_index": 5,
    "base_name": "exp8_panphon_distance_aware__20260222_000737",
    "experiment": "exp8_panphon_distance_aware",
    "params": 4319659,
    "n": 4868,
    "total_time_s": 34.01992279620026,
    "mean_lat_ms": 6.988480442933497,
    "p50_ms": 6.948149999516318,
    "p95_ms": 8.859224999469006,
    "p99_ms": 9.415924996574176,
    "throughput_wps": 143.0926233772557,
    "throughput_tps": 1366.1700609500233,
    "throughput_cps_in": 1261.4667075256632,
    "throughput_cps_out": 1382.0431128447888,
    "tokens_per_word": 9.547452752670502,
    "chars_in_per_word": 8.815735414954807,
    "chars_out_per_word": 9.658381265406739,
    "ci95_lat_low_ms": 6.9587595939291305,
    "ci95_lat_high_ms": 7.018201291937864,
    "ci95_wps_low": 142.4866512661509,
    "ci95_wps_high": 143.70377169983092,
    "stable_wps": 144.01771079016177,
    "stable_cv": 0.14740838011377216,
    "stable_window_start": 3167,
    "global_cv": 0.15139016787993886,
    "thermal_ratio": 1.0012015345693326,
    "mean_first_ms": 6.9866976352815735,
    "mean_last_ms": 6.995092394015839,
    "loop_overhead_us": 0.100000761449337,
    "status": "success",
    "device": "cpu",
    "batch_size": 4,
    "adaptive": true,
    "runs_executed": 10,
    "max_runs": 80,
    "min_runs": 10,
    "cv_target": 0.03,
    "converged": true,
    "final_run_cv": 0.004827641148535524,
    "n_samples_raw": 5000,
    "n_samples_clean": 4868,
    "n_outliers_removed": 132
  }
}
