{
  "artifact_type": "inference_benchmark",
  "generated_by": "python src/benchmark_inference.py",
  "base_name": "exp8_panphon_distance_aware__20260222_000737",
  "experiment": "exp8_panphon_distance_aware",
  "raw_csv_path": "C:/Users/leona/OneDrive/Documents/Projects/Acadêmicos/FG2P/results/exp8_panphon_distance_aware/benchmark_exp8_panphon_distance_aware__20260222_000737_cuda_raw_b512.csv",
  "benchmark_metadata": {
    "benchmark_date": "2026-03-15 11:19:26",
    "devices": [
      "cuda"
    ],
    "test_words": 1000,
    "warmup_runs": 20,
    "benchmark_runs": 50,
    "loop_overhead_us": 0.10000010433941497,
    "force": true,
    "selected_models": 19,
    "cpu_quantize": false,
    "cpu_threads": null,
    "batch_size": 512,
    "sweep_mode": true,
    "sweep_batch_sizes": [
      1,
      4,
      8,
      16,
      32,
      64,
      128,
      256,
      512
    ]
  },
  "result": {
    "model_index": 5,
    "base_name": "exp8_panphon_distance_aware__20260222_000737",
    "experiment": "exp8_panphon_distance_aware",
    "params": 4319659,
    "n": 50000,
    "total_time_s": 35.78316909474688,
    "mean_lat_ms": 0.7156633818949376,
    "p50_ms": 0.692234221222168,
    "p95_ms": 0.938860040882416,
    "p99_ms": 0.9726672130063218,
    "throughput_wps": 1397.304969484668,
    "throughput_tps": 13535.693239397977,
    "throughput_cps_in": 12567.360895545102,
    "throughput_cps_out": 13675.423736346444,
    "tokens_per_word": 9.687,
    "chars_in_per_word": 8.994,
    "chars_out_per_word": 9.787,
    "ci95_lat_low_ms": 0.7147562289495667,
    "ci95_lat_high_ms": 0.7165705348403085,
    "ci95_wps_low": 1395.5360308289191,
    "ci95_wps_high": 1399.0783983367849,
    "stable_wps": 1440.5404679522537,
    "stable_cv": 0.1016047019435015,
    "stable_window_start": 34000,
    "global_cv": 0.1446107736068119,
    "thermal_ratio": 0.9842196078462279,
    "mean_first_ms": 0.7245992298944657,
    "mean_last_ms": 0.7131647698924097,
    "loop_overhead_us": 0.10000010433941497,
    "status": "success",
    "device": "cuda",
    "batch_size": 512
  }
}
