{
  "artifact_type": "inference_benchmark",
  "generated_by": "python src/benchmark_inference.py",
  "base_name": "exp8_panphon_distance_aware__20260222_000737",
  "experiment": "exp8_panphon_distance_aware",
  "raw_csv_path": "C:/Users/leona/OneDrive/Documents/Projects/Acadêmicos/FG2P/results/exp8_panphon_distance_aware/benchmark_exp8_panphon_distance_aware__20260222_000737_cpu_raw_b32.csv",
  "benchmark_metadata": {
    "benchmark_date": "2026-03-15 17:04:56",
    "devices": [
      "cpu"
    ],
    "test_words": 500,
    "warmup_runs": 20,
    "benchmark_runs": 200,
    "adaptive": true,
    "adaptive_min_runs": 10,
    "adaptive_max_runs": 80,
    "adaptive_cv_target": 0.03,
    "loop_overhead_us": 0.100000761449337,
    "force": true,
    "selected_models": 19,
    "cpu_quantize": false,
    "cpu_threads": null,
    "batch_size": 32,
    "sweep_mode": true,
    "sweep_batch_sizes": [
      1,
      4,
      8,
      16,
      32,
      64,
      128
    ]
  },
  "result": {
    "model_index": 5,
    "base_name": "exp8_panphon_distance_aware__20260222_000737",
    "experiment": "exp8_panphon_distance_aware",
    "params": 4319659,
    "n": 5000,
    "total_time_s": 10.330127196270041,
    "mean_lat_ms": 2.066025439254008,
    "p50_ms": 2.079815624256298,
    "p95_ms": 2.4971343741526653,
    "p99_ms": 2.522754999517929,
    "throughput_wps": 484.0211456259105,
    "throughput_tps": 4654.347336338756,
    "throughput_cps_in": 4298.107773158085,
    "throughput_cps_out": 4712.429873813864,
    "tokens_per_word": 9.616,
    "chars_in_per_word": 8.88,
    "chars_out_per_word": 9.736,
    "ci95_lat_low_ms": 2.0591277240787997,
    "ci95_lat_high_ms": 2.072923154429217,
    "ci95_wps_low": 482.4105504650759,
    "ci95_wps_high": 485.6425312069333,
    "stable_wps": 483.67708360690284,
    "stable_cv": 0.11485131092151145,
    "stable_window_start": 3256,
    "global_cv": 0.12044770330938524,
    "thermal_ratio": 1.0019936355795314,
    "mean_first_ms": 2.0559925992856734,
    "mean_last_ms": 2.060091499282862,
    "loop_overhead_us": 0.100000761449337,
    "status": "success",
    "device": "cpu",
    "batch_size": 32,
    "adaptive": true,
    "runs_executed": 10,
    "max_runs": 80,
    "min_runs": 10,
    "cv_target": 0.03,
    "converged": true,
    "final_run_cv": 0.008613317606590183,
    "n_samples_raw": 5000,
    "n_samples_clean": 5000,
    "n_outliers_removed": 0
  }
}
