{
  "artifact_type": "inference_benchmark",
  "generated_by": "python src/benchmark_inference.py",
  "base_name": "exp8_panphon_distance_aware__20260222_000737",
  "experiment": "exp8_panphon_distance_aware",
  "raw_csv_path": "C:/Users/leona/OneDrive/Documents/Projects/Acadêmicos/FG2P/results/exp8_panphon_distance_aware/benchmark_exp8_panphon_distance_aware__20260222_000737_cuda_raw_b16.csv",
  "benchmark_metadata": {
    "benchmark_date": "2026-03-15 04:42:32",
    "devices": [
      "cuda"
    ],
    "test_words": 1000,
    "warmup_runs": 20,
    "benchmark_runs": 50,
    "loop_overhead_us": 0.10000010433941497,
    "force": true,
    "selected_models": 19,
    "cpu_quantize": false,
    "cpu_threads": null,
    "batch_size": 16,
    "sweep_mode": true,
    "sweep_batch_sizes": [
      1,
      4,
      8,
      16,
      32,
      64,
      128,
      256,
      512
    ]
  },
  "result": {
    "model_index": 5,
    "base_name": "exp8_panphon_distance_aware__20260222_000737",
    "experiment": "exp8_panphon_distance_aware",
    "params": 4319659,
    "n": 50000,
    "total_time_s": 164.1568585946634,
    "mean_lat_ms": 3.2831371718932676,
    "p50_ms": 3.239887499805718,
    "p95_ms": 3.936206249566112,
    "p99_ms": 4.408006249580012,
    "throughput_wps": 304.58672533116726,
    "throughput_tps": 2950.5316082830172,
    "throughput_cps_in": 2739.453007628518,
    "throughput_cps_out": 2980.9902808161337,
    "tokens_per_word": 9.687,
    "chars_in_per_word": 8.994,
    "chars_out_per_word": 9.787,
    "ci95_lat_low_ms": 3.2798477295296853,
    "ci95_lat_high_ms": 3.28642661425685,
    "ci95_wps_low": 304.2818591055401,
    "ci95_wps_high": 304.8922030729138,
    "stable_wps": 302.04814407319867,
    "stable_cv": 0.10953873529776939,
    "stable_window_start": 880,
    "global_cv": 0.11430419878378617,
    "thermal_ratio": 0.9896694686166402,
    "mean_first_ms": 3.301689789901957,
    "mean_last_ms": 3.267581579909256,
    "loop_overhead_us": 0.10000010433941497,
    "status": "success",
    "device": "cuda",
    "batch_size": 16
  }
}
