{
  "artifact_type": "inference_benchmark",
  "generated_by": "python src/benchmark_inference.py",
  "base_name": "exp8_panphon_distance_aware__20260222_000737",
  "experiment": "exp8_panphon_distance_aware",
  "raw_csv_path": "C:/Users/leona/OneDrive/Documents/Projects/Acadêmicos/FG2P/results/exp8_panphon_distance_aware/benchmark_exp8_panphon_distance_aware__20260222_000737_cuda_raw_b64.csv",
  "benchmark_metadata": {
    "benchmark_date": "2026-03-15 08:01:10",
    "devices": [
      "cuda"
    ],
    "test_words": 1000,
    "warmup_runs": 20,
    "benchmark_runs": 50,
    "loop_overhead_us": 0.10000010433941497,
    "force": true,
    "selected_models": 19,
    "cpu_quantize": false,
    "cpu_threads": null,
    "batch_size": 64,
    "sweep_mode": true,
    "sweep_batch_sizes": [
      1,
      4,
      8,
      16,
      32,
      64,
      128,
      256,
      512
    ]
  },
  "result": {
    "model_index": 5,
    "base_name": "exp8_panphon_distance_aware__20260222_000737",
    "experiment": "exp8_panphon_distance_aware",
    "params": 4319659,
    "n": 50000,
    "total_time_s": 74.56440169510915,
    "mean_lat_ms": 1.491288033902183,
    "p50_ms": 1.4732578124244355,
    "p95_ms": 1.8274765625142209,
    "p99_ms": 1.9683937498234625,
    "throughput_wps": 670.5612713751528,
    "throughput_tps": 6495.727035811106,
    "throughput_cps_in": 6031.028074748125,
    "throughput_cps_out": 6562.783162948622,
    "tokens_per_word": 9.687,
    "chars_in_per_word": 8.994,
    "chars_out_per_word": 9.787,
    "ci95_lat_low_ms": 1.489973973185055,
    "ci95_lat_high_ms": 1.492602094619311,
    "ci95_wps_low": 669.9709209875191,
    "ci95_wps_high": 671.1526630645378,
    "stable_wps": 675.7274008271266,
    "stable_cv": 0.08738285995107391,
    "stable_window_start": 22960,
    "global_cv": 0.10052702501782891,
    "thermal_ratio": 0.9832862800586932,
    "mean_first_ms": 1.508839449899915,
    "mean_last_ms": 1.4836211298978925,
    "loop_overhead_us": 0.10000010433941497,
    "status": "success",
    "device": "cuda",
    "batch_size": 64
  }
}
