{
  "artifact_type": "inference_benchmark",
  "generated_by": "python src/benchmark_inference.py",
  "base_name": "exp8_panphon_distance_aware__20260222_000737",
  "experiment": "exp8_panphon_distance_aware",
  "raw_csv_path": "C:/Users/leona/OneDrive/Documents/Projects/Acadêmicos/FG2P/results/exp8_panphon_distance_aware/benchmark_exp8_panphon_distance_aware__20260222_000737_cpu_raw_b8.csv",
  "benchmark_metadata": {
    "benchmark_date": "2026-03-15 16:15:46",
    "devices": [
      "cpu"
    ],
    "test_words": 500,
    "warmup_runs": 20,
    "benchmark_runs": 200,
    "adaptive": true,
    "adaptive_min_runs": 10,
    "adaptive_max_runs": 80,
    "adaptive_cv_target": 0.03,
    "loop_overhead_us": 0.100000761449337,
    "force": true,
    "selected_models": 19,
    "cpu_quantize": false,
    "cpu_threads": null,
    "batch_size": 8,
    "sweep_mode": true,
    "sweep_batch_sizes": [
      1,
      4,
      8,
      16,
      32,
      64,
      128
    ]
  },
  "result": {
    "model_index": 5,
    "base_name": "exp8_panphon_distance_aware__20260222_000737",
    "experiment": "exp8_panphon_distance_aware",
    "params": 4319659,
    "n": 4952,
    "total_time_s": 22.300505696155597,
    "mean_lat_ms": 4.503333137349676,
    "p50_ms": 4.3647624988807365,
    "p95_ms": 5.606875000012224,
    "p99_ms": 6.085324999730801,
    "throughput_wps": 222.05774467498642,
    "throughput_tps": 2134.480744452616,
    "throughput_cps_in": 1971.166062282523,
    "throughput_cps_out": 2160.847859531148,
    "tokens_per_word": 9.612277867528272,
    "chars_in_per_word": 8.876817447495961,
    "chars_out_per_word": 9.731017770597738,
    "ci95_lat_low_ms": 4.486899891048957,
    "ci95_lat_high_ms": 4.519766383650395,
    "ci95_wps_low": 221.25037338596886,
    "ci95_wps_high": 222.87102994986097,
    "stable_wps": 220.8605562083746,
    "stable_cv": 0.1266489679095643,
    "stable_window_start": 104,
    "global_cv": 0.13101575857339015,
    "thermal_ratio": 0.991187906902125,
    "mean_first_ms": 4.524472802116023,
    "mean_last_ms": 4.484602726564973,
    "loop_overhead_us": 0.100000761449337,
    "status": "success",
    "device": "cpu",
    "batch_size": 8,
    "adaptive": true,
    "runs_executed": 10,
    "max_runs": 80,
    "min_runs": 10,
    "cv_target": 0.03,
    "converged": true,
    "final_run_cv": 0.012910176372484117,
    "n_samples_raw": 5000,
    "n_samples_clean": 4952,
    "n_outliers_removed": 48
  }
}
