{
  "artifact_type": "inference_benchmark",
  "generated_by": "python src/benchmark_inference.py",
  "base_name": "exp8_panphon_distance_aware__20260222_000737",
  "experiment": "exp8_panphon_distance_aware",
  "raw_csv_path": "C:/Users/leona/OneDrive/Documents/Projects/Acadêmicos/FG2P/results/exp8_panphon_distance_aware/benchmark_exp8_panphon_distance_aware__20260222_000737_cuda_raw_b32.csv",
  "benchmark_metadata": {
    "benchmark_date": "2026-03-15 06:34:55",
    "devices": [
      "cuda"
    ],
    "test_words": 1000,
    "warmup_runs": 20,
    "benchmark_runs": 50,
    "loop_overhead_us": 0.10000010433941497,
    "force": true,
    "selected_models": 19,
    "cpu_quantize": false,
    "cpu_threads": null,
    "batch_size": 32,
    "sweep_mode": true,
    "sweep_batch_sizes": [
      1,
      4,
      8,
      16,
      32,
      64,
      128,
      256,
      512
    ]
  },
  "result": {
    "model_index": 5,
    "base_name": "exp8_panphon_distance_aware__20260222_000737",
    "experiment": "exp8_panphon_distance_aware",
    "params": 4319659,
    "n": 50000,
    "total_time_s": 108.14313699470677,
    "mean_lat_ms": 2.1628627398941354,
    "p50_ms": 2.127631250207287,
    "p95_ms": 2.4764156248443214,
    "p99_ms": 3.7420281248364518,
    "throughput_wps": 462.3501905853473,
    "throughput_tps": 4478.78629620026,
    "throughput_cps_in": 4158.377614124614,
    "throughput_cps_out": 4525.021315258795,
    "tokens_per_word": 9.687,
    "chars_in_per_word": 8.994,
    "chars_out_per_word": 9.787,
    "ci95_lat_low_ms": 2.160269545927413,
    "ci95_lat_high_ms": 2.1654559338608577,
    "ci95_wps_low": 461.79651331766854,
    "ci95_wps_high": 462.90519712469296,
    "stable_wps": 466.39512367146665,
    "stable_cv": 0.12379312612362985,
    "stable_window_start": 20512,
    "global_cv": 0.13678389750369527,
    "thermal_ratio": 1.000627423082704,
    "mean_first_ms": 2.158957919869226,
    "mean_last_ms": 2.1603124999027385,
    "loop_overhead_us": 0.10000010433941497,
    "status": "success",
    "device": "cuda",
    "batch_size": 32
  }
}
