{
  "artifact_type": "inference_benchmark",
  "generated_by": "python src/benchmark_inference.py",
  "base_name": "exp4_panphon_fixed_24d__20260219_195619",
  "experiment": "exp4_panphon_fixed_24d",
  "raw_csv_path": "C:/Users/leona/OneDrive/Documents/Projects/Acadêmicos/FG2P/results/exp4_panphon_fixed_24d/benchmark_exp4_panphon_fixed_24d__20260219_195619_cuda_raw_b64.csv",
  "benchmark_metadata": {
    "benchmark_date": "2026-03-15 08:01:10",
    "devices": [
      "cuda"
    ],
    "test_words": 1000,
    "warmup_runs": 20,
    "benchmark_runs": 50,
    "loop_overhead_us": 0.10000010433941497,
    "force": true,
    "selected_models": 19,
    "cpu_quantize": false,
    "cpu_threads": null,
    "batch_size": 64,
    "sweep_mode": true,
    "sweep_batch_sizes": [
      1,
      4,
      8,
      16,
      32,
      64,
      128,
      256,
      512
    ]
  },
  "result": {
    "model_index": 1,
    "base_name": "exp4_panphon_fixed_24d__20260219_195619",
    "experiment": "exp4_panphon_fixed_24d",
    "params": 3988443,
    "n": 50000,
    "total_time_s": 70.85539539463662,
    "mean_lat_ms": 1.4171079078927322,
    "p50_ms": 1.3880671874380823,
    "p95_ms": 1.6648449999797779,
    "p99_ms": 1.777857500130722,
    "throughput_wps": 705.6625641776426,
    "throughput_tps": 6652.280992502637,
    "throughput_cps_in": 6171.019123733484,
    "throughput_cps_out": 6706.617009944315,
    "tokens_per_word": 9.427,
    "chars_in_per_word": 8.745,
    "chars_out_per_word": 9.504,
    "ci95_lat_low_ms": 1.4161676113847255,
    "ci95_lat_high_ms": 1.418048204400739,
    "ci95_wps_low": 705.1946449328185,
    "ci95_wps_high": 706.1311047935931,
    "stable_wps": 710.2472989335506,
    "stable_cv": 0.06938647337026112,
    "stable_window_start": 23576,
    "global_cv": 0.07569912029117862,
    "thermal_ratio": 0.9985957957749959,
    "mean_first_ms": 1.4172012498886943,
    "mean_last_ms": 1.4152112099059195,
    "loop_overhead_us": 0.10000010433941497,
    "status": "success",
    "device": "cuda",
    "batch_size": 64
  }
}
