{
  "artifact_type": "inference_benchmark",
  "generated_by": "python src/benchmark_inference.py",
  "base_name": "exp4_panphon_fixed_24d__20260219_195619",
  "experiment": "exp4_panphon_fixed_24d",
  "raw_csv_path": "C:/Users/leona/OneDrive/Documents/Projects/Acadêmicos/FG2P/results/exp4_panphon_fixed_24d/benchmark_exp4_panphon_fixed_24d__20260219_195619_cpu_raw_b4.csv",
  "benchmark_metadata": {
    "benchmark_date": "2026-03-15 15:32:05",
    "devices": [
      "cpu"
    ],
    "test_words": 500,
    "warmup_runs": 20,
    "benchmark_runs": 200,
    "adaptive": true,
    "adaptive_min_runs": 10,
    "adaptive_max_runs": 80,
    "adaptive_cv_target": 0.03,
    "loop_overhead_us": 0.100000761449337,
    "force": true,
    "selected_models": 19,
    "cpu_quantize": false,
    "cpu_threads": null,
    "batch_size": 4,
    "sweep_mode": true,
    "sweep_batch_sizes": [
      1,
      4,
      8,
      16,
      32,
      64,
      128
    ]
  },
  "result": {
    "model_index": 1,
    "base_name": "exp4_panphon_fixed_24d__20260219_195619",
    "experiment": "exp4_panphon_fixed_24d",
    "params": 3988443,
    "n": 4936,
    "total_time_s": 33.056347396515775,
    "mean_lat_ms": 6.6969909636377185,
    "p50_ms": 6.495624998933636,
    "p95_ms": 8.84089999817661,
    "p99_ms": 9.479774998908397,
    "throughput_wps": 149.32079279032104,
    "throughput_tps": 1398.2186067197401,
    "throughput_cps_in": 1303.562050674174,
    "throughput_cps_out": 1411.2266984741646,
    "tokens_per_word": 9.36385737439222,
    "chars_in_per_word": 8.729943273905997,
    "chars_out_per_word": 9.45097244732577,
    "ci95_lat_low_ms": 6.66507053179507,
    "ci95_lat_high_ms": 6.728911395480366,
    "ci95_wps_low": 148.61244876424942,
    "ci95_wps_high": 150.03592163497706,
    "stable_wps": 148.83131680244625,
    "stable_cv": 0.16822147112101335,
    "stable_window_start": 1273,
    "global_cv": 0.1708521897595191,
    "thermal_ratio": 0.9971469018437089,
    "mean_first_ms": 6.700673758216179,
    "mean_last_ms": 6.681556078270704,
    "loop_overhead_us": 0.100000761449337,
    "status": "success",
    "device": "cpu",
    "batch_size": 4,
    "adaptive": true,
    "runs_executed": 10,
    "max_runs": 80,
    "min_runs": 10,
    "cv_target": 0.03,
    "converged": true,
    "final_run_cv": 0.007182296451754722,
    "n_samples_raw": 5000,
    "n_samples_clean": 4936,
    "n_outliers_removed": 64
  }
}
