{
  "artifact_type": "inference_benchmark",
  "generated_by": "python src/benchmark_inference.py",
  "base_name": "exp4_panphon_fixed_24d__20260219_195619",
  "experiment": "exp4_panphon_fixed_24d",
  "raw_csv_path": "C:/Users/leona/OneDrive/Documents/Projects/Acadêmicos/FG2P/results/exp4_panphon_fixed_24d/benchmark_exp4_panphon_fixed_24d__20260219_195619_cpu_raw_b64.csv",
  "benchmark_metadata": {
    "benchmark_date": "2026-03-15 17:19:58",
    "devices": [
      "cpu"
    ],
    "test_words": 500,
    "warmup_runs": 20,
    "benchmark_runs": 200,
    "adaptive": true,
    "adaptive_min_runs": 10,
    "adaptive_max_runs": 80,
    "adaptive_cv_target": 0.03,
    "loop_overhead_us": 0.100000761449337,
    "force": true,
    "selected_models": 19,
    "cpu_quantize": false,
    "cpu_threads": null,
    "batch_size": 64,
    "sweep_mode": true,
    "sweep_batch_sizes": [
      1,
      4,
      8,
      16,
      32,
      64,
      128
    ]
  },
  "result": {
    "model_index": 1,
    "base_name": "exp4_panphon_fixed_24d__20260219_195619",
    "experiment": "exp4_panphon_fixed_24d",
    "params": 3988443,
    "n": 4680,
    "total_time_s": 7.359249896398978,
    "mean_lat_ms": 1.5724892941023458,
    "p50_ms": 1.5737468741008342,
    "p95_ms": 1.778348436801025,
    "p99_ms": 1.8001749992890836,
    "throughput_wps": 635.9343772644564,
    "throughput_tps": 5969.358374621276,
    "throughput_cps_in": 5567.143469342902,
    "throughput_cps_out": 6023.032323129708,
    "tokens_per_word": 9.386752136752136,
    "chars_in_per_word": 8.754273504273504,
    "chars_out_per_word": 9.471153846153847,
    "ci95_lat_low_ms": 1.5700136666441165,
    "ci95_lat_high_ms": 1.5749649215605752,
    "ci95_wps_low": 634.934776203864,
    "ci95_wps_high": 636.9371307050383,
    "stable_wps": 644.5249843775395,
    "stable_cv": 0.03290918226549993,
    "stable_window_start": 64,
    "global_cv": 0.05494958905044733,
    "thermal_ratio": 1.016519490400275,
    "mean_first_ms": 1.5534356829697122,
    "mean_last_ms": 1.579097648821975,
    "loop_overhead_us": 0.100000761449337,
    "status": "success",
    "device": "cpu",
    "batch_size": 64,
    "adaptive": true,
    "runs_executed": 10,
    "max_runs": 80,
    "min_runs": 10,
    "cv_target": 0.03,
    "converged": true,
    "final_run_cv": 0.008438934939611271,
    "n_samples_raw": 5000,
    "n_samples_clean": 4680,
    "n_outliers_removed": 320
  }
}
