{
  "artifact_type": "inference_benchmark",
  "generated_by": "python src/benchmark_inference.py",
  "base_name": "exp4_panphon_fixed_24d__20260219_195619",
  "experiment": "exp4_panphon_fixed_24d",
  "raw_csv_path": "C:/Users/leona/OneDrive/Documents/Projects/Acadêmicos/FG2P/results/exp4_panphon_fixed_24d/benchmark_exp4_panphon_fixed_24d__20260219_195619_cuda_raw_b512.csv",
  "benchmark_metadata": {
    "benchmark_date": "2026-03-15 11:19:26",
    "devices": [
      "cuda"
    ],
    "test_words": 1000,
    "warmup_runs": 20,
    "benchmark_runs": 50,
    "loop_overhead_us": 0.10000010433941497,
    "force": true,
    "selected_models": 19,
    "cpu_quantize": false,
    "cpu_threads": null,
    "batch_size": 512,
    "sweep_mode": true,
    "sweep_batch_sizes": [
      1,
      4,
      8,
      16,
      32,
      64,
      128,
      256,
      512
    ]
  },
  "result": {
    "model_index": 1,
    "base_name": "exp4_panphon_fixed_24d__20260219_195619",
    "experiment": "exp4_panphon_fixed_24d",
    "params": 3988443,
    "n": 50000,
    "total_time_s": 36.89697989471915,
    "mean_lat_ms": 0.737939597894383,
    "p50_ms": 0.727237090077063,
    "p95_ms": 0.9574549179093664,
    "p99_ms": 0.9980988280096882,
    "throughput_wps": 1355.1244612070866,
    "throughput_tps": 12774.758295799205,
    "throughput_cps_in": 11850.563413255974,
    "throughput_cps_out": 12879.102879312151,
    "tokens_per_word": 9.427,
    "chars_in_per_word": 8.745,
    "chars_out_per_word": 9.504,
    "ci95_lat_low_ms": 0.73716419009433,
    "ci95_lat_high_ms": 0.7387150056944362,
    "ci95_wps_low": 1353.7020262096075,
    "ci95_wps_high": 1356.5498886646092,
    "stable_wps": 1391.155680666399,
    "stable_cv": 0.05302582683233612,
    "stable_window_start": 6512,
    "global_cv": 0.11987766662011036,
    "thermal_ratio": 1.012590676163212,
    "mean_first_ms": 0.7367991898973743,
    "mean_last_ms": 0.746075989894689,
    "loop_overhead_us": 0.10000010433941497,
    "status": "success",
    "device": "cuda",
    "batch_size": 512
  }
}
