{
  "artifact_type": "inference_benchmark",
  "generated_by": "python src/benchmark_inference.py",
  "base_name": "exp4_panphon_fixed_24d__20260219_195619",
  "experiment": "exp4_panphon_fixed_24d",
  "raw_csv_path": "C:/Users/leona/OneDrive/Documents/Projects/Acadêmicos/FG2P/results/exp4_panphon_fixed_24d/benchmark_exp4_panphon_fixed_24d__20260219_195619_cpu_raw_b32.csv",
  "benchmark_metadata": {
    "benchmark_date": "2026-03-15 17:04:56",
    "devices": [
      "cpu"
    ],
    "test_words": 500,
    "warmup_runs": 20,
    "benchmark_runs": 200,
    "adaptive": true,
    "adaptive_min_runs": 10,
    "adaptive_max_runs": 80,
    "adaptive_cv_target": 0.03,
    "loop_overhead_us": 0.100000761449337,
    "force": true,
    "selected_models": 19,
    "cpu_quantize": false,
    "cpu_threads": null,
    "batch_size": 32,
    "sweep_mode": true,
    "sweep_batch_sizes": [
      1,
      4,
      8,
      16,
      32,
      64,
      128
    ]
  },
  "result": {
    "model_index": 1,
    "base_name": "exp4_panphon_fixed_24d__20260219_195619",
    "experiment": "exp4_panphon_fixed_24d",
    "params": 3988443,
    "n": 5000,
    "total_time_s": 10.141748696230934,
    "mean_lat_ms": 2.028349739246187,
    "p50_ms": 2.0105093744859914,
    "p95_ms": 2.4054937493929174,
    "p99_ms": 2.4367906244151527,
    "throughput_wps": 493.01162450004244,
    "throughput_tps": 4633.3232470513985,
    "throughput_cps_in": 4318.781830620372,
    "throughput_cps_out": 4675.722246758402,
    "tokens_per_word": 9.398,
    "chars_in_per_word": 8.76,
    "chars_out_per_word": 9.484,
    "ci95_lat_low_ms": 2.023102890892672,
    "ci95_lat_high_ms": 2.033596587599702,
    "ci95_wps_low": 491.73961349941175,
    "ci95_wps_high": 494.2902333349744,
    "stable_wps": 490.9334413821579,
    "stable_cv": 0.0860178174463046,
    "stable_window_start": 1288,
    "global_cv": 0.09332212136778018,
    "thermal_ratio": 1.007735515982506,
    "mean_first_ms": 2.012522499251645,
    "mean_last_ms": 2.028090399209759,
    "loop_overhead_us": 0.100000761449337,
    "status": "success",
    "device": "cpu",
    "batch_size": 32,
    "adaptive": true,
    "runs_executed": 10,
    "max_runs": 80,
    "min_runs": 10,
    "cv_target": 0.03,
    "converged": true,
    "final_run_cv": 0.00379889535741038,
    "n_samples_raw": 5000,
    "n_samples_clean": 5000,
    "n_outliers_removed": 0
  }
}
