{
  "artifact_type": "inference_benchmark",
  "generated_by": "python src/benchmark_inference.py",
  "base_name": "exp4_panphon_fixed_24d__20260219_195619",
  "experiment": "exp4_panphon_fixed_24d",
  "raw_csv_path": "C:/Users/leona/OneDrive/Documents/Projects/Acadêmicos/FG2P/results/exp4_panphon_fixed_24d/benchmark_exp4_panphon_fixed_24d__20260219_195619_cpu_raw_b8.csv",
  "benchmark_metadata": {
    "benchmark_date": "2026-03-15 16:15:46",
    "devices": [
      "cpu"
    ],
    "test_words": 500,
    "warmup_runs": 20,
    "benchmark_runs": 200,
    "adaptive": true,
    "adaptive_min_runs": 10,
    "adaptive_max_runs": 80,
    "adaptive_cv_target": 0.03,
    "loop_overhead_us": 0.100000761449337,
    "force": true,
    "selected_models": 19,
    "cpu_quantize": false,
    "cpu_threads": null,
    "batch_size": 8,
    "sweep_mode": true,
    "sweep_batch_sizes": [
      1,
      4,
      8,
      16,
      32,
      64,
      128
    ]
  },
  "result": {
    "model_index": 1,
    "base_name": "exp4_panphon_fixed_24d__20260219_195619",
    "experiment": "exp4_panphon_fixed_24d",
    "params": 3988443,
    "n": 4968,
    "total_time_s": 21.598584196297452,
    "mean_lat_ms": 4.347541102314302,
    "p50_ms": 4.278362499462673,
    "p95_ms": 5.475550000483054,
    "p99_ms": 6.015849998220801,
    "throughput_wps": 230.01507667579628,
    "throughput_tps": 2158.382215070908,
    "throughput_cps_in": 2011.798532954247,
    "throughput_cps_out": 2178.290927424087,
    "tokens_per_word": 9.38365539452496,
    "chars_in_per_word": 8.746376811594203,
    "chars_out_per_word": 9.470209339774557,
    "ci95_lat_low_ms": 4.330381875601146,
    "ci95_lat_high_ms": 4.364700329027457,
    "ci95_wps_low": 229.11080363283958,
    "ci95_wps_high": 230.92651611959263,
    "stable_wps": 229.95161800594693,
    "stable_cv": 0.13395445723600113,
    "stable_window_start": 3948,
    "global_cv": 0.14193475026633653,
    "thermal_ratio": 0.9993798122545898,
    "mean_first_ms": 4.348750578327033,
    "mean_last_ms": 4.346053536510509,
    "loop_overhead_us": 0.100000761449337,
    "status": "success",
    "device": "cpu",
    "batch_size": 8,
    "adaptive": true,
    "runs_executed": 10,
    "max_runs": 80,
    "min_runs": 10,
    "cv_target": 0.03,
    "converged": true,
    "final_run_cv": 0.008370808005803802,
    "n_samples_raw": 5000,
    "n_samples_clean": 4968,
    "n_outliers_removed": 32
  }
}
