{
  "artifact_type": "inference_benchmark",
  "generated_by": "python src/benchmark_inference.py",
  "base_name": "exp4_panphon_fixed_24d__20260219_195619",
  "experiment": "exp4_panphon_fixed_24d",
  "raw_csv_path": "C:/Users/leona/OneDrive/Documents/Projects/Acadêmicos/FG2P/results/exp4_panphon_fixed_24d/benchmark_exp4_panphon_fixed_24d__20260219_195619_cuda_raw.csv",
  "benchmark_metadata": {
    "benchmark_date": "2026-03-14 11:37:52",
    "devices": [
      "cuda"
    ],
    "test_words": 1000,
    "warmup_runs": 20,
    "benchmark_runs": 50,
    "loop_overhead_us": 0.10000010433941497,
    "force": true,
    "selected_models": 19,
    "cpu_quantize": false,
    "cpu_threads": null,
    "batch_size": 1,
    "sweep_mode": true,
    "sweep_batch_sizes": [
      1,
      4,
      8,
      16,
      32,
      64,
      128,
      256,
      512
    ]
  },
  "result": {
    "model_index": 1,
    "base_name": "exp4_panphon_fixed_24d__20260219_195619",
    "experiment": "exp4_panphon_fixed_24d",
    "params": 3988443,
    "n": 50000,
    "total_time_s": 1164.5988436951711,
    "mean_lat_ms": 23.291976873903423,
    "p50_ms": 22.603800000727006,
    "p95_ms": 34.069699999893146,
    "p99_ms": 41.696099998009686,
    "throughput_wps": 42.93323857454155,
    "throughput_tps": 404.73164004220314,
    "throughput_cps_in": 375.4511713343658,
    "throughput_cps_out": 408.03749941244286,
    "tokens_per_word": 9.427,
    "chars_in_per_word": 8.745,
    "chars_out_per_word": 9.504,
    "ci95_lat_low_ms": 23.239826973509597,
    "ci95_lat_high_ms": 23.344126774297244,
    "ci95_wps_low": 42.837327335843526,
    "ci95_wps_high": 43.02958026063924,
    "stable_wps": 43.21930649454814,
    "stable_cv": 0.23588623780723778,
    "stable_window_start": 26190,
    "global_cv": 0.2554324469833637,
    "thermal_ratio": 0.9706977054933075,
    "mean_first_ms": 23.764617129903943,
    "mean_last_ms": 23.06825931992471,
    "loop_overhead_us": 0.10000010433941497,
    "status": "success",
    "device": "cuda",
    "batch_size": 1
  }
}
