{
  "artifact_type": "inference_benchmark",
  "generated_by": "python src/benchmark_inference.py",
  "base_name": "exp4_panphon_fixed_24d__20260219_195619",
  "experiment": "exp4_panphon_fixed_24d",
  "raw_csv_path": "C:/Users/leona/OneDrive/Documents/Projects/Acadêmicos/FG2P/results/exp4_panphon_fixed_24d/benchmark_exp4_panphon_fixed_24d__20260219_195619_cuda_raw_b8.csv",
  "benchmark_metadata": {
    "benchmark_date": "2026-03-15 02:00:06",
    "devices": [
      "cuda"
    ],
    "test_words": 1000,
    "warmup_runs": 20,
    "benchmark_runs": 50,
    "loop_overhead_us": 0.10000010433941497,
    "force": true,
    "selected_models": 19,
    "cpu_quantize": false,
    "cpu_threads": null,
    "batch_size": 8,
    "sweep_mode": true,
    "sweep_batch_sizes": [
      1,
      4,
      8,
      16,
      32,
      64,
      128,
      256,
      512
    ]
  },
  "result": {
    "model_index": 1,
    "base_name": "exp4_panphon_fixed_24d__20260219_195619",
    "experiment": "exp4_panphon_fixed_24d",
    "params": 3988443,
    "n": 50000,
    "total_time_s": 244.71131799477462,
    "mean_lat_ms": 4.894226359895493,
    "p50_ms": 4.827787500037175,
    "p95_ms": 6.130087501080652,
    "p99_ms": 6.915787501131945,
    "throughput_wps": 204.3223844720891,
    "throughput_tps": 1926.147118418384,
    "throughput_cps_in": 1786.7992522084194,
    "throughput_cps_out": 1941.879942022735,
    "tokens_per_word": 9.427,
    "chars_in_per_word": 8.745,
    "chars_out_per_word": 9.504,
    "ci95_lat_low_ms": 4.887897612813486,
    "ci95_lat_high_ms": 4.900555106977499,
    "ci95_wps_low": 204.0585154478075,
    "ci95_wps_high": 204.58693680050254,
    "stable_wps": 201.83133722972627,
    "stable_cv": 0.13501577303820964,
    "stable_window_start": 32464,
    "global_cv": 0.1475239795389011,
    "thermal_ratio": 0.9956062151989169,
    "mean_first_ms": 4.900863599895911,
    "mean_last_ms": 4.879330259898507,
    "loop_overhead_us": 0.10000010433941497,
    "status": "success",
    "device": "cuda",
    "batch_size": 8
  }
}
