{
  "artifact_type": "inference_benchmark",
  "generated_by": "python src/benchmark_inference.py",
  "base_name": "exp4_panphon_fixed_24d__20260219_195619",
  "experiment": "exp4_panphon_fixed_24d",
  "raw_csv_path": "C:/Users/leona/OneDrive/Documents/Projects/Acadêmicos/FG2P/results/exp4_panphon_fixed_24d/benchmark_exp4_panphon_fixed_24d__20260219_195619_cuda_raw_b128.csv",
  "benchmark_metadata": {
    "benchmark_date": "2026-03-15 09:12:54",
    "devices": [
      "cuda"
    ],
    "test_words": 1000,
    "warmup_runs": 20,
    "benchmark_runs": 50,
    "loop_overhead_us": 0.10000010433941497,
    "force": true,
    "selected_models": 19,
    "cpu_quantize": false,
    "cpu_threads": null,
    "batch_size": 128,
    "sweep_mode": true,
    "sweep_batch_sizes": [
      1,
      4,
      8,
      16,
      32,
      64,
      128,
      256,
      512
    ]
  },
  "result": {
    "model_index": 1,
    "base_name": "exp4_panphon_fixed_24d__20260219_195619",
    "experiment": "exp4_panphon_fixed_24d",
    "params": 3988443,
    "n": 50000,
    "total_time_s": 57.673369794863,
    "mean_lat_ms": 1.1534673958972599,
    "p50_ms": 1.134820312447573,
    "p95_ms": 1.2646148436238036,
    "p99_ms": 1.4693648437037155,
    "throughput_wps": 866.9512493867409,
    "throughput_tps": 8172.749427968806,
    "throughput_cps_in": 7581.488675887049,
    "throughput_cps_out": 8239.504674171585,
    "tokens_per_word": 9.427,
    "chars_in_per_word": 8.745,
    "chars_out_per_word": 9.504,
    "ci95_lat_low_ms": 1.152826237441322,
    "ci95_lat_high_ms": 1.1541085543531977,
    "ci95_wps_low": 866.4696195414949,
    "ci95_wps_high": 867.433414960682,
    "stable_wps": 877.0422928283109,
    "stable_cv": 0.0506300789754291,
    "stable_window_start": 23128,
    "global_cv": 0.06341455978222162,
    "thermal_ratio": 1.0139391591108635,
    "mean_first_ms": 1.145790779908657,
    "mean_last_ms": 1.1617621398975642,
    "loop_overhead_us": 0.10000010433941497,
    "status": "success",
    "device": "cuda",
    "batch_size": 128
  }
}
