{
  "artifact_type": "inference_benchmark",
  "generated_by": "python src/benchmark_inference.py",
  "base_name": "exp4_panphon_fixed_24d__20260219_195619",
  "experiment": "exp4_panphon_fixed_24d",
  "raw_csv_path": "C:/Users/leona/OneDrive/Documents/Projects/Acadêmicos/FG2P/results/exp4_panphon_fixed_24d/benchmark_exp4_panphon_fixed_24d__20260219_195619_cpu_raw_b128.csv",
  "benchmark_metadata": {
    "benchmark_date": "2026-03-15 17:32:27",
    "devices": [
      "cpu"
    ],
    "test_words": 500,
    "warmup_runs": 20,
    "benchmark_runs": 200,
    "adaptive": true,
    "adaptive_min_runs": 10,
    "adaptive_max_runs": 80,
    "adaptive_cv_target": 0.03,
    "loop_overhead_us": 0.100000761449337,
    "force": true,
    "selected_models": 19,
    "cpu_quantize": false,
    "cpu_threads": null,
    "batch_size": 128,
    "sweep_mode": true,
    "sweep_batch_sizes": [
      1,
      4,
      8,
      16,
      32,
      64,
      128
    ]
  },
  "result": {
    "model_index": 1,
    "base_name": "exp4_panphon_fixed_24d__20260219_195619",
    "experiment": "exp4_panphon_fixed_24d",
    "params": 3988443,
    "n": 5000,
    "total_time_s": 6.811800096184015,
    "mean_lat_ms": 1.362360019236803,
    "p50_ms": 1.3352624993103746,
    "p95_ms": 1.508082030454716,
    "p99_ms": 1.562196874260735,
    "throughput_wps": 734.0203660411306,
    "throughput_tps": 6898.323400054546,
    "throughput_cps_in": 6430.018406520305,
    "throughput_cps_out": 6961.449151534083,
    "tokens_per_word": 9.398,
    "chars_in_per_word": 8.76,
    "chars_out_per_word": 9.484,
    "ci95_lat_low_ms": 1.359881482903781,
    "ci95_lat_high_ms": 1.364838555569825,
    "ci95_wps_low": 732.6873906947158,
    "ci95_wps_high": 735.3582003813161,
    "stable_wps": 736.167775994821,
    "stable_cv": 0.05857177044096268,
    "stable_window_start": 2256,
    "global_cv": 0.0656345225568291,
    "thermal_ratio": 1.0056242301097091,
    "mean_first_ms": 1.3593504992313683,
    "mean_last_ms": 1.3669957992387936,
    "loop_overhead_us": 0.100000761449337,
    "status": "success",
    "device": "cpu",
    "batch_size": 128,
    "adaptive": true,
    "runs_executed": 10,
    "max_runs": 80,
    "min_runs": 10,
    "cv_target": 0.03,
    "converged": true,
    "final_run_cv": 0.011268669947258371,
    "n_samples_raw": 5000,
    "n_samples_clean": 5000,
    "n_outliers_removed": 0
  }
}
