{
  "artifact_type": "inference_benchmark",
  "generated_by": "python src/benchmark_inference.py",
  "base_name": "exp4_panphon_fixed_24d__20260219_195619",
  "experiment": "exp4_panphon_fixed_24d",
  "raw_csv_path": "C:/Users/leona/OneDrive/Documents/Projects/Acadêmicos/FG2P/results/exp4_panphon_fixed_24d/benchmark_exp4_panphon_fixed_24d__20260219_195619_cuda_raw_b32.csv",
  "benchmark_metadata": {
    "benchmark_date": "2026-03-15 06:34:55",
    "devices": [
      "cuda"
    ],
    "test_words": 1000,
    "warmup_runs": 20,
    "benchmark_runs": 50,
    "loop_overhead_us": 0.10000010433941497,
    "force": true,
    "selected_models": 19,
    "cpu_quantize": false,
    "cpu_threads": null,
    "batch_size": 32,
    "sweep_mode": true,
    "sweep_batch_sizes": [
      1,
      4,
      8,
      16,
      32,
      64,
      128,
      256,
      512
    ]
  },
  "result": {
    "model_index": 1,
    "base_name": "exp4_panphon_fixed_24d__20260219_195619",
    "experiment": "exp4_panphon_fixed_24d",
    "params": 3988443,
    "n": 50000,
    "total_time_s": 103.11401139503596,
    "mean_lat_ms": 2.062280227900719,
    "p50_ms": 2.0138718748262363,
    "p95_ms": 2.3216031251854474,
    "p99_ms": 3.43228437506923,
    "throughput_wps": 484.9001539514063,
    "throughput_tps": 4571.1537512999075,
    "throughput_cps_in": 4240.451846305048,
    "throughput_cps_out": 4608.491063154165,
    "tokens_per_word": 9.427,
    "chars_in_per_word": 8.745,
    "chars_out_per_word": 9.504,
    "ci95_lat_low_ms": 2.059537157221676,
    "ci95_lat_high_ms": 2.0650232985797623,
    "ci95_wps_low": 484.25603754096073,
    "ci95_wps_high": 485.54598614234476,
    "stable_wps": 485.8696379738991,
    "stable_cv": 0.1414539235446287,
    "stable_window_start": 14928,
    "global_cv": 0.1517463489883884,
    "thermal_ratio": 1.0048628848174388,
    "mean_first_ms": 2.05424564990326,
    "mean_last_ms": 2.064235209885464,
    "loop_overhead_us": 0.10000010433941497,
    "status": "success",
    "device": "cuda",
    "batch_size": 32
  }
}
