{
  "artifact_type": "inference_benchmark",
  "generated_by": "python src/benchmark_inference.py",
  "base_name": "exp4_panphon_fixed_24d__20260219_195619",
  "experiment": "exp4_panphon_fixed_24d",
  "raw_csv_path": "C:/Users/leona/OneDrive/Documents/Projects/Acadêmicos/FG2P/results/exp4_panphon_fixed_24d/benchmark_exp4_panphon_fixed_24d__20260219_195619_cuda_raw_b256.csv",
  "benchmark_metadata": {
    "benchmark_date": "2026-03-15 10:17:42",
    "devices": [
      "cuda"
    ],
    "test_words": 1000,
    "warmup_runs": 20,
    "benchmark_runs": 50,
    "loop_overhead_us": 0.10000010433941497,
    "force": true,
    "selected_models": 19,
    "cpu_quantize": false,
    "cpu_threads": null,
    "batch_size": 256,
    "sweep_mode": true,
    "sweep_batch_sizes": [
      1,
      4,
      8,
      16,
      32,
      64,
      128,
      256,
      512
    ]
  },
  "result": {
    "model_index": 1,
    "base_name": "exp4_panphon_fixed_24d__20260219_195619",
    "experiment": "exp4_panphon_fixed_24d",
    "params": 3988443,
    "n": 50000,
    "total_time_s": 53.25458299476032,
    "mean_lat_ms": 1.0650916598952065,
    "p50_ms": 1.0629914061473755,
    "p95_ms": 1.1822890623739113,
    "p99_ms": 1.2446191405251739,
    "throughput_wps": 938.886330307374,
    "throughput_tps": 8850.881435807614,
    "throughput_cps_in": 8210.560958537986,
    "throughput_cps_out": 8923.175683241283,
    "tokens_per_word": 9.427,
    "chars_in_per_word": 8.745,
    "chars_out_per_word": 9.504,
    "ci95_lat_low_ms": 1.0646494965717652,
    "ci95_lat_high_ms": 1.0655338232186475,
    "ci95_wps_low": 938.4967217458286,
    "ci95_wps_high": 939.2762624883209,
    "stable_wps": 941.2075637498755,
    "stable_cv": 0.03811581042599462,
    "stable_window_start": 34000,
    "global_cv": 0.047361414294496994,
    "thermal_ratio": 1.0024122712470658,
    "mean_first_ms": 1.0665425798936667,
    "mean_last_ms": 1.0691153698929157,
    "loop_overhead_us": 0.10000010433941497,
    "status": "success",
    "device": "cuda",
    "batch_size": 256
  }
}
