{
  "artifact_type": "inference_benchmark",
  "generated_by": "python src/benchmark_inference.py",
  "base_name": "exp4_panphon_fixed_24d__20260219_195619",
  "experiment": "exp4_panphon_fixed_24d",
  "raw_csv_path": "C:/Users/leona/OneDrive/Documents/Projects/Acadêmicos/FG2P/results/exp4_panphon_fixed_24d/benchmark_exp4_panphon_fixed_24d__20260219_195619_cpu_raw.csv",
  "benchmark_metadata": {
    "benchmark_date": "2026-03-15 13:37:48",
    "devices": [
      "cpu"
    ],
    "test_words": 500,
    "warmup_runs": 20,
    "benchmark_runs": 200,
    "adaptive": true,
    "adaptive_min_runs": 10,
    "adaptive_max_runs": 80,
    "adaptive_cv_target": 0.03,
    "loop_overhead_us": 0.100000761449337,
    "force": true,
    "selected_models": 19,
    "cpu_quantize": false,
    "cpu_threads": null,
    "batch_size": 1,
    "sweep_mode": true,
    "sweep_batch_sizes": [
      1,
      4,
      8,
      16,
      32,
      64,
      128
    ]
  },
  "result": {
    "model_index": 1,
    "base_name": "exp4_panphon_fixed_24d__20260219_195619",
    "experiment": "exp4_panphon_fixed_24d",
    "params": 3988443,
    "n": 4887,
    "total_time_s": 88.13704269618029,
    "mean_lat_ms": 18.03499952858201,
    "p50_ms": 17.75989998714067,
    "p95_ms": 26.01630000572186,
    "p99_ms": 28.139899994130246,
    "throughput_wps": 55.447741953926425,
    "throughput_tps": 511.1358246417813,
    "throughput_cps_in": 475.7590987542547,
    "throughput_cps_out": 515.9011308870543,
    "tokens_per_word": 9.218334356455903,
    "chars_in_per_word": 8.580315121751585,
    "chars_out_per_word": 9.304276652342951,
    "ci95_lat_low_ms": 17.918027543679518,
    "ci95_lat_high_ms": 18.151971513484504,
    "ci95_wps_low": 55.09043462618553,
    "ci95_wps_high": 55.80971440981763,
    "stable_wps": 55.33857115167521,
    "stable_cv": 0.22886790547847877,
    "stable_window_start": 92,
    "global_cv": 0.23132939519117712,
    "thermal_ratio": 0.9947361152150435,
    "mean_first_ms": 18.041907368485095,
    "mean_last_ms": 17.946936846796532,
    "loop_overhead_us": 0.100000761449337,
    "status": "success",
    "device": "cpu",
    "batch_size": 1,
    "adaptive": true,
    "runs_executed": 10,
    "max_runs": 80,
    "min_runs": 10,
    "cv_target": 0.03,
    "converged": true,
    "final_run_cv": 0.0012316794975169448,
    "n_samples_raw": 5000,
    "n_samples_clean": 4887,
    "n_outliers_removed": 113
  }
}
