{
  "artifact_type": "inference_benchmark",
  "generated_by": "python src/benchmark_inference.py",
  "base_name": "exp4_panphon_fixed_24d__20260219_195619",
  "experiment": "exp4_panphon_fixed_24d",
  "raw_csv_path": "C:/Users/leona/OneDrive/Documents/Projects/Acadêmicos/FG2P/results/exp4_panphon_fixed_24d/benchmark_exp4_panphon_fixed_24d__20260219_195619_cuda_raw_b4.csv",
  "benchmark_metadata": {
    "benchmark_date": "2026-03-14 21:57:11",
    "devices": [
      "cuda"
    ],
    "test_words": 1000,
    "warmup_runs": 20,
    "benchmark_runs": 50,
    "loop_overhead_us": 0.10000010433941497,
    "force": true,
    "selected_models": 19,
    "cpu_quantize": false,
    "cpu_threads": null,
    "batch_size": 4,
    "sweep_mode": true,
    "sweep_batch_sizes": [
      1,
      4,
      8,
      16,
      32,
      64,
      128,
      256,
      512
    ]
  },
  "result": {
    "model_index": 1,
    "base_name": "exp4_panphon_fixed_24d__20260219_195619",
    "experiment": "exp4_panphon_fixed_24d",
    "params": 3988443,
    "n": 50000,
    "total_time_s": 414.52171279470804,
    "mean_lat_ms": 8.29043425589416,
    "p50_ms": 8.028074999604087,
    "p95_ms": 10.869800001021304,
    "p99_ms": 12.712224998469992,
    "throughput_wps": 120.62094326229543,
    "throughput_tps": 1137.093632133659,
    "throughput_cps_in": 1054.8301488287736,
    "throughput_cps_out": 1146.3814447648558,
    "tokens_per_word": 9.427,
    "chars_in_per_word": 8.745,
    "chars_out_per_word": 9.504,
    "ci95_lat_low_ms": 8.277447804565446,
    "ci95_lat_high_ms": 8.303420707222877,
    "ci95_wps_low": 120.43229354019512,
    "ci95_wps_high": 120.81018492782856,
    "stable_wps": 121.16465874035572,
    "stable_cv": 0.16356884986383183,
    "stable_window_start": 17900,
    "global_cv": 0.17870723828768786,
    "thermal_ratio": 1.0036226455115411,
    "mean_first_ms": 8.220224659914765,
    "mean_last_ms": 8.250003619882865,
    "loop_overhead_us": 0.10000010433941497,
    "status": "success",
    "device": "cuda",
    "batch_size": 4
  }
}
