{
  "artifact_type": "inference_benchmark",
  "generated_by": "python src/benchmark_inference.py",
  "base_name": "exp4_panphon_fixed_24d__20260219_195619",
  "experiment": "exp4_panphon_fixed_24d",
  "raw_csv_path": "C:/Users/leona/OneDrive/Documents/Projects/Acadêmicos/FG2P/results/exp4_panphon_fixed_24d/benchmark_exp4_panphon_fixed_24d__20260219_195619_cuda_raw_b16.csv",
  "benchmark_metadata": {
    "benchmark_date": "2026-03-15 04:42:32",
    "devices": [
      "cuda"
    ],
    "test_words": 1000,
    "warmup_runs": 20,
    "benchmark_runs": 50,
    "loop_overhead_us": 0.10000010433941497,
    "force": true,
    "selected_models": 19,
    "cpu_quantize": false,
    "cpu_threads": null,
    "batch_size": 16,
    "sweep_mode": true,
    "sweep_batch_sizes": [
      1,
      4,
      8,
      16,
      32,
      64,
      128,
      256,
      512
    ]
  },
  "result": {
    "model_index": 1,
    "base_name": "exp4_panphon_fixed_24d__20260219_195619",
    "experiment": "exp4_panphon_fixed_24d",
    "params": 3988443,
    "n": 50000,
    "total_time_s": 153.25416549507372,
    "mean_lat_ms": 3.0650833099014743,
    "p50_ms": 3.013349999239381,
    "p95_ms": 3.650343750198317,
    "p99_ms": 4.184993749479418,
    "throughput_wps": 326.2554060992699,
    "throughput_tps": 3075.609713297818,
    "throughput_cps_in": 2853.1035263381154,
    "throughput_cps_out": 3100.7313795674613,
    "tokens_per_word": 9.427,
    "chars_in_per_word": 8.745,
    "chars_out_per_word": 9.504,
    "ci95_lat_low_ms": 3.0618736991735487,
    "ci95_lat_high_ms": 3.0682929206294003,
    "ci95_wps_low": 325.91412419478826,
    "ci95_wps_high": 326.5974035016261,
    "stable_wps": 326.9890396789544,
    "stable_cv": 0.11587457608493593,
    "stable_window_start": 35752,
    "global_cv": 0.11946453870905271,
    "thermal_ratio": 0.9897204193897516,
    "mean_first_ms": 3.076081719909507,
    "mean_last_ms": 3.0444608899059857,
    "loop_overhead_us": 0.10000010433941497,
    "status": "success",
    "device": "cuda",
    "batch_size": 16
  }
}
