{
  "artifact_type": "inference_benchmark",
  "generated_by": "python src/benchmark_inference.py",
  "base_name": "exp4_panphon_fixed_24d__20260219_195619",
  "experiment": "exp4_panphon_fixed_24d",
  "raw_csv_path": "C:/Users/leona/OneDrive/Documents/Projects/Acadêmicos/FG2P/results/exp4_panphon_fixed_24d/benchmark_exp4_panphon_fixed_24d__20260219_195619_cpu_raw_b16.csv",
  "benchmark_metadata": {
    "benchmark_date": "2026-03-15 16:44:46",
    "devices": [
      "cpu"
    ],
    "test_words": 500,
    "warmup_runs": 20,
    "benchmark_runs": 200,
    "adaptive": true,
    "adaptive_min_runs": 10,
    "adaptive_max_runs": 80,
    "adaptive_cv_target": 0.03,
    "loop_overhead_us": 0.100000761449337,
    "force": true,
    "selected_models": 19,
    "cpu_quantize": false,
    "cpu_threads": null,
    "batch_size": 16,
    "sweep_mode": true,
    "sweep_batch_sizes": [
      1,
      4,
      8,
      16,
      32,
      64,
      128
    ]
  },
  "result": {
    "model_index": 1,
    "base_name": "exp4_panphon_fixed_24d__20260219_195619",
    "experiment": "exp4_panphon_fixed_24d",
    "params": 3988443,
    "n": 4896,
    "total_time_s": 13.784812996469554,
    "mean_lat_ms": 2.8155255303246642,
    "p50_ms": 2.739099999416794,
    "p95_ms": 3.4872999995059217,
    "p99_ms": 3.6202312494424405,
    "throughput_wps": 355.17347977472895,
    "throughput_tps": 3340.487826116568,
    "throughput_cps_in": 3113.2087182460155,
    "throughput_cps_out": 3371.173770141223,
    "tokens_per_word": 9.405228758169935,
    "chars_in_per_word": 8.76531862745098,
    "chars_out_per_word": 9.491625816993464,
    "ci95_lat_low_ms": 2.806253092277113,
    "ci95_lat_high_ms": 2.824797968372215,
    "ci95_wps_low": 354.00761795939985,
    "ci95_wps_high": 356.34704608505484,
    "stable_wps": 353.4040991999221,
    "stable_cv": 0.10976084522700932,
    "stable_window_start": 2093,
    "global_cv": 0.11757069996391757,
    "thermal_ratio": 1.0082195962303182,
    "mean_first_ms": 2.795794125872413,
    "mean_last_ms": 2.818774424730179,
    "loop_overhead_us": 0.100000761449337,
    "status": "success",
    "device": "cpu",
    "batch_size": 16,
    "adaptive": true,
    "runs_executed": 10,
    "max_runs": 80,
    "min_runs": 10,
    "cv_target": 0.03,
    "converged": true,
    "final_run_cv": 0.01614243776288499,
    "n_samples_raw": 5000,
    "n_samples_clean": 4896,
    "n_outliers_removed": 104
  }
}
