{
  "artifact_type": "inference_benchmark",
  "generated_by": "python src/benchmark_inference.py",
  "base_name": "exp0_legacy_simple__20260307_202622",
  "experiment": "exp0_legacy_simple",
  "raw_csv_path": "C:/Users/leona/OneDrive/Documents/Projects/Acadêmicos/FG2P/results/exp0_legacy_simple/benchmark_exp0_legacy_simple__20260307_202622_cuda_raw_b256.csv",
  "benchmark_metadata": {
    "benchmark_date": "2026-03-15 10:17:42",
    "devices": [
      "cuda"
    ],
    "test_words": 1000,
    "warmup_runs": 20,
    "benchmark_runs": 50,
    "loop_overhead_us": 0.10000010433941497,
    "force": true,
    "selected_models": 19,
    "cpu_quantize": false,
    "cpu_threads": null,
    "batch_size": 256,
    "sweep_mode": true,
    "sweep_batch_sizes": [
      1,
      4,
      8,
      16,
      32,
      64,
      128,
      256,
      512
    ]
  },
  "result": {
    "model_index": 11,
    "base_name": "exp0_legacy_simple__20260307_202622",
    "experiment": "exp0_legacy_simple",
    "params": 4321963,
    "n": 50000,
    "total_time_s": 53.70441789476627,
    "mean_lat_ms": 1.0740883578953255,
    "p50_ms": 1.0629351561169642,
    "p95_ms": 1.1675609373787665,
    "p99_ms": 1.3701507811310876,
    "throughput_wps": 931.0221013469493,
    "throughput_tps": 8775.814327296344,
    "throughput_cps_in": 8141.788276279071,
    "throughput_cps_out": 8847.503029100058,
    "tokens_per_word": 9.426,
    "chars_in_per_word": 8.745,
    "chars_out_per_word": 9.503,
    "ci95_lat_low_ms": 1.0733938772461,
    "ci95_lat_high_ms": 1.074782838544551,
    "ci95_wps_low": 930.4205129979368,
    "ci95_wps_high": 931.6244681454683,
    "stable_wps": 947.0937340585053,
    "stable_cv": 0.026420788038258536,
    "stable_window_start": 26768,
    "global_cv": 0.07376478327191766,
    "thermal_ratio": 0.9764029498900945,
    "mean_first_ms": 1.0910448498930236,
    "mean_last_ms": 1.0652994098979436,
    "loop_overhead_us": 0.10000010433941497,
    "status": "success",
    "device": "cuda",
    "batch_size": 256
  }
}
