{
  "artifact_type": "inference_benchmark",
  "generated_by": "python src/benchmark_inference.py",
  "base_name": "exp0_legacy_simple__20260307_202622",
  "experiment": "exp0_legacy_simple",
  "raw_csv_path": "C:/Users/leona/OneDrive/Documents/Projects/Acadêmicos/FG2P/results/exp0_legacy_simple/benchmark_exp0_legacy_simple__20260307_202622_cpu_raw.csv",
  "benchmark_metadata": {
    "benchmark_date": "2026-03-15 13:37:48",
    "devices": [
      "cpu"
    ],
    "test_words": 500,
    "warmup_runs": 20,
    "benchmark_runs": 200,
    "adaptive": true,
    "adaptive_min_runs": 10,
    "adaptive_max_runs": 80,
    "adaptive_cv_target": 0.03,
    "loop_overhead_us": 0.100000761449337,
    "force": true,
    "selected_models": 19,
    "cpu_quantize": false,
    "cpu_threads": null,
    "batch_size": 1,
    "sweep_mode": true,
    "sweep_batch_sizes": [
      1,
      4,
      8,
      16,
      32,
      64,
      128
    ]
  },
  "result": {
    "model_index": 11,
    "base_name": "exp0_legacy_simple__20260307_202622",
    "experiment": "exp0_legacy_simple",
    "params": 4321963,
    "n": 4882,
    "total_time_s": 88.67369629627501,
    "mean_lat_ms": 18.163395390470097,
    "p50_ms": 17.941500002052635,
    "p95_ms": 25.884600006975234,
    "p99_ms": 28.34879999863915,
    "throughput_wps": 55.05578546865066,
    "throughput_tps": 507.11768966699776,
    "throughput_cps_in": 472.0340049900268,
    "throughput_cps_out": 511.83160165509605,
    "tokens_per_word": 9.210979106923393,
    "chars_in_per_word": 8.573740270380991,
    "chars_out_per_word": 9.296599754199098,
    "ci95_lat_low_ms": 18.04566250081972,
    "ci95_lat_high_ms": 18.281128280120473,
    "ci95_wps_low": 54.70121891149543,
    "ci95_wps_high": 55.41497852764204,
    "stable_wps": 54.90125281462022,
    "stable_cv": 0.22941345517503414,
    "stable_window_start": 2750,
    "global_cv": 0.2310700097718399,
    "thermal_ratio": 1.000527630059762,
    "mean_first_ms": 18.155729712041232,
    "mean_last_ms": 18.16530922079422,
    "loop_overhead_us": 0.100000761449337,
    "status": "success",
    "device": "cpu",
    "batch_size": 1,
    "adaptive": true,
    "runs_executed": 10,
    "max_runs": 80,
    "min_runs": 10,
    "cv_target": 0.03,
    "converged": true,
    "final_run_cv": 0.003647061661081017,
    "n_samples_raw": 5000,
    "n_samples_clean": 4882,
    "n_outliers_removed": 118
  }
}
