{
  "artifact_type": "inference_benchmark",
  "generated_by": "python src/benchmark_inference.py",
  "base_name": "exp0_legacy_simple__20260307_202622",
  "experiment": "exp0_legacy_simple",
  "raw_csv_path": "C:/Users/leona/OneDrive/Documents/Projects/Acadêmicos/FG2P/results/exp0_legacy_simple/benchmark_exp0_legacy_simple__20260307_202622_cuda_raw_b64.csv",
  "benchmark_metadata": {
    "benchmark_date": "2026-03-15 08:01:10",
    "devices": [
      "cuda"
    ],
    "test_words": 1000,
    "warmup_runs": 20,
    "benchmark_runs": 50,
    "loop_overhead_us": 0.10000010433941497,
    "force": true,
    "selected_models": 19,
    "cpu_quantize": false,
    "cpu_threads": null,
    "batch_size": 64,
    "sweep_mode": true,
    "sweep_batch_sizes": [
      1,
      4,
      8,
      16,
      32,
      64,
      128,
      256,
      512
    ]
  },
  "result": {
    "model_index": 11,
    "base_name": "exp0_legacy_simple__20260307_202622",
    "experiment": "exp0_legacy_simple",
    "params": 4321963,
    "n": 50000,
    "total_time_s": 71.4679924946222,
    "mean_lat_ms": 1.4293598498924438,
    "p50_ms": 1.4008249999938016,
    "p95_ms": 1.6864649998046846,
    "p99_ms": 1.7836796873530147,
    "throughput_wps": 699.6138866467026,
    "throughput_tps": 6594.560495531819,
    "throughput_cps_in": 6118.1234387254135,
    "throughput_cps_out": 6648.430764803615,
    "tokens_per_word": 9.426,
    "chars_in_per_word": 8.745,
    "chars_out_per_word": 9.503,
    "ci95_lat_low_ms": 1.4283882101619316,
    "ci95_lat_high_ms": 1.430331489622956,
    "ci95_wps_low": 699.1386313277673,
    "ci95_wps_high": 700.0897885362925,
    "stable_wps": 707.0857580519713,
    "stable_cv": 0.06864801586340963,
    "stable_window_start": 21192,
    "global_cv": 0.07755193116367631,
    "thermal_ratio": 1.003728994377575,
    "mean_first_ms": 1.4273606899027982,
    "mean_last_ms": 1.4326833098902172,
    "loop_overhead_us": 0.10000010433941497,
    "status": "success",
    "device": "cuda",
    "batch_size": 64
  }
}
