{
  "artifact_type": "inference_benchmark",
  "generated_by": "python src/benchmark_inference.py",
  "base_name": "exp0_legacy_simple__20260307_202622",
  "experiment": "exp0_legacy_simple",
  "raw_csv_path": "C:/Users/leona/OneDrive/Documents/Projects/Acadêmicos/FG2P/results/exp0_legacy_simple/benchmark_exp0_legacy_simple__20260307_202622_cpu_raw_b32.csv",
  "benchmark_metadata": {
    "benchmark_date": "2026-03-15 17:04:56",
    "devices": [
      "cpu"
    ],
    "test_words": 500,
    "warmup_runs": 20,
    "benchmark_runs": 200,
    "adaptive": true,
    "adaptive_min_runs": 10,
    "adaptive_max_runs": 80,
    "adaptive_cv_target": 0.03,
    "loop_overhead_us": 0.100000761449337,
    "force": true,
    "selected_models": 19,
    "cpu_quantize": false,
    "cpu_threads": null,
    "batch_size": 32,
    "sweep_mode": true,
    "sweep_batch_sizes": [
      1,
      4,
      8,
      16,
      32,
      64,
      128
    ]
  },
  "result": {
    "model_index": 11,
    "base_name": "exp0_legacy_simple__20260307_202622",
    "experiment": "exp0_legacy_simple",
    "params": 4321963,
    "n": 4968,
    "total_time_s": 10.255674396306858,
    "mean_lat_ms": 2.0643466981293996,
    "p50_ms": 2.0337906244094484,
    "p95_ms": 2.4529624993192556,
    "p99_ms": 2.52498437430404,
    "throughput_wps": 484.4147549954406,
    "throughput_tps": 4550.163957701739,
    "throughput_cps_in": 4241.26179509595,
    "throughput_cps_out": 4591.60443090485,
    "tokens_per_word": 9.393115942028986,
    "chars_in_per_word": 8.755434782608695,
    "chars_out_per_word": 9.47866344605475,
    "ci95_lat_low_ms": 2.0587274706798167,
    "ci95_lat_high_ms": 2.0699659255789826,
    "ci95_wps_low": 483.0997397796747,
    "ci95_wps_high": 485.73694879088976,
    "stable_wps": 485.42999664946876,
    "stable_cv": 0.09409453032666941,
    "stable_window_start": 2135,
    "global_cv": 0.09788782900470001,
    "thermal_ratio": 0.998650060210074,
    "mean_first_ms": 2.0696575168676365,
    "mean_last_ms": 2.0668636038340975,
    "loop_overhead_us": 0.100000761449337,
    "status": "success",
    "device": "cpu",
    "batch_size": 32,
    "adaptive": true,
    "runs_executed": 10,
    "max_runs": 80,
    "min_runs": 10,
    "cv_target": 0.03,
    "converged": true,
    "final_run_cv": 0.004075853180482543,
    "n_samples_raw": 5000,
    "n_samples_clean": 4968,
    "n_outliers_removed": 32
  }
}
