{
  "artifact_type": "inference_benchmark",
  "generated_by": "python src/benchmark_inference.py",
  "base_name": "exp0_legacy_simple__20260310_030321",
  "experiment": "exp0_legacy_simple",
  "raw_csv_path": "C:/Users/leona/OneDrive/Documents/Projects/Acadêmicos/FG2P/results/exp0_legacy_simple/benchmark_exp0_legacy_simple__20260310_030321_cpu_raw_b128.csv",
  "benchmark_metadata": {
    "benchmark_date": "2026-03-15 17:32:27",
    "devices": [
      "cpu"
    ],
    "test_words": 500,
    "warmup_runs": 20,
    "benchmark_runs": 200,
    "adaptive": true,
    "adaptive_min_runs": 10,
    "adaptive_max_runs": 80,
    "adaptive_cv_target": 0.03,
    "loop_overhead_us": 0.100000761449337,
    "force": true,
    "selected_models": 19,
    "cpu_quantize": false,
    "cpu_threads": null,
    "batch_size": 128,
    "sweep_mode": true,
    "sweep_batch_sizes": [
      1,
      4,
      8,
      16,
      32,
      64,
      128
    ]
  },
  "result": {
    "model_index": 13,
    "base_name": "exp0_legacy_simple__20260310_030321",
    "experiment": "exp0_legacy_simple",
    "params": 4321963,
    "n": 5000,
    "total_time_s": 7.117397096197237,
    "mean_lat_ms": 1.4234794192394475,
    "p50_ms": 1.3950515617580095,
    "p95_ms": 1.6057460929914669,
    "p99_ms": 1.632478905435164,
    "throughput_wps": 702.5040098818508,
    "throughput_tps": 6596.512652790579,
    "throughput_cps_in": 6153.935126565013,
    "throughput_cps_out": 6656.927997640418,
    "tokens_per_word": 9.39,
    "chars_in_per_word": 8.76,
    "chars_out_per_word": 9.476,
    "ci95_lat_low_ms": 1.4209268377979012,
    "ci95_lat_high_ms": 1.4260320006809937,
    "ci95_wps_low": 701.2465355072366,
    "ci95_wps_high": 703.7660021607884,
    "stable_wps": 703.0701389340226,
    "stable_cv": 0.05743596290690753,
    "stable_window_start": 2500,
    "global_cv": 0.06469300813967904,
    "thermal_ratio": 1.0004793818027542,
    "mean_first_ms": 1.4193279992323369,
    "mean_last_ms": 1.4200083992473083,
    "loop_overhead_us": 0.100000761449337,
    "status": "success",
    "device": "cpu",
    "batch_size": 128,
    "adaptive": true,
    "runs_executed": 10,
    "max_runs": 80,
    "min_runs": 10,
    "cv_target": 0.03,
    "converged": true,
    "final_run_cv": 0.009833886987013568,
    "n_samples_raw": 5000,
    "n_samples_clean": 5000,
    "n_outliers_removed": 0
  }
}
