{
  "artifact_type": "inference_benchmark",
  "generated_by": "python src/benchmark_inference.py",
  "base_name": "exp0_legacy_simple__20260310_030321",
  "experiment": "exp0_legacy_simple",
  "raw_csv_path": "C:/Users/leona/OneDrive/Documents/Projects/Acadêmicos/FG2P/results/exp0_legacy_simple/benchmark_exp0_legacy_simple__20260310_030321_cuda_raw_b64.csv",
  "benchmark_metadata": {
    "benchmark_date": "2026-03-15 08:01:10",
    "devices": [
      "cuda"
    ],
    "test_words": 1000,
    "warmup_runs": 20,
    "benchmark_runs": 50,
    "loop_overhead_us": 0.10000010433941497,
    "force": true,
    "selected_models": 19,
    "cpu_quantize": false,
    "cpu_threads": null,
    "batch_size": 64,
    "sweep_mode": true,
    "sweep_batch_sizes": [
      1,
      4,
      8,
      16,
      32,
      64,
      128,
      256,
      512
    ]
  },
  "result": {
    "model_index": 13,
    "base_name": "exp0_legacy_simple__20260310_030321",
    "experiment": "exp0_legacy_simple",
    "params": 4321963,
    "n": 50000,
    "total_time_s": 71.6598923950196,
    "mean_lat_ms": 1.433197847900392,
    "p50_ms": 1.4054203124692322,
    "p95_ms": 1.6953674999263058,
    "p99_ms": 1.8232500001636254,
    "throughput_wps": 697.7403723184356,
    "throughput_tps": 6574.807528356618,
    "throughput_cps_in": 6101.739555924719,
    "throughput_cps_out": 6628.533537025138,
    "tokens_per_word": 9.423,
    "chars_in_per_word": 8.745,
    "chars_out_per_word": 9.5,
    "ci95_lat_low_ms": 1.4322237584643542,
    "ci95_lat_high_ms": 1.4341719373364297,
    "ci95_wps_low": 697.2664671275177,
    "ci95_wps_high": 698.2149221377326,
    "stable_wps": 700.3430497835183,
    "stable_cv": 0.07025475807768652,
    "stable_window_start": 1448,
    "global_cv": 0.07753925374073278,
    "thermal_ratio": 0.9994601743898187,
    "mean_first_ms": 1.4340186599068148,
    "mean_last_ms": 1.4332445399087193,
    "loop_overhead_us": 0.10000010433941497,
    "status": "success",
    "device": "cuda",
    "batch_size": 64
  }
}
