{
  "artifact_type": "inference_benchmark",
  "generated_by": "python src/benchmark_inference.py",
  "base_name": "exp0_legacy_simple__20260307_202622",
  "experiment": "exp0_legacy_simple",
  "raw_csv_path": "C:/Users/leona/OneDrive/Documents/Projects/Acadêmicos/FG2P/results/exp0_legacy_simple/benchmark_exp0_legacy_simple__20260307_202622_cuda_raw_b4.csv",
  "benchmark_metadata": {
    "benchmark_date": "2026-03-14 21:57:11",
    "devices": [
      "cuda"
    ],
    "test_words": 1000,
    "warmup_runs": 20,
    "benchmark_runs": 50,
    "loop_overhead_us": 0.10000010433941497,
    "force": true,
    "selected_models": 19,
    "cpu_quantize": false,
    "cpu_threads": null,
    "batch_size": 4,
    "sweep_mode": true,
    "sweep_batch_sizes": [
      1,
      4,
      8,
      16,
      32,
      64,
      128,
      256,
      512
    ]
  },
  "result": {
    "model_index": 11,
    "base_name": "exp0_legacy_simple__20260307_202622",
    "experiment": "exp0_legacy_simple",
    "params": 4321963,
    "n": 50000,
    "total_time_s": 471.38230579528044,
    "mean_lat_ms": 9.42764611590561,
    "p50_ms": 9.240774998690995,
    "p95_ms": 12.412900000274476,
    "p99_ms": 14.074049999837825,
    "throughput_wps": 106.07101578758625,
    "throughput_tps": 999.825394813788,
    "throughput_cps_in": 927.5910330624417,
    "throughput_cps_out": 1007.9928630294321,
    "tokens_per_word": 9.426,
    "chars_in_per_word": 8.745,
    "chars_out_per_word": 9.503,
    "ci95_lat_low_ms": 9.412765957523783,
    "ci95_lat_high_ms": 9.442526274287436,
    "ci95_wps_low": 105.90386205469821,
    "ci95_wps_high": 106.23869800998114,
    "stable_wps": 106.15008667655391,
    "stable_cv": 0.16310597884118638,
    "stable_window_start": 24768,
    "global_cv": 0.1800666199623454,
    "thermal_ratio": 1.016001124198127,
    "mean_first_ms": 9.409583229960935,
    "mean_last_ms": 9.560147139876154,
    "loop_overhead_us": 0.10000010433941497,
    "status": "success",
    "device": "cuda",
    "batch_size": 4
  }
}
