{
  "artifact_type": "inference_benchmark",
  "generated_by": "python src/benchmark_inference.py",
  "base_name": "exp0_legacy_simple__20260310_030321",
  "experiment": "exp0_legacy_simple",
  "raw_csv_path": "C:/Users/leona/OneDrive/Documents/Projects/Acadêmicos/FG2P/results/exp0_legacy_simple/benchmark_exp0_legacy_simple__20260310_030321_cuda_raw.csv",
  "benchmark_metadata": {
    "benchmark_date": "2026-03-14 11:37:52",
    "devices": [
      "cuda"
    ],
    "test_words": 1000,
    "warmup_runs": 20,
    "benchmark_runs": 50,
    "loop_overhead_us": 0.10000010433941497,
    "force": true,
    "selected_models": 19,
    "cpu_quantize": false,
    "cpu_threads": null,
    "batch_size": 1,
    "sweep_mode": true,
    "sweep_batch_sizes": [
      1,
      4,
      8,
      16,
      32,
      64,
      128,
      256,
      512
    ]
  },
  "result": {
    "model_index": 13,
    "base_name": "exp0_legacy_simple__20260310_030321",
    "experiment": "exp0_legacy_simple",
    "params": 4321963,
    "n": 50000,
    "total_time_s": 1225.0095586947182,
    "mean_lat_ms": 24.500191173894365,
    "p50_ms": 23.816400004509433,
    "p95_ms": 35.88640000154783,
    "p99_ms": 43.98540000031289,
    "throughput_wps": 40.8160080426445,
    "throughput_tps": 384.60924378583906,
    "throughput_cps_in": 356.9359903329261,
    "throughput_cps_out": 387.7520764051227,
    "tokens_per_word": 9.423,
    "chars_in_per_word": 8.745,
    "chars_out_per_word": 9.5,
    "ci95_lat_low_ms": 24.4431517562148,
    "ci95_lat_high_ms": 24.55723059157393,
    "ci95_wps_low": 40.721204138675134,
    "ci95_wps_high": 40.91125440669675,
    "stable_wps": 41.523732446596455,
    "stable_cv": 0.2431532549106582,
    "stable_window_start": 7856,
    "global_cv": 0.2656039569101864,
    "thermal_ratio": 1.0070802846502018,
    "mean_first_ms": 24.381354499911048,
    "mean_last_ms": 24.553981429927898,
    "loop_overhead_us": 0.10000010433941497,
    "status": "success",
    "device": "cuda",
    "batch_size": 1
  }
}
