{
  "artifact_type": "inference_benchmark",
  "generated_by": "python src/benchmark_inference.py",
  "base_name": "exp0_legacy_simple__20260307_202622",
  "experiment": "exp0_legacy_simple",
  "raw_csv_path": "C:/Users/leona/OneDrive/Documents/Projects/Acadêmicos/FG2P/results/exp0_legacy_simple/benchmark_exp0_legacy_simple__20260307_202622_cuda_raw_b512.csv",
  "benchmark_metadata": {
    "benchmark_date": "2026-03-15 11:19:26",
    "devices": [
      "cuda"
    ],
    "test_words": 1000,
    "warmup_runs": 20,
    "benchmark_runs": 50,
    "loop_overhead_us": 0.10000010433941497,
    "force": true,
    "selected_models": 19,
    "cpu_quantize": false,
    "cpu_threads": null,
    "batch_size": 512,
    "sweep_mode": true,
    "sweep_batch_sizes": [
      1,
      4,
      8,
      16,
      32,
      64,
      128,
      256,
      512
    ]
  },
  "result": {
    "model_index": 11,
    "base_name": "exp0_legacy_simple__20260307_202622",
    "experiment": "exp0_legacy_simple",
    "params": 4321963,
    "n": 50000,
    "total_time_s": 34.74013389479387,
    "mean_lat_ms": 0.6948026778958775,
    "p50_ms": 0.6678579916978915,
    "p95_ms": 0.9085653687265087,
    "p99_ms": 0.9595546873731564,
    "throughput_wps": 1439.257550112464,
    "throughput_tps": 13566.441667360086,
    "throughput_cps_in": 12586.307275733498,
    "throughput_cps_out": 13677.264498718745,
    "tokens_per_word": 9.426,
    "chars_in_per_word": 8.745,
    "chars_out_per_word": 9.503,
    "ci95_lat_low_ms": 0.6939998313917898,
    "ci95_lat_high_ms": 0.6956055243999651,
    "ci95_wps_low": 1437.5964033100627,
    "ci95_wps_high": 1440.9225402757502,
    "stable_wps": 1500.3988212498518,
    "stable_cv": 0.05570450126384792,
    "stable_window_start": 40000,
    "global_cv": 0.13182566408306726,
    "thermal_ratio": 0.9641710819131062,
    "mean_first_ms": 0.6912564298975666,
    "mean_last_ms": 0.6664894598937281,
    "loop_overhead_us": 0.10000010433941497,
    "status": "success",
    "device": "cuda",
    "batch_size": 512
  }
}
