{
  "artifact_type": "inference_benchmark",
  "generated_by": "python src/benchmark_inference.py",
  "base_name": "exp0_legacy_simple__20260310_030321",
  "experiment": "exp0_legacy_simple",
  "raw_csv_path": "C:/Users/leona/OneDrive/Documents/Projects/Acadêmicos/FG2P/results/exp0_legacy_simple/benchmark_exp0_legacy_simple__20260310_030321_cuda_raw_b8.csv",
  "benchmark_metadata": {
    "benchmark_date": "2026-03-15 02:00:06",
    "devices": [
      "cuda"
    ],
    "test_words": 1000,
    "warmup_runs": 20,
    "benchmark_runs": 50,
    "loop_overhead_us": 0.10000010433941497,
    "force": true,
    "selected_models": 19,
    "cpu_quantize": false,
    "cpu_threads": null,
    "batch_size": 8,
    "sweep_mode": true,
    "sweep_batch_sizes": [
      1,
      4,
      8,
      16,
      32,
      64,
      128,
      256,
      512
    ]
  },
  "result": {
    "model_index": 13,
    "base_name": "exp0_legacy_simple__20260310_030321",
    "experiment": "exp0_legacy_simple",
    "params": 4321963,
    "n": 50000,
    "total_time_s": 262.32858769487666,
    "mean_lat_ms": 5.246571753897533,
    "p50_ms": 5.202824999944369,
    "p95_ms": 6.4666874993440615,
    "p99_ms": 7.054687500133241,
    "throughput_wps": 190.6006525608132,
    "throughput_tps": 1796.0299490805426,
    "throughput_cps_in": 1666.8027066443112,
    "throughput_cps_out": 1810.7061993277252,
    "tokens_per_word": 9.423,
    "chars_in_per_word": 8.745,
    "chars_out_per_word": 9.5,
    "ci95_lat_low_ms": 5.240363376727901,
    "ci95_lat_high_ms": 5.252780131067166,
    "ci95_wps_low": 190.3753774283406,
    "ci95_wps_high": 190.82646147038815,
    "stable_wps": 190.19370898776307,
    "stable_cv": 0.13038487361410198,
    "stable_window_start": 30568,
    "global_cv": 0.13499926599728795,
    "thermal_ratio": 1.0044630208247527,
    "mean_first_ms": 5.236988789878614,
    "mean_last_ms": 5.2603615799068395,
    "loop_overhead_us": 0.10000010433941497,
    "status": "success",
    "device": "cuda",
    "batch_size": 8
  }
}
