{
  "artifact_type": "inference_benchmark",
  "generated_by": "python src/benchmark_inference.py",
  "base_name": "exp0_legacy_simple__20260310_030321",
  "experiment": "exp0_legacy_simple",
  "raw_csv_path": "C:/Users/leona/OneDrive/Documents/Projects/Acadêmicos/FG2P/results/exp0_legacy_simple/benchmark_exp0_legacy_simple__20260310_030321_cuda_raw_b32.csv",
  "benchmark_metadata": {
    "benchmark_date": "2026-03-15 06:34:55",
    "devices": [
      "cuda"
    ],
    "test_words": 1000,
    "warmup_runs": 20,
    "benchmark_runs": 50,
    "loop_overhead_us": 0.10000010433941497,
    "force": true,
    "selected_models": 19,
    "cpu_quantize": false,
    "cpu_threads": null,
    "batch_size": 32,
    "sweep_mode": true,
    "sweep_batch_sizes": [
      1,
      4,
      8,
      16,
      32,
      64,
      128,
      256,
      512
    ]
  },
  "result": {
    "model_index": 13,
    "base_name": "exp0_legacy_simple__20260310_030321",
    "experiment": "exp0_legacy_simple",
    "params": 4321963,
    "n": 50000,
    "total_time_s": 104.84137429480052,
    "mean_lat_ms": 2.0968274858960103,
    "p50_ms": 2.043265624909054,
    "p95_ms": 2.3830281249706786,
    "p99_ms": 2.9423343746407227,
    "throughput_wps": 476.91095558711777,
    "throughput_tps": 4493.931934497411,
    "throughput_cps_in": 4170.586306609345,
    "throughput_cps_out": 4530.654078077619,
    "tokens_per_word": 9.423,
    "chars_in_per_word": 8.745,
    "chars_out_per_word": 9.5,
    "ci95_lat_low_ms": 2.094091847825039,
    "ci95_lat_high_ms": 2.099563123966982,
    "ci95_wps_low": 476.28956166393704,
    "ci95_wps_high": 477.53397303877466,
    "stable_wps": 480.64153496671213,
    "stable_cv": 0.14255371493549013,
    "stable_window_start": 25992,
    "global_cv": 0.14884178475928092,
    "thermal_ratio": 0.9661198157635728,
    "mean_first_ms": 2.1495145798858175,
    "mean_last_ms": 2.0766886299003997,
    "loop_overhead_us": 0.10000010433941497,
    "status": "success",
    "device": "cuda",
    "batch_size": 32
  }
}
