{
  "artifact_type": "inference_benchmark",
  "generated_by": "python src/benchmark_inference.py",
  "base_name": "exp0_legacy_simple__20260307_202622",
  "experiment": "exp0_legacy_simple",
  "raw_csv_path": "C:/Users/leona/OneDrive/Documents/Projects/Acadêmicos/FG2P/results/exp0_legacy_simple/benchmark_exp0_legacy_simple__20260307_202622_cpu_raw_b64.csv",
  "benchmark_metadata": {
    "benchmark_date": "2026-03-15 17:19:58",
    "devices": [
      "cpu"
    ],
    "test_words": 500,
    "warmup_runs": 20,
    "benchmark_runs": 200,
    "adaptive": true,
    "adaptive_min_runs": 10,
    "adaptive_max_runs": 80,
    "adaptive_cv_target": 0.03,
    "loop_overhead_us": 0.100000761449337,
    "force": true,
    "selected_models": 19,
    "cpu_quantize": false,
    "cpu_threads": null,
    "batch_size": 64,
    "sweep_mode": true,
    "sweep_batch_sizes": [
      1,
      4,
      8,
      16,
      32,
      64,
      128
    ]
  },
  "result": {
    "model_index": 11,
    "base_name": "exp0_legacy_simple__20260307_202622",
    "experiment": "exp0_legacy_simple",
    "params": 4321963,
    "n": 4360,
    "total_time_s": 6.948228396708146,
    "mean_lat_ms": 1.5936303662174645,
    "p50_ms": 1.5899968743724457,
    "p95_ms": 1.6859390618719772,
    "p99_ms": 1.7342046867270255,
    "throughput_wps": 627.4980831179402,
    "throughput_tps": 5882.074921337205,
    "throughput_cps_in": 5489.169011495009,
    "throughput_cps_out": 5933.886689668044,
    "tokens_per_word": 9.373853211009175,
    "chars_in_per_word": 8.747706422018348,
    "chars_out_per_word": 9.456422018348624,
    "ci95_lat_low_ms": 1.5919091283937261,
    "ci95_lat_high_ms": 1.595351604041203,
    "ci95_wps_low": 626.8210703313857,
    "ci95_wps_high": 628.1765599328045,
    "stable_wps": 632.0496736116476,
    "stable_cv": 0.030631378292711543,
    "stable_window_start": 3488,
    "global_cv": 0.03638651464127317,
    "thermal_ratio": 0.9960406392816316,
    "mean_first_ms": 1.588443347869426,
    "mean_last_ms": 1.582154127674518,
    "loop_overhead_us": 0.100000761449337,
    "status": "success",
    "device": "cpu",
    "batch_size": 64,
    "adaptive": true,
    "runs_executed": 10,
    "max_runs": 80,
    "min_runs": 10,
    "cv_target": 0.03,
    "converged": true,
    "final_run_cv": 0.00917919256101668,
    "n_samples_raw": 5000,
    "n_samples_clean": 4360,
    "n_outliers_removed": 640
  }
}
