{
  "artifact_type": "inference_benchmark",
  "generated_by": "python src/benchmark_inference.py",
  "base_name": "exp0_legacy_simple__20260307_202622",
  "experiment": "exp0_legacy_simple",
  "raw_csv_path": "C:/Users/leona/OneDrive/Documents/Projects/Acadêmicos/FG2P/results/exp0_legacy_simple/benchmark_exp0_legacy_simple__20260307_202622_cuda_raw_b8.csv",
  "benchmark_metadata": {
    "benchmark_date": "2026-03-15 02:00:06",
    "devices": [
      "cuda"
    ],
    "test_words": 1000,
    "warmup_runs": 20,
    "benchmark_runs": 50,
    "loop_overhead_us": 0.10000010433941497,
    "force": true,
    "selected_models": 19,
    "cpu_quantize": false,
    "cpu_threads": null,
    "batch_size": 8,
    "sweep_mode": true,
    "sweep_batch_sizes": [
      1,
      4,
      8,
      16,
      32,
      64,
      128,
      256,
      512
    ]
  },
  "result": {
    "model_index": 11,
    "base_name": "exp0_legacy_simple__20260307_202622",
    "experiment": "exp0_legacy_simple",
    "params": 4321963,
    "n": 50000,
    "total_time_s": 260.49322369419406,
    "mean_lat_ms": 5.209864473883881,
    "p50_ms": 5.162637499527136,
    "p95_ms": 6.4867249991243625,
    "p99_ms": 7.092187500095406,
    "throughput_wps": 191.94357262320761,
    "throughput_tps": 1809.2601155463549,
    "throughput_cps_in": 1678.5465425899504,
    "throughput_cps_out": 1824.039770638342,
    "tokens_per_word": 9.426,
    "chars_in_per_word": 8.745,
    "chars_out_per_word": 9.503,
    "ci95_lat_low_ms": 5.203607882114675,
    "ci95_lat_high_ms": 5.216121065653086,
    "ci95_wps_low": 191.71334166010095,
    "ci95_wps_high": 192.17435722570502,
    "stable_wps": 188.1899400804277,
    "stable_cv": 0.1320564966602427,
    "stable_window_start": 17560,
    "global_cv": 0.13700623246789662,
    "thermal_ratio": 0.9961183633221621,
    "mean_first_ms": 5.170782749870796,
    "mean_last_ms": 5.150711649895765,
    "loop_overhead_us": 0.10000010433941497,
    "status": "success",
    "device": "cuda",
    "batch_size": 8
  }
}
