{
  "artifact_type": "inference_benchmark",
  "generated_by": "python src/benchmark_inference.py",
  "base_name": "exp0_legacy_simple__20260307_202622",
  "experiment": "exp0_legacy_simple",
  "raw_csv_path": "C:/Users/leona/OneDrive/Documents/Projects/Acadêmicos/FG2P/results/exp0_legacy_simple/benchmark_exp0_legacy_simple__20260307_202622_cpu_raw_b128.csv",
  "benchmark_metadata": {
    "benchmark_date": "2026-03-15 17:32:27",
    "devices": [
      "cpu"
    ],
    "test_words": 500,
    "warmup_runs": 20,
    "benchmark_runs": 200,
    "adaptive": true,
    "adaptive_min_runs": 10,
    "adaptive_max_runs": 80,
    "adaptive_cv_target": 0.03,
    "loop_overhead_us": 0.100000761449337,
    "force": true,
    "selected_models": 19,
    "cpu_quantize": false,
    "cpu_threads": null,
    "batch_size": 128,
    "sweep_mode": true,
    "sweep_batch_sizes": [
      1,
      4,
      8,
      16,
      32,
      64,
      128
    ]
  },
  "result": {
    "model_index": 11,
    "base_name": "exp0_legacy_simple__20260307_202622",
    "experiment": "exp0_legacy_simple",
    "params": 4321963,
    "n": 5000,
    "total_time_s": 7.065640396234812,
    "mean_lat_ms": 1.4131280792469625,
    "p50_ms": 1.393139843003155,
    "p95_ms": 1.5666203117916666,
    "p99_ms": 1.568945311760217,
    "throughput_wps": 707.6499396522408,
    "throughput_tps": 6649.078832972455,
    "throughput_cps_in": 6199.01347135363,
    "throughput_cps_out": 6709.936727782548,
    "tokens_per_word": 9.396,
    "chars_in_per_word": 8.76,
    "chars_out_per_word": 9.482,
    "ci95_lat_low_ms": 1.4107498243065926,
    "ci95_lat_high_ms": 1.4155063341873324,
    "ci95_wps_low": 706.4609856190561,
    "ci95_wps_high": 708.8429023845648,
    "stable_wps": 698.1025019368215,
    "stable_cv": 0.05321217146168971,
    "stable_window_start": 756,
    "global_cv": 0.060716371888768904,
    "thermal_ratio": 1.0039328657202364,
    "mean_first_ms": 1.4119220992433839,
    "mean_last_ms": 1.4174749992671423,
    "loop_overhead_us": 0.100000761449337,
    "status": "success",
    "device": "cpu",
    "batch_size": 128,
    "adaptive": true,
    "runs_executed": 10,
    "max_runs": 80,
    "min_runs": 10,
    "cv_target": 0.03,
    "converged": true,
    "final_run_cv": 0.00660838973791142,
    "n_samples_raw": 5000,
    "n_samples_clean": 5000,
    "n_outliers_removed": 0
  }
}
