{
  "artifact_type": "inference_benchmark",
  "generated_by": "python src/benchmark_inference.py",
  "base_name": "exp0_legacy_simple__20260310_030321",
  "experiment": "exp0_legacy_simple",
  "raw_csv_path": "C:/Users/leona/OneDrive/Documents/Projects/Acadêmicos/FG2P/results/exp0_legacy_simple/benchmark_exp0_legacy_simple__20260310_030321_cuda_raw_b512.csv",
  "benchmark_metadata": {
    "benchmark_date": "2026-03-15 11:19:26",
    "devices": [
      "cuda"
    ],
    "test_words": 1000,
    "warmup_runs": 20,
    "benchmark_runs": 50,
    "loop_overhead_us": 0.10000010433941497,
    "force": true,
    "selected_models": 19,
    "cpu_quantize": false,
    "cpu_threads": null,
    "batch_size": 512,
    "sweep_mode": true,
    "sweep_batch_sizes": [
      1,
      4,
      8,
      16,
      32,
      64,
      128,
      256,
      512
    ]
  },
  "result": {
    "model_index": 13,
    "base_name": "exp0_legacy_simple__20260310_030321",
    "experiment": "exp0_legacy_simple",
    "params": 4321963,
    "n": 50000,
    "total_time_s": 34.73328479479551,
    "mean_lat_ms": 0.6946656958959101,
    "p50_ms": 0.672965983511314,
    "p95_ms": 0.9096154295809811,
    "p99_ms": 0.9280966795904533,
    "throughput_wps": 1439.5413591141855,
    "throughput_tps": 13564.79822693297,
    "throughput_cps_in": 12588.789185453552,
    "throughput_cps_out": 13675.642911584762,
    "tokens_per_word": 9.423,
    "chars_in_per_word": 8.745,
    "chars_out_per_word": 9.5,
    "ci95_lat_low_ms": 0.6938760247638119,
    "ci95_lat_high_ms": 0.6954553670280084,
    "ci95_wps_low": 1437.9067980644782,
    "ci95_wps_high": 1441.1796406143148,
    "stable_wps": 1481.515128555453,
    "stable_cv": 0.05723475629816431,
    "stable_window_start": 17000,
    "global_cv": 0.12968786469497406,
    "thermal_ratio": 1.027679924762214,
    "mean_first_ms": 0.685271009896769,
    "mean_last_ms": 0.7042392598924381,
    "loop_overhead_us": 0.10000010433941497,
    "status": "success",
    "device": "cuda",
    "batch_size": 512
  }
}
