{
  "artifact_type": "inference_benchmark",
  "generated_by": "python src/benchmark_inference.py",
  "base_name": "exp0_legacy_simple__20260310_030321",
  "experiment": "exp0_legacy_simple",
  "raw_csv_path": "C:/Users/leona/OneDrive/Documents/Projects/Acadêmicos/FG2P/results/exp0_legacy_simple/benchmark_exp0_legacy_simple__20260310_030321_cpu_raw_b4.csv",
  "benchmark_metadata": {
    "benchmark_date": "2026-03-15 15:32:05",
    "devices": [
      "cpu"
    ],
    "test_words": 500,
    "warmup_runs": 20,
    "benchmark_runs": 200,
    "adaptive": true,
    "adaptive_min_runs": 10,
    "adaptive_max_runs": 80,
    "adaptive_cv_target": 0.03,
    "loop_overhead_us": 0.100000761449337,
    "force": true,
    "selected_models": 19,
    "cpu_quantize": false,
    "cpu_threads": null,
    "batch_size": 4,
    "sweep_mode": true,
    "sweep_batch_sizes": [
      1,
      4,
      8,
      16,
      32,
      64,
      128
    ]
  },
  "result": {
    "model_index": 13,
    "base_name": "exp0_legacy_simple__20260310_030321",
    "experiment": "exp0_legacy_simple",
    "params": 4321963,
    "n": 4912,
    "total_time_s": 33.818673896297696,
    "mean_lat_ms": 6.8849091808423655,
    "p50_ms": 6.69479999851319,
    "p95_ms": 8.987899997009663,
    "p99_ms": 9.784249999938766,
    "throughput_wps": 145.2451984090879,
    "throughput_tps": 1357.8592744592274,
    "throughput_cps_in": 1267.2584422268485,
    "throughput_cps_out": 1370.5445737502491,
    "tokens_per_word": 9.348737785016286,
    "chars_in_per_word": 8.724959283387623,
    "chars_out_per_word": 9.436074918566776,
    "ci95_lat_low_ms": 6.852509583231383,
    "ci95_lat_high_ms": 6.917308778453347,
    "ci95_wps_low": 144.56489250774658,
    "ci95_wps_high": 145.93193746814697,
    "stable_wps": 145.55559840929664,
    "stable_cv": 0.16523534408624624,
    "stable_window_start": 3874,
    "global_cv": 0.1682730274684967,
    "thermal_ratio": 0.9962827808960131,
    "mean_first_ms": 6.899895060422418,
    "mean_last_ms": 6.874246638688311,
    "loop_overhead_us": 0.100000761449337,
    "status": "success",
    "device": "cpu",
    "batch_size": 4,
    "adaptive": true,
    "runs_executed": 10,
    "max_runs": 80,
    "min_runs": 10,
    "cv_target": 0.03,
    "converged": true,
    "final_run_cv": 0.005543284048043265,
    "n_samples_raw": 5000,
    "n_samples_clean": 4912,
    "n_outliers_removed": 88
  }
}
