{
  "artifact_type": "inference_benchmark",
  "generated_by": "python src/benchmark_inference.py",
  "base_name": "exp0_legacy_simple__20260310_030321",
  "experiment": "exp0_legacy_simple",
  "raw_csv_path": "C:/Users/leona/OneDrive/Documents/Projects/Acadêmicos/FG2P/results/exp0_legacy_simple/benchmark_exp0_legacy_simple__20260310_030321_cpu_raw_b16.csv",
  "benchmark_metadata": {
    "benchmark_date": "2026-03-15 16:44:46",
    "devices": [
      "cpu"
    ],
    "test_words": 500,
    "warmup_runs": 20,
    "benchmark_runs": 200,
    "adaptive": true,
    "adaptive_min_runs": 10,
    "adaptive_max_runs": 80,
    "adaptive_cv_target": 0.03,
    "loop_overhead_us": 0.100000761449337,
    "force": true,
    "selected_models": 19,
    "cpu_quantize": false,
    "cpu_threads": null,
    "batch_size": 16,
    "sweep_mode": true,
    "sweep_batch_sizes": [
      1,
      4,
      8,
      16,
      32,
      64,
      128
    ]
  },
  "result": {
    "model_index": 13,
    "base_name": "exp0_legacy_simple__20260310_030321",
    "experiment": "exp0_legacy_simple",
    "params": 4321963,
    "n": 4944,
    "total_time_s": 14.40303139622847,
    "mean_lat_ms": 2.9132345057096423,
    "p50_ms": 2.8045374992871075,
    "p95_ms": 3.6296062489782344,
    "p99_ms": 3.75207499928365,
    "throughput_wps": 343.26107220002444,
    "throughput_tps": 3226.5429909545987,
    "throughput_cps_in": 3009.297057517326,
    "throughput_cps_out": 3256.189527732392,
    "tokens_per_word": 9.39967637540453,
    "chars_in_per_word": 8.766788025889968,
    "chars_out_per_word": 9.486043689320388,
    "ci95_lat_low_ms": 2.9033869798488143,
    "ci95_lat_high_ms": 2.92308203157047,
    "ci95_wps_low": 342.1046652812322,
    "ci95_wps_high": 344.42532357573367,
    "stable_wps": 344.08897850363576,
    "stable_cv": 0.11702232509440623,
    "stable_window_start": 772,
    "global_cv": 0.12126482500409341,
    "thermal_ratio": 0.997671908694962,
    "mean_first_ms": 2.9104787695010037,
    "mean_last_ms": 2.903702909184231,
    "loop_overhead_us": 0.100000761449337,
    "status": "success",
    "device": "cpu",
    "batch_size": 16,
    "adaptive": true,
    "runs_executed": 10,
    "max_runs": 80,
    "min_runs": 10,
    "cv_target": 0.03,
    "converged": true,
    "final_run_cv": 0.00813504052113848,
    "n_samples_raw": 5000,
    "n_samples_clean": 4944,
    "n_outliers_removed": 56
  }
}
