{
  "artifact_type": "inference_benchmark",
  "generated_by": "python src/benchmark_inference.py",
  "base_name": "exp0_legacy_simple__20260310_030321",
  "experiment": "exp0_legacy_simple",
  "raw_csv_path": "C:/Users/leona/OneDrive/Documents/Projects/Acadêmicos/FG2P/results/exp0_legacy_simple/benchmark_exp0_legacy_simple__20260310_030321_cpu_raw.csv",
  "benchmark_metadata": {
    "benchmark_date": "2026-03-15 13:37:48",
    "devices": [
      "cpu"
    ],
    "test_words": 500,
    "warmup_runs": 20,
    "benchmark_runs": 200,
    "adaptive": true,
    "adaptive_min_runs": 10,
    "adaptive_max_runs": 80,
    "adaptive_cv_target": 0.03,
    "loop_overhead_us": 0.100000761449337,
    "force": true,
    "selected_models": 19,
    "cpu_quantize": false,
    "cpu_threads": null,
    "batch_size": 1,
    "sweep_mode": true,
    "sweep_batch_sizes": [
      1,
      4,
      8,
      16,
      32,
      64,
      128
    ]
  },
  "result": {
    "model_index": 13,
    "base_name": "exp0_legacy_simple__20260310_030321",
    "experiment": "exp0_legacy_simple",
    "params": 4321963,
    "n": 4885,
    "total_time_s": 89.07675429579103,
    "mean_lat_ms": 18.23475011172795,
    "p50_ms": 17.968600004678592,
    "p95_ms": 25.94590000808239,
    "p99_ms": 28.519200001028366,
    "throughput_wps": 54.84034570656579,
    "throughput_tps": 504.9128737970324,
    "throughput_cps_in": 470.34717790542214,
    "throughput_cps_out": 509.6279086377197,
    "tokens_per_word": 9.206960081883317,
    "chars_in_per_word": 8.576663254861822,
    "chars_out_per_word": 9.292937563971341,
    "ci95_lat_low_ms": 18.1168084628209,
    "ci95_lat_high_ms": 18.352691760635004,
    "ci95_wps_low": 54.487919976126705,
    "ci95_wps_high": 55.19736006770664,
    "stable_wps": 54.86659479781389,
    "stable_cv": 0.22890220207846104,
    "stable_window_start": 3230,
    "global_cv": 0.2306447596843798,
    "thermal_ratio": 1.0029948890768554,
    "mean_first_ms": 18.217115454290425,
    "mean_last_ms": 18.271673694376293,
    "loop_overhead_us": 0.100000761449337,
    "status": "success",
    "device": "cpu",
    "batch_size": 1,
    "adaptive": true,
    "runs_executed": 10,
    "max_runs": 80,
    "min_runs": 10,
    "cv_target": 0.03,
    "converged": true,
    "final_run_cv": 0.0021976579387057603,
    "n_samples_raw": 5000,
    "n_samples_clean": 4885,
    "n_outliers_removed": 115
  }
}
