{
  "artifact_type": "inference_benchmark",
  "generated_by": "python src/benchmark_inference.py",
  "base_name": "exp0_legacy_simple__20260307_202622",
  "experiment": "exp0_legacy_simple",
  "raw_csv_path": "C:/Users/leona/OneDrive/Documents/Projects/Acadêmicos/FG2P/results/exp0_legacy_simple/benchmark_exp0_legacy_simple__20260307_202622_cuda_raw_b16.csv",
  "benchmark_metadata": {
    "benchmark_date": "2026-03-15 04:42:32",
    "devices": [
      "cuda"
    ],
    "test_words": 1000,
    "warmup_runs": 20,
    "benchmark_runs": 50,
    "loop_overhead_us": 0.10000010433941497,
    "force": true,
    "selected_models": 19,
    "cpu_quantize": false,
    "cpu_threads": null,
    "batch_size": 16,
    "sweep_mode": true,
    "sweep_batch_sizes": [
      1,
      4,
      8,
      16,
      32,
      64,
      128,
      256,
      512
    ]
  },
  "result": {
    "model_index": 11,
    "base_name": "exp0_legacy_simple__20260307_202622",
    "experiment": "exp0_legacy_simple",
    "params": 4321963,
    "n": 50000,
    "total_time_s": 154.8960742942554,
    "mean_lat_ms": 3.097921485885108,
    "p50_ms": 3.0563437501064072,
    "p95_ms": 3.672300000037012,
    "p99_ms": 4.2746500000453125,
    "throughput_wps": 322.7970768646803,
    "throughput_tps": 3042.685246526477,
    "throughput_cps_in": 2822.8604371816295,
    "throughput_cps_out": 3067.5406214450572,
    "tokens_per_word": 9.426,
    "chars_in_per_word": 8.745,
    "chars_out_per_word": 9.503,
    "ci95_lat_low_ms": 3.09477616457903,
    "ci95_lat_high_ms": 3.101066807191186,
    "ci95_wps_low": 322.46967323666183,
    "ci95_wps_high": 323.125145994533,
    "stable_wps": 322.897849604445,
    "stable_cv": 0.11039952496158001,
    "stable_window_start": 5624,
    "global_cv": 0.11583066264890542,
    "thermal_ratio": 0.9947860998880219,
    "mean_first_ms": 3.107744619904497,
    "mean_last_ms": 3.0915411498827776,
    "loop_overhead_us": 0.10000010433941497,
    "status": "success",
    "device": "cuda",
    "batch_size": 16
  }
}
