{
  "artifact_type": "inference_benchmark",
  "generated_by": "python src/benchmark_inference.py",
  "base_name": "exp0_legacy_simple__20260307_202622",
  "experiment": "exp0_legacy_simple",
  "raw_csv_path": "C:/Users/leona/OneDrive/Documents/Projects/Acadêmicos/FG2P/results/exp0_legacy_simple/benchmark_exp0_legacy_simple__20260307_202622_cuda_raw.csv",
  "benchmark_metadata": {
    "benchmark_date": "2026-03-14 11:37:52",
    "devices": [
      "cuda"
    ],
    "test_words": 1000,
    "warmup_runs": 20,
    "benchmark_runs": 50,
    "loop_overhead_us": 0.10000010433941497,
    "force": true,
    "selected_models": 19,
    "cpu_quantize": false,
    "cpu_threads": null,
    "batch_size": 1,
    "sweep_mode": true,
    "sweep_batch_sizes": [
      1,
      4,
      8,
      16,
      32,
      64,
      128,
      256,
      512
    ]
  },
  "result": {
    "model_index": 11,
    "base_name": "exp0_legacy_simple__20260307_202622",
    "experiment": "exp0_legacy_simple",
    "params": 4321963,
    "n": 50000,
    "total_time_s": 1243.0454996959497,
    "mean_lat_ms": 24.860909993918995,
    "p50_ms": 24.024099999880946,
    "p95_ms": 36.910200004715534,
    "p99_ms": 46.78769999802398,
    "throughput_wps": 40.22378908272469,
    "throughput_tps": 379.1494358937629,
    "throughput_cps_in": 351.7570355284274,
    "throughput_cps_out": 382.2466676531327,
    "tokens_per_word": 9.426,
    "chars_in_per_word": 8.745,
    "chars_out_per_word": 9.503,
    "ci95_lat_low_ms": 24.802367381996614,
    "ci95_lat_high_ms": 24.91945260584138,
    "ci95_wps_low": 40.12929239728121,
    "ci95_wps_high": 40.31873186129295,
    "stable_wps": 40.97598846632579,
    "stable_cv": 0.24213440583374896,
    "stable_window_start": 13140,
    "global_cv": 0.26864824293758505,
    "thermal_ratio": 0.9868860195903387,
    "mean_first_ms": 25.316517159958405,
    "mean_last_ms": 24.984516849881857,
    "loop_overhead_us": 0.10000010433941497,
    "status": "success",
    "device": "cuda",
    "batch_size": 1
  }
}
