{
  "artifact_type": "inference_benchmark",
  "generated_by": "python src/benchmark_inference.py",
  "base_name": "exp0_legacy_simple__20260310_030321",
  "experiment": "exp0_legacy_simple",
  "raw_csv_path": "C:/Users/leona/OneDrive/Documents/Projects/Acadêmicos/FG2P/results/exp0_legacy_simple/benchmark_exp0_legacy_simple__20260310_030321_cuda_raw_b16.csv",
  "benchmark_metadata": {
    "benchmark_date": "2026-03-15 04:42:32",
    "devices": [
      "cuda"
    ],
    "test_words": 1000,
    "warmup_runs": 20,
    "benchmark_runs": 50,
    "loop_overhead_us": 0.10000010433941497,
    "force": true,
    "selected_models": 19,
    "cpu_quantize": false,
    "cpu_threads": null,
    "batch_size": 16,
    "sweep_mode": true,
    "sweep_batch_sizes": [
      1,
      4,
      8,
      16,
      32,
      64,
      128,
      256,
      512
    ]
  },
  "result": {
    "model_index": 13,
    "base_name": "exp0_legacy_simple__20260310_030321",
    "experiment": "exp0_legacy_simple",
    "params": 4321963,
    "n": 50000,
    "total_time_s": 155.3862255956601,
    "mean_lat_ms": 3.107724511913202,
    "p50_ms": 3.0524624996564853,
    "p95_ms": 3.7246937506301947,
    "p99_ms": 4.809750000024451,
    "throughput_wps": 321.7788437059281,
    "throughput_tps": 3032.122044240961,
    "throughput_cps_in": 2813.9559882083413,
    "throughput_cps_out": 3056.899015206317,
    "tokens_per_word": 9.423,
    "chars_in_per_word": 8.745,
    "chars_out_per_word": 9.5,
    "ci95_lat_low_ms": 3.104274342972215,
    "ci95_lat_high_ms": 3.1111746808541896,
    "ci95_wps_low": 321.42200377043594,
    "ci95_wps_high": 322.1364768432616,
    "stable_wps": 320.37131908259124,
    "stable_cv": 0.11719621294535605,
    "stable_window_start": 30368,
    "global_cv": 0.1266562947330247,
    "thermal_ratio": 1.0005685042037606,
    "mean_first_ms": 3.106379889902837,
    "mean_last_ms": 3.1081458799287245,
    "loop_overhead_us": 0.10000010433941497,
    "status": "success",
    "device": "cuda",
    "batch_size": 16
  }
}
