{
  "artifact_type": "inference_benchmark",
  "generated_by": "python src/benchmark_inference.py",
  "base_name": "exp0_legacy_simple__20260310_030321",
  "experiment": "exp0_legacy_simple",
  "raw_csv_path": "C:/Users/leona/OneDrive/Documents/Projects/Acadêmicos/FG2P/results/exp0_legacy_simple/benchmark_exp0_legacy_simple__20260310_030321_cuda_raw_b4.csv",
  "benchmark_metadata": {
    "benchmark_date": "2026-03-14 21:57:11",
    "devices": [
      "cuda"
    ],
    "test_words": 1000,
    "warmup_runs": 20,
    "benchmark_runs": 50,
    "loop_overhead_us": 0.10000010433941497,
    "force": true,
    "selected_models": 19,
    "cpu_quantize": false,
    "cpu_threads": null,
    "batch_size": 4,
    "sweep_mode": true,
    "sweep_batch_sizes": [
      1,
      4,
      8,
      16,
      32,
      64,
      128,
      256,
      512
    ]
  },
  "result": {
    "model_index": 13,
    "base_name": "exp0_legacy_simple__20260310_030321",
    "experiment": "exp0_legacy_simple",
    "params": 4321963,
    "n": 50000,
    "total_time_s": 418.36872239553213,
    "mean_lat_ms": 8.367374447910644,
    "p50_ms": 8.098775001346894,
    "p95_ms": 11.119024999718476,
    "p99_ms": 13.28694999822119,
    "throughput_wps": 119.51180220573288,
    "throughput_tps": 1126.1597121846207,
    "throughput_cps_in": 1045.130710289134,
    "throughput_cps_out": 1135.3621209544622,
    "tokens_per_word": 9.423,
    "chars_in_per_word": 8.745,
    "chars_out_per_word": 9.5,
    "ci95_lat_low_ms": 8.353225871275969,
    "ci95_lat_high_ms": 8.381523024545317,
    "ci95_wps_low": 119.31005821632856,
    "ci95_wps_high": 119.71422961740748,
    "stable_wps": 120.8536470297152,
    "stable_cv": 0.1662616988345773,
    "stable_window_start": 21464,
    "global_cv": 0.19290899467992806,
    "thermal_ratio": 0.989114352519047,
    "mean_first_ms": 8.52619562991249,
    "mean_last_ms": 8.43338246993162,
    "loop_overhead_us": 0.10000010433941497,
    "status": "success",
    "device": "cuda",
    "batch_size": 4
  }
}
