{
  "artifact_type": "inference_benchmark",
  "generated_by": "python src/benchmark_inference.py",
  "base_name": "exp0_legacy_simple__20260310_030321",
  "experiment": "exp0_legacy_simple",
  "raw_csv_path": "C:/Users/leona/OneDrive/Documents/Projects/Acadêmicos/FG2P/results/exp0_legacy_simple/benchmark_exp0_legacy_simple__20260310_030321_cpu_raw_b8.csv",
  "benchmark_metadata": {
    "benchmark_date": "2026-03-15 16:15:46",
    "devices": [
      "cpu"
    ],
    "test_words": 500,
    "warmup_runs": 20,
    "benchmark_runs": 200,
    "adaptive": true,
    "adaptive_min_runs": 10,
    "adaptive_max_runs": 80,
    "adaptive_cv_target": 0.03,
    "loop_overhead_us": 0.100000761449337,
    "force": true,
    "selected_models": 19,
    "cpu_quantize": false,
    "cpu_threads": null,
    "batch_size": 8,
    "sweep_mode": true,
    "sweep_batch_sizes": [
      1,
      4,
      8,
      16,
      32,
      64,
      128
    ]
  },
  "result": {
    "model_index": 13,
    "base_name": "exp0_legacy_simple__20260310_030321",
    "experiment": "exp0_legacy_simple",
    "params": 4321963,
    "n": 4944,
    "total_time_s": 21.750271896351478,
    "mean_lat_ms": 4.399326839876918,
    "p50_ms": 4.334437498982879,
    "p95_ms": 5.509549999260344,
    "p99_ms": 6.028512500051875,
    "throughput_wps": 227.30750326065288,
    "throughput_tps": 2130.4561258276967,
    "throughput_cps_in": 1986.9176903139917,
    "throughput_cps_out": 2149.950135007008,
    "tokens_per_word": 9.37257281553398,
    "chars_in_per_word": 8.741100323624595,
    "chars_out_per_word": 9.458333333333334,
    "ci95_lat_low_ms": 4.381596518991153,
    "ci95_lat_high_ms": 4.417057160762681,
    "ci95_wps_low": 226.39507790008602,
    "ci95_wps_high": 228.2273129590322,
    "stable_wps": 228.99815455579505,
    "stable_cv": 0.1368617703805919,
    "stable_window_start": 652,
    "global_cv": 0.1445817666132149,
    "thermal_ratio": 0.9897217183101644,
    "mean_first_ms": 4.421738562020551,
    "mean_last_ms": 4.376290687521296,
    "loop_overhead_us": 0.100000761449337,
    "status": "success",
    "device": "cpu",
    "batch_size": 8,
    "adaptive": true,
    "runs_executed": 10,
    "max_runs": 80,
    "min_runs": 10,
    "cv_target": 0.03,
    "converged": true,
    "final_run_cv": 0.0028975545305659402,
    "n_samples_raw": 5000,
    "n_samples_clean": 4944,
    "n_outliers_removed": 56
  }
}
