{
  "artifact_type": "inference_benchmark",
  "generated_by": "python src/benchmark_inference.py",
  "base_name": "exp0_legacy_simple__20260307_202622",
  "experiment": "exp0_legacy_simple",
  "raw_csv_path": "C:/Users/leona/OneDrive/Documents/Projects/Acadêmicos/FG2P/results/exp0_legacy_simple/benchmark_exp0_legacy_simple__20260307_202622_cpu_raw_b8.csv",
  "benchmark_metadata": {
    "benchmark_date": "2026-03-15 16:15:46",
    "devices": [
      "cpu"
    ],
    "test_words": 500,
    "warmup_runs": 20,
    "benchmark_runs": 200,
    "adaptive": true,
    "adaptive_min_runs": 10,
    "adaptive_max_runs": 80,
    "adaptive_cv_target": 0.03,
    "loop_overhead_us": 0.100000761449337,
    "force": true,
    "selected_models": 19,
    "cpu_quantize": false,
    "cpu_threads": null,
    "batch_size": 8,
    "sweep_mode": true,
    "sweep_batch_sizes": [
      1,
      4,
      8,
      16,
      32,
      64,
      128
    ]
  },
  "result": {
    "model_index": 11,
    "base_name": "exp0_legacy_simple__20260307_202622",
    "experiment": "exp0_legacy_simple",
    "params": 4321963,
    "n": 4952,
    "total_time_s": 21.772164396534208,
    "mean_lat_ms": 4.396640629348588,
    "p50_ms": 4.3063124976470135,
    "p95_ms": 5.514899999980116,
    "p99_ms": 5.9671875005733455,
    "throughput_wps": 227.4463810675746,
    "throughput_tps": 2133.549938075722,
    "throughput_cps_in": 1988.9616489802606,
    "throughput_cps_out": 2153.116205913926,
    "tokens_per_word": 9.380452342487883,
    "chars_in_per_word": 8.744749596122778,
    "chars_out_per_word": 9.466478190630049,
    "ci95_lat_low_ms": 4.379177535382364,
    "ci95_lat_high_ms": 4.414103723314812,
    "ci95_wps_low": 226.54655682831137,
    "ci95_wps_high": 228.35338186687284,
    "stable_wps": 228.36746779068739,
    "stable_cv": 0.13396267568432002,
    "stable_window_start": 2248,
    "global_cv": 0.14260490663572248,
    "thermal_ratio": 0.9906103607687141,
    "mean_first_ms": 4.415760605428145,
    "mean_last_ms": 4.37429820641145,
    "loop_overhead_us": 0.100000761449337,
    "status": "success",
    "device": "cpu",
    "batch_size": 8,
    "adaptive": true,
    "runs_executed": 10,
    "max_runs": 80,
    "min_runs": 10,
    "cv_target": 0.03,
    "converged": true,
    "final_run_cv": 0.0100114693649901,
    "n_samples_raw": 5000,
    "n_samples_clean": 4952,
    "n_outliers_removed": 48
  }
}
