{
  "artifact_type": "inference_benchmark",
  "generated_by": "python src/benchmark_inference.py",
  "base_name": "exp0_legacy_simple__20260310_030321",
  "experiment": "exp0_legacy_simple",
  "raw_csv_path": "C:/Users/leona/OneDrive/Documents/Projects/Acadêmicos/FG2P/results/exp0_legacy_simple/benchmark_exp0_legacy_simple__20260310_030321_cuda_raw_b256.csv",
  "benchmark_metadata": {
    "benchmark_date": "2026-03-15 10:17:42",
    "devices": [
      "cuda"
    ],
    "test_words": 1000,
    "warmup_runs": 20,
    "benchmark_runs": 50,
    "loop_overhead_us": 0.10000010433941497,
    "force": true,
    "selected_models": 19,
    "cpu_quantize": false,
    "cpu_threads": null,
    "batch_size": 256,
    "sweep_mode": true,
    "sweep_batch_sizes": [
      1,
      4,
      8,
      16,
      32,
      64,
      128,
      256,
      512
    ]
  },
  "result": {
    "model_index": 13,
    "base_name": "exp0_legacy_simple__20260310_030321",
    "experiment": "exp0_legacy_simple",
    "params": 4321963,
    "n": 50000,
    "total_time_s": 53.48818349475642,
    "mean_lat_ms": 1.0697636698951283,
    "p50_ms": 1.0682035155332414,
    "p95_ms": 1.1358226561560514,
    "p99_ms": 1.283921093634035,
    "throughput_wps": 934.7859047204627,
    "throughput_tps": 8808.48758018092,
    "throughput_cps_in": 8174.702736780446,
    "throughput_cps_out": 8880.466094844396,
    "tokens_per_word": 9.423,
    "chars_in_per_word": 8.745,
    "chars_out_per_word": 9.5,
    "ci95_lat_low_ms": 1.0693244546046665,
    "ci95_lat_high_ms": 1.07020288518559,
    "ci95_wps_low": 934.4022650682577,
    "ci95_wps_high": 935.1698595256609,
    "stable_wps": 941.6151791627827,
    "stable_cv": 0.028788997535580122,
    "stable_window_start": 15000,
    "global_cv": 0.04684017800953326,
    "thermal_ratio": 0.9930345088593431,
    "mean_first_ms": 1.075291009897137,
    "mean_last_ms": 1.0678010798940705,
    "loop_overhead_us": 0.10000010433941497,
    "status": "success",
    "device": "cuda",
    "batch_size": 256
  }
}
