{
  "artifact_type": "inference_benchmark",
  "generated_by": "python src/benchmark_inference.py",
  "base_name": "exp0_legacy_simple__20260310_030321",
  "experiment": "exp0_legacy_simple",
  "raw_csv_path": "C:/Users/leona/OneDrive/Documents/Projects/Acadêmicos/FG2P/results/exp0_legacy_simple/benchmark_exp0_legacy_simple__20260310_030321_cpu_raw_b64.csv",
  "benchmark_metadata": {
    "benchmark_date": "2026-03-15 17:19:58",
    "devices": [
      "cpu"
    ],
    "test_words": 500,
    "warmup_runs": 20,
    "benchmark_runs": 200,
    "adaptive": true,
    "adaptive_min_runs": 10,
    "adaptive_max_runs": 80,
    "adaptive_cv_target": 0.03,
    "loop_overhead_us": 0.100000761449337,
    "force": true,
    "selected_models": 19,
    "cpu_quantize": false,
    "cpu_threads": null,
    "batch_size": 64,
    "sweep_mode": true,
    "sweep_batch_sizes": [
      1,
      4,
      8,
      16,
      32,
      64,
      128
    ]
  },
  "result": {
    "model_index": 13,
    "base_name": "exp0_legacy_simple__20260310_030321",
    "experiment": "exp0_legacy_simple",
    "params": 4321963,
    "n": 4488,
    "total_time_s": 7.2087933965958655,
    "mean_lat_ms": 1.6062373878333034,
    "p50_ms": 1.5960124992489,
    "p95_ms": 1.6989999992347293,
    "p99_ms": 1.8308921867173922,
    "throughput_wps": 622.5729817862892,
    "throughput_tps": 5834.818351135227,
    "throughput_cps_in": 5447.791029570221,
    "throughput_cps_out": 5886.699432950751,
    "tokens_per_word": 9.37210338680927,
    "chars_in_per_word": 8.750445632798574,
    "chars_out_per_word": 9.455436720142602,
    "ci95_lat_low_ms": 1.6042633475128698,
    "ci95_lat_high_ms": 1.608211428153737,
    "ci95_wps_low": 621.8087886292554,
    "ci95_wps_high": 623.3390556172247,
    "stable_wps": 627.9831163220529,
    "stable_cv": 0.028294222922236188,
    "stable_window_start": 0,
    "global_cv": 0.04200651390420754,
    "thermal_ratio": 1.0012545918764741,
    "mean_first_ms": 1.5923994992998558,
    "mean_last_ms": 1.5943973107757787,
    "loop_overhead_us": 0.100000761449337,
    "status": "success",
    "device": "cpu",
    "batch_size": 64,
    "adaptive": true,
    "runs_executed": 10,
    "max_runs": 80,
    "min_runs": 10,
    "cv_target": 0.03,
    "converged": true,
    "final_run_cv": 0.003562131609155339,
    "n_samples_raw": 5000,
    "n_samples_clean": 4488,
    "n_outliers_removed": 512
  }
}
