{
  "artifact_type": "inference_benchmark",
  "generated_by": "python src/benchmark_inference.py",
  "base_name": "exp0_legacy_simple__20260307_202622",
  "experiment": "exp0_legacy_simple",
  "raw_csv_path": "C:/Users/leona/OneDrive/Documents/Projects/Acadêmicos/FG2P/results/exp0_legacy_simple/benchmark_exp0_legacy_simple__20260307_202622_cpu_raw_b4.csv",
  "benchmark_metadata": {
    "benchmark_date": "2026-03-15 15:32:05",
    "devices": [
      "cpu"
    ],
    "test_words": 500,
    "warmup_runs": 20,
    "benchmark_runs": 200,
    "adaptive": true,
    "adaptive_min_runs": 10,
    "adaptive_max_runs": 80,
    "adaptive_cv_target": 0.03,
    "loop_overhead_us": 0.100000761449337,
    "force": true,
    "selected_models": 19,
    "cpu_quantize": false,
    "cpu_threads": null,
    "batch_size": 4,
    "sweep_mode": true,
    "sweep_batch_sizes": [
      1,
      4,
      8,
      16,
      32,
      64,
      128
    ]
  },
  "result": {
    "model_index": 11,
    "base_name": "exp0_legacy_simple__20260307_202622",
    "experiment": "exp0_legacy_simple",
    "params": 4321963,
    "n": 4944,
    "total_time_s": 34.03885879625159,
    "mean_lat_ms": 6.884882442607522,
    "p50_ms": 6.6633999995246995,
    "p95_ms": 9.08519999939017,
    "p99_ms": 9.948250000888947,
    "throughput_wps": 145.24576248556374,
    "throughput_tps": 1360.5332739621647,
    "throughput_cps_in": 1268.638301256897,
    "throughput_cps_out": 1373.1658948903184,
    "tokens_per_word": 9.367111650485437,
    "chars_in_per_word": 8.734425566343042,
    "chars_out_per_word": 9.454085760517799,
    "ci95_lat_low_ms": 6.851542049619025,
    "ci95_lat_high_ms": 6.918222835596019,
    "ci95_wps_low": 144.54579214400917,
    "ci95_wps_high": 145.95254509977127,
    "stable_wps": 145.39316247632806,
    "stable_cv": 0.16961020286033224,
    "stable_window_start": 2808,
    "global_cv": 0.17372300982879924,
    "thermal_ratio": 0.9763261768170407,
    "mean_first_ms": 6.992164877749888,
    "mean_last_ms": 6.826633602767939,
    "loop_overhead_us": 0.100000761449337,
    "status": "success",
    "device": "cpu",
    "batch_size": 4,
    "adaptive": true,
    "runs_executed": 10,
    "max_runs": 80,
    "min_runs": 10,
    "cv_target": 0.03,
    "converged": true,
    "final_run_cv": 0.012698229451331275,
    "n_samples_raw": 5000,
    "n_samples_clean": 4944,
    "n_outliers_removed": 56
  }
}
