{
  "artifact_type": "inference_benchmark",
  "generated_by": "python src/benchmark_inference.py",
  "base_name": "exp0_legacy_simple__20260307_202622",
  "experiment": "exp0_legacy_simple",
  "raw_csv_path": "C:/Users/leona/OneDrive/Documents/Projects/Acadêmicos/FG2P/results/exp0_legacy_simple/benchmark_exp0_legacy_simple__20260307_202622_cuda_raw_b128.csv",
  "benchmark_metadata": {
    "benchmark_date": "2026-03-15 09:12:54",
    "devices": [
      "cuda"
    ],
    "test_words": 1000,
    "warmup_runs": 20,
    "benchmark_runs": 50,
    "loop_overhead_us": 0.10000010433941497,
    "force": true,
    "selected_models": 19,
    "cpu_quantize": false,
    "cpu_threads": null,
    "batch_size": 128,
    "sweep_mode": true,
    "sweep_batch_sizes": [
      1,
      4,
      8,
      16,
      32,
      64,
      128,
      256,
      512
    ]
  },
  "result": {
    "model_index": 11,
    "base_name": "exp0_legacy_simple__20260307_202622",
    "experiment": "exp0_legacy_simple",
    "params": 4321963,
    "n": 50000,
    "total_time_s": 58.12653819474236,
    "mean_lat_ms": 1.1625307638948472,
    "p50_ms": 1.1444085936068404,
    "p95_ms": 1.2567914061241936,
    "p99_ms": 1.527157812436144,
    "throughput_wps": 860.1922900084661,
    "throughput_tps": 8108.1725256198015,
    "throughput_cps_in": 7522.381576124036,
    "throughput_cps_out": 8174.407331950453,
    "tokens_per_word": 9.426,
    "chars_in_per_word": 8.745,
    "chars_out_per_word": 9.503,
    "ci95_lat_low_ms": 1.1619025353522934,
    "ci95_lat_high_ms": 1.1631589924374013,
    "ci95_wps_low": 859.727695441273,
    "ci95_wps_high": 860.6573869785009,
    "stable_wps": 866.504317338572,
    "stable_cv": 0.04991530624752966,
    "stable_window_start": 3640,
    "global_cv": 0.06165128604502391,
    "thermal_ratio": 1.0021675659351625,
    "mean_first_ms": 1.16140872989281,
    "mean_last_ms": 1.163926159892526,
    "loop_overhead_us": 0.10000010433941497,
    "status": "success",
    "device": "cuda",
    "batch_size": 128
  }
}
