{
  "artifact_type": "inference_benchmark",
  "generated_by": "python src/benchmark_inference.py",
  "base_name": "exp0_legacy_simple__20260310_030321",
  "experiment": "exp0_legacy_simple",
  "raw_csv_path": "C:/Users/leona/OneDrive/Documents/Projects/Acadêmicos/FG2P/results/exp0_legacy_simple/benchmark_exp0_legacy_simple__20260310_030321_cuda_raw_b128.csv",
  "benchmark_metadata": {
    "benchmark_date": "2026-03-15 09:12:54",
    "devices": [
      "cuda"
    ],
    "test_words": 1000,
    "warmup_runs": 20,
    "benchmark_runs": 50,
    "loop_overhead_us": 0.10000010433941497,
    "force": true,
    "selected_models": 19,
    "cpu_quantize": false,
    "cpu_threads": null,
    "batch_size": 128,
    "sweep_mode": true,
    "sweep_batch_sizes": [
      1,
      4,
      8,
      16,
      32,
      64,
      128,
      256,
      512
    ]
  },
  "result": {
    "model_index": 13,
    "base_name": "exp0_legacy_simple__20260310_030321",
    "experiment": "exp0_legacy_simple",
    "params": 4321963,
    "n": 50000,
    "total_time_s": 58.44446269471974,
    "mean_lat_ms": 1.168889253894395,
    "p50_ms": 1.1482781248764695,
    "p95_ms": 1.2831453123885694,
    "p99_ms": 1.5128007811176758,
    "throughput_wps": 855.5130408362421,
    "throughput_tps": 8061.49938379991,
    "throughput_cps_in": 7481.461542112937,
    "throughput_cps_out": 8127.373887944301,
    "tokens_per_word": 9.423,
    "chars_in_per_word": 8.745,
    "chars_out_per_word": 9.5,
    "ci95_lat_low_ms": 1.1682594018723402,
    "ci95_lat_high_ms": 1.1695191059164496,
    "ci95_wps_low": 855.0522987962541,
    "ci95_wps_high": 855.9742796825132,
    "stable_wps": 855.1187812944917,
    "stable_cv": 0.04955809166413604,
    "stable_window_start": 15640,
    "global_cv": 0.06147437085615721,
    "thermal_ratio": 0.991026985091956,
    "mean_first_ms": 1.178276209897831,
    "mean_last_ms": 1.167703519900624,
    "loop_overhead_us": 0.10000010433941497,
    "status": "success",
    "device": "cuda",
    "batch_size": 128
  }
}
