{
  "artifact_type": "inference_benchmark",
  "generated_by": "python src/benchmark_inference.py",
  "base_name": "exp0_legacy_simple__20260307_202622",
  "experiment": "exp0_legacy_simple",
  "raw_csv_path": "C:/Users/leona/OneDrive/Documents/Projects/Acadêmicos/FG2P/results/exp0_legacy_simple/benchmark_exp0_legacy_simple__20260307_202622_cpu_raw_b16.csv",
  "benchmark_metadata": {
    "benchmark_date": "2026-03-15 16:44:46",
    "devices": [
      "cpu"
    ],
    "test_words": 500,
    "warmup_runs": 20,
    "benchmark_runs": 200,
    "adaptive": true,
    "adaptive_min_runs": 10,
    "adaptive_max_runs": 80,
    "adaptive_cv_target": 0.03,
    "loop_overhead_us": 0.100000761449337,
    "force": true,
    "selected_models": 19,
    "cpu_quantize": false,
    "cpu_threads": null,
    "batch_size": 16,
    "sweep_mode": true,
    "sweep_batch_sizes": [
      1,
      4,
      8,
      16,
      32,
      64,
      128
    ]
  },
  "result": {
    "model_index": 11,
    "base_name": "exp0_legacy_simple__20260307_202622",
    "experiment": "exp0_legacy_simple",
    "params": 4321963,
    "n": 4928,
    "total_time_s": 14.483131996326847,
    "mean_lat_ms": 2.9389472395143765,
    "p50_ms": 2.8608437496586703,
    "p95_ms": 3.6432499991860823,
    "p99_ms": 3.7771374991280027,
    "throughput_wps": 340.2578945803863,
    "throughput_tps": 3200.619866735756,
    "throughput_cps_in": 2983.263565571175,
    "throughput_cps_out": 3229.9643483097548,
    "tokens_per_word": 9.406452922077921,
    "chars_in_per_word": 8.767654220779221,
    "chars_out_per_word": 9.492694805194805,
    "ci95_lat_low_ms": 2.9288218190876734,
    "ci95_lat_high_ms": 2.9490726599410797,
    "ci95_wps_low": 339.08964454608565,
    "ci95_wps_high": 341.4342222810603,
    "stable_wps": 343.3654986855513,
    "stable_cv": 0.11621384437463982,
    "stable_window_start": 1831,
    "global_cv": 0.12339584990842334,
    "thermal_ratio": 0.977867605740673,
    "mean_first_ms": 2.999897651587965,
    "mean_last_ms": 2.933502734025391,
    "loop_overhead_us": 0.100000761449337,
    "status": "success",
    "device": "cpu",
    "batch_size": 16,
    "adaptive": true,
    "runs_executed": 10,
    "max_runs": 80,
    "min_runs": 10,
    "cv_target": 0.03,
    "converged": true,
    "final_run_cv": 0.027517477037964703,
    "n_samples_raw": 5000,
    "n_samples_clean": 4928,
    "n_outliers_removed": 72
  }
}
