{
  "artifact_type": "inference_benchmark",
  "generated_by": "python src/benchmark_inference.py",
  "base_name": "exp0_legacy_simple__20260310_030321",
  "experiment": "exp0_legacy_simple",
  "raw_csv_path": "C:/Users/leona/OneDrive/Documents/Projects/Acadêmicos/FG2P/results/exp0_legacy_simple/benchmark_exp0_legacy_simple__20260310_030321_cpu_raw_b32.csv",
  "benchmark_metadata": {
    "benchmark_date": "2026-03-15 17:04:56",
    "devices": [
      "cpu"
    ],
    "test_words": 500,
    "warmup_runs": 20,
    "benchmark_runs": 200,
    "adaptive": true,
    "adaptive_min_runs": 10,
    "adaptive_max_runs": 80,
    "adaptive_cv_target": 0.03,
    "loop_overhead_us": 0.100000761449337,
    "force": true,
    "selected_models": 19,
    "cpu_quantize": false,
    "cpu_threads": null,
    "batch_size": 32,
    "sweep_mode": true,
    "sweep_batch_sizes": [
      1,
      4,
      8,
      16,
      32,
      64,
      128
    ]
  },
  "result": {
    "model_index": 13,
    "base_name": "exp0_legacy_simple__20260310_030321",
    "experiment": "exp0_legacy_simple",
    "params": 4321963,
    "n": 5000,
    "total_time_s": 10.340488796151476,
    "mean_lat_ms": 2.068097759230295,
    "p50_ms": 2.038774999527959,
    "p95_ms": 2.4532968741368677,
    "p99_ms": 2.542093749070773,
    "throughput_wps": 483.536136305365,
    "throughput_tps": 4540.404319907378,
    "throughput_cps_in": 4235.776554034997,
    "throughput_cps_out": 4581.988427629639,
    "tokens_per_word": 9.39,
    "chars_in_per_word": 8.76,
    "chars_out_per_word": 9.476,
    "ci95_lat_low_ms": 2.062636121904626,
    "ci95_lat_high_ms": 2.0735593965559644,
    "ci95_wps_low": 482.2625296680333,
    "ci95_wps_high": 484.816487687904,
    "stable_wps": 484.96398287299485,
    "stable_cv": 0.08954816156628831,
    "stable_window_start": 320,
    "global_cv": 0.09527538768627643,
    "thermal_ratio": 1.0031841893468798,
    "mean_first_ms": 2.0644814992701868,
    "mean_last_ms": 2.0710551992669934,
    "loop_overhead_us": 0.100000761449337,
    "status": "success",
    "device": "cpu",
    "batch_size": 32,
    "adaptive": true,
    "runs_executed": 10,
    "max_runs": 80,
    "min_runs": 10,
    "cv_target": 0.03,
    "converged": true,
    "final_run_cv": 0.01044332781025953,
    "n_samples_raw": 5000,
    "n_samples_clean": 5000,
    "n_outliers_removed": 0
  }
}
