{
  "artifact_type": "inference_benchmark",
  "generated_by": "python src/benchmark_inference.py",
  "base_name": "exp0_legacy_simple__20260307_202622",
  "experiment": "exp0_legacy_simple",
  "raw_csv_path": "C:/Users/leona/OneDrive/Documents/Projects/Acadêmicos/FG2P/results/exp0_legacy_simple/benchmark_exp0_legacy_simple__20260307_202622_cuda_raw_b32.csv",
  "benchmark_metadata": {
    "benchmark_date": "2026-03-15 06:34:55",
    "devices": [
      "cuda"
    ],
    "test_words": 1000,
    "warmup_runs": 20,
    "benchmark_runs": 50,
    "loop_overhead_us": 0.10000010433941497,
    "force": true,
    "selected_models": 19,
    "cpu_quantize": false,
    "cpu_threads": null,
    "batch_size": 32,
    "sweep_mode": true,
    "sweep_batch_sizes": [
      1,
      4,
      8,
      16,
      32,
      64,
      128,
      256,
      512
    ]
  },
  "result": {
    "model_index": 11,
    "base_name": "exp0_legacy_simple__20260307_202622",
    "experiment": "exp0_legacy_simple",
    "params": 4321963,
    "n": 50000,
    "total_time_s": 104.55433829468984,
    "mean_lat_ms": 2.091086765893797,
    "p50_ms": 2.043137499842942,
    "p95_ms": 2.3765687498985244,
    "p99_ms": 2.9633468750239444,
    "throughput_wps": 478.2202328044328,
    "throughput_tps": 4507.703914414584,
    "throughput_cps_in": 4182.035935874765,
    "throughput_cps_out": 4544.526872340525,
    "tokens_per_word": 9.426,
    "chars_in_per_word": 8.745,
    "chars_out_per_word": 9.503,
    "ci95_lat_low_ms": 2.088327302550259,
    "ci95_lat_high_ms": 2.0938462292373345,
    "ci95_wps_low": 477.5899901513977,
    "ci95_wps_high": 478.85214103115106,
    "stable_wps": 476.1781137234464,
    "stable_cv": 0.1430822745081761,
    "stable_window_start": 18512,
    "global_cv": 0.15055025888562898,
    "thermal_ratio": 1.0023224316436055,
    "mean_first_ms": 2.078674739899816,
    "mean_last_ms": 2.083502319892523,
    "loop_overhead_us": 0.10000010433941497,
    "status": "success",
    "device": "cuda",
    "batch_size": 32
  }
}
