{
  "artifact_type": "inference_benchmark",
  "generated_by": "python src/benchmark_inference.py",
  "base_name": "exp104b_intermediate_sep_da_custom_dist_fixed__20260311_022457",
  "experiment": "exp104b_intermediate_sep_da_custom_dist_fixed",
  "raw_csv_path": "C:/Users/leona/OneDrive/Documents/Projects/Acadêmicos/FG2P/results/exp104b_intermediate_sep_da_custom_dist_fixed/benchmark_exp104b_intermediate_sep_da_custom_dist_fixed__20260311_022457_cuda_raw_b8.csv",
  "benchmark_metadata": {
    "benchmark_date": "2026-03-15 02:00:06",
    "devices": [
      "cuda"
    ],
    "test_words": 1000,
    "warmup_runs": 20,
    "benchmark_runs": 50,
    "loop_overhead_us": 0.10000010433941497,
    "force": true,
    "selected_models": 19,
    "cpu_quantize": false,
    "cpu_threads": null,
    "batch_size": 8,
    "sweep_mode": true,
    "sweep_batch_sizes": [
      1,
      4,
      8,
      16,
      32,
      64,
      128,
      256,
      512
    ]
  },
  "result": {
    "model_index": 15,
    "base_name": "exp104b_intermediate_sep_da_custom_dist_fixed__20260311_022457",
    "experiment": "exp104b_intermediate_sep_da_custom_dist_fixed",
    "params": 9679340,
    "n": 50000,
    "total_time_s": 308.5259320945888,
    "mean_lat_ms": 6.170518641891777,
    "p50_ms": 6.049187499886557,
    "p95_ms": 7.977575000697925,
    "p99_ms": 9.007499999572701,
    "throughput_wps": 162.06093167128282,
    "throughput_tps": 2049.0984200517,
    "throughput_cps_in": 1457.5760194515176,
    "throughput_cps_out": 2065.304513218828,
    "tokens_per_word": 12.644,
    "chars_in_per_word": 8.994,
    "chars_out_per_word": 12.744,
    "ci95_lat_low_ms": 6.161783057489319,
    "ci95_lat_high_ms": 6.179254226294234,
    "ci95_wps_low": 161.83182684809373,
    "ci95_wps_high": 162.29068610011404,
    "stable_wps": 161.9882269123941,
    "stable_cv": 0.1517132132905796,
    "stable_window_start": 8672,
    "global_cv": 0.16150992902711128,
    "thermal_ratio": 0.9960907966170807,
    "mean_first_ms": 6.191998119884465,
    "mean_last_ms": 6.167792339887183,
    "loop_overhead_us": 0.10000010433941497,
    "status": "success",
    "device": "cuda",
    "batch_size": 8
  }
}
