{
  "artifact_type": "inference_benchmark",
  "generated_by": "python src/benchmark_inference.py",
  "base_name": "exp104b_intermediate_sep_da_custom_dist_fixed__20260225_045333",
  "experiment": "exp104b_intermediate_sep_da_custom_dist_fixed",
  "raw_csv_path": "C:/Users/leona/OneDrive/Documents/Projects/Acadêmicos/FG2P/results/exp104b_intermediate_sep_da_custom_dist_fixed/benchmark_exp104b_intermediate_sep_da_custom_dist_fixed__20260225_045333_cuda_raw_b16.csv",
  "benchmark_metadata": {
    "benchmark_date": "2026-03-15 04:42:32",
    "devices": [
      "cuda"
    ],
    "test_words": 1000,
    "warmup_runs": 20,
    "benchmark_runs": 50,
    "loop_overhead_us": 0.10000010433941497,
    "force": true,
    "selected_models": 19,
    "cpu_quantize": false,
    "cpu_threads": null,
    "batch_size": 16,
    "sweep_mode": true,
    "sweep_batch_sizes": [
      1,
      4,
      8,
      16,
      32,
      64,
      128,
      256,
      512
    ]
  },
  "result": {
    "model_index": 8,
    "base_name": "exp104b_intermediate_sep_da_custom_dist_fixed__20260225_045333",
    "experiment": "exp104b_intermediate_sep_da_custom_dist_fixed",
    "params": 9679340,
    "n": 50000,
    "total_time_s": 186.20118399474904,
    "mean_lat_ms": 3.724023679894981,
    "p50_ms": 3.66210624972382,
    "p95_ms": 4.6247687493837475,
    "p99_ms": 5.172468750718053,
    "throughput_wps": 268.5267565291638,
    "throughput_tps": 3394.9837827982174,
    "throughput_cps_in": 2415.129648223299,
    "throughput_cps_out": 3421.8364584511337,
    "tokens_per_word": 12.643,
    "chars_in_per_word": 8.994,
    "chars_out_per_word": 12.743,
    "ci95_lat_low_ms": 3.719395715855774,
    "ci95_lat_high_ms": 3.7286516439341875,
    "ci95_wps_low": 268.1934638830665,
    "ci95_wps_high": 268.86087859299363,
    "stable_wps": 268.7015550150813,
    "stable_cv": 0.12917540198333194,
    "stable_window_start": 1880,
    "global_cv": 0.14177722531459908,
    "thermal_ratio": 0.9950097568951234,
    "mean_first_ms": 3.7274015698793845,
    "mean_last_ms": 3.7088009298961877,
    "loop_overhead_us": 0.10000010433941497,
    "status": "success",
    "device": "cuda",
    "batch_size": 16
  }
}
