{
  "artifact_type": "inference_benchmark",
  "generated_by": "python src/benchmark_inference.py",
  "base_name": "exp104b_intermediate_sep_da_custom_dist_fixed__20260311_022457",
  "experiment": "exp104b_intermediate_sep_da_custom_dist_fixed",
  "raw_csv_path": "C:/Users/leona/OneDrive/Documents/Projects/Acadêmicos/FG2P/results/exp104b_intermediate_sep_da_custom_dist_fixed/benchmark_exp104b_intermediate_sep_da_custom_dist_fixed__20260311_022457_cuda_raw.csv",
  "benchmark_metadata": {
    "benchmark_date": "2026-03-14 11:37:52",
    "devices": [
      "cuda"
    ],
    "test_words": 1000,
    "warmup_runs": 20,
    "benchmark_runs": 50,
    "loop_overhead_us": 0.10000010433941497,
    "force": true,
    "selected_models": 19,
    "cpu_quantize": false,
    "cpu_threads": null,
    "batch_size": 1,
    "sweep_mode": true,
    "sweep_batch_sizes": [
      1,
      4,
      8,
      16,
      32,
      64,
      128,
      256,
      512
    ]
  },
  "result": {
    "model_index": 15,
    "base_name": "exp104b_intermediate_sep_da_custom_dist_fixed__20260311_022457",
    "experiment": "exp104b_intermediate_sep_da_custom_dist_fixed",
    "params": 9679340,
    "n": 50000,
    "total_time_s": 1560.593385195808,
    "mean_lat_ms": 31.21186770391616,
    "p50_ms": 30.14870000399469,
    "p95_ms": 47.78069999949594,
    "p99_ms": 59.83310000076244,
    "throughput_wps": 32.03909517643284,
    "throughput_tps": 405.1023194108168,
    "throughput_cps_in": 288.1596220168369,
    "throughput_cps_out": 408.30622892846003,
    "tokens_per_word": 12.644,
    "chars_in_per_word": 8.994,
    "chars_out_per_word": 12.744,
    "ci95_lat_low_ms": 31.129429077690315,
    "ci95_lat_high_ms": 31.294306330142,
    "ci95_wps_low": 31.954694552114795,
    "ci95_wps_high": 32.123942829284815,
    "stable_wps": 32.545726534337035,
    "stable_cv": 0.28466180466795127,
    "stable_window_start": 25257,
    "global_cv": 0.30132829857095256,
    "thermal_ratio": 0.9940789608921825,
    "mean_first_ms": 31.291600439896225,
    "mean_last_ms": 31.106321649945404,
    "loop_overhead_us": 0.10000010433941497,
    "status": "success",
    "device": "cuda",
    "batch_size": 1
  }
}
