{
  "artifact_type": "inference_benchmark",
  "generated_by": "python src/benchmark_inference.py",
  "base_name": "exp104b_intermediate_sep_da_custom_dist_fixed__20260311_022457",
  "experiment": "exp104b_intermediate_sep_da_custom_dist_fixed",
  "raw_csv_path": "C:/Users/leona/OneDrive/Documents/Projects/Acadêmicos/FG2P/results/exp104b_intermediate_sep_da_custom_dist_fixed/benchmark_exp104b_intermediate_sep_da_custom_dist_fixed__20260311_022457_cpu_raw_b32.csv",
  "benchmark_metadata": {
    "benchmark_date": "2026-03-15 17:04:56",
    "devices": [
      "cpu"
    ],
    "test_words": 500,
    "warmup_runs": 20,
    "benchmark_runs": 200,
    "adaptive": true,
    "adaptive_min_runs": 10,
    "adaptive_max_runs": 80,
    "adaptive_cv_target": 0.03,
    "loop_overhead_us": 0.100000761449337,
    "force": true,
    "selected_models": 19,
    "cpu_quantize": false,
    "cpu_threads": null,
    "batch_size": 32,
    "sweep_mode": true,
    "sweep_batch_sizes": [
      1,
      4,
      8,
      16,
      32,
      64,
      128
    ]
  },
  "result": {
    "model_index": 15,
    "base_name": "exp104b_intermediate_sep_da_custom_dist_fixed__20260311_022457",
    "experiment": "exp104b_intermediate_sep_da_custom_dist_fixed",
    "params": 9679340,
    "n": 5000,
    "total_time_s": 19.80326829617843,
    "mean_lat_ms": 3.960653659235686,
    "p50_ms": 4.01593124934152,
    "p95_ms": 4.907668749183358,
    "p99_ms": 5.008487498798786,
    "throughput_wps": 252.4835762067054,
    "throughput_tps": 3170.6887500038065,
    "throughput_cps_in": 2242.054156715544,
    "throughput_cps_out": 3200.9867791486113,
    "tokens_per_word": 12.558,
    "chars_in_per_word": 8.88,
    "chars_out_per_word": 12.678,
    "ci95_lat_low_ms": 3.9455667917313586,
    "ci95_lat_high_ms": 3.975740526740013,
    "ci95_wps_low": 251.52546884642138,
    "ci95_wps_high": 253.44901069617652,
    "stable_wps": 251.6101793892376,
    "stable_cv": 0.13112698844238888,
    "stable_window_start": 564,
    "global_cv": 0.13742354265979184,
    "thermal_ratio": 0.9903461207357606,
    "mean_first_ms": 3.9872675992082804,
    "mean_last_ms": 3.9487749992113095,
    "loop_overhead_us": 0.100000761449337,
    "status": "success",
    "device": "cpu",
    "batch_size": 32,
    "adaptive": true,
    "runs_executed": 10,
    "max_runs": 80,
    "min_runs": 10,
    "cv_target": 0.03,
    "converged": true,
    "final_run_cv": 0.010349950048957208,
    "n_samples_raw": 5000,
    "n_samples_clean": 5000,
    "n_outliers_removed": 0
  }
}
