{
  "artifact_type": "inference_benchmark",
  "generated_by": "python src/benchmark_inference.py",
  "base_name": "exp104b_intermediate_sep_da_custom_dist_fixed__20260311_022457",
  "experiment": "exp104b_intermediate_sep_da_custom_dist_fixed",
  "raw_csv_path": "C:/Users/leona/OneDrive/Documents/Projects/Acadêmicos/FG2P/results/exp104b_intermediate_sep_da_custom_dist_fixed/benchmark_exp104b_intermediate_sep_da_custom_dist_fixed__20260311_022457_cuda_raw_b4.csv",
  "benchmark_metadata": {
    "benchmark_date": "2026-03-14 21:57:11",
    "devices": [
      "cuda"
    ],
    "test_words": 1000,
    "warmup_runs": 20,
    "benchmark_runs": 50,
    "loop_overhead_us": 0.10000010433941497,
    "force": true,
    "selected_models": 19,
    "cpu_quantize": false,
    "cpu_threads": null,
    "batch_size": 4,
    "sweep_mode": true,
    "sweep_batch_sizes": [
      1,
      4,
      8,
      16,
      32,
      64,
      128,
      256,
      512
    ]
  },
  "result": {
    "model_index": 15,
    "base_name": "exp104b_intermediate_sep_da_custom_dist_fixed__20260311_022457",
    "experiment": "exp104b_intermediate_sep_da_custom_dist_fixed",
    "params": 9679340,
    "n": 50000,
    "total_time_s": 540.547636695771,
    "mean_lat_ms": 10.810952733915418,
    "p50_ms": 10.490299999876243,
    "p95_ms": 14.974024998739424,
    "p99_ms": 17.602374999771655,
    "throughput_wps": 92.49878568637757,
    "throughput_tps": 1169.554646218558,
    "throughput_cps_in": 831.9340784632799,
    "throughput_cps_out": 1178.8045247871958,
    "tokens_per_word": 12.644,
    "chars_in_per_word": 8.994,
    "chars_out_per_word": 12.744,
    "ci95_lat_low_ms": 10.78970845675209,
    "ci95_lat_high_ms": 10.832197011078748,
    "ci95_wps_low": 92.31737559584995,
    "ci95_wps_high": 92.68091014768895,
    "stable_wps": 86.21449085973505,
    "stable_cv": 0.1823168250671433,
    "stable_window_start": 14536,
    "global_cv": 0.22418519100269313,
    "thermal_ratio": 0.984004045830911,
    "mean_first_ms": 10.645523749927179,
    "mean_last_ms": 10.475238439917394,
    "loop_overhead_us": 0.10000010433941497,
    "status": "success",
    "device": "cuda",
    "batch_size": 4
  }
}
