{
  "artifact_type": "inference_benchmark",
  "generated_by": "python src/benchmark_inference.py",
  "base_name": "exp104b_intermediate_sep_da_custom_dist_fixed__20260311_022457",
  "experiment": "exp104b_intermediate_sep_da_custom_dist_fixed",
  "raw_csv_path": "C:/Users/leona/OneDrive/Documents/Projects/Acadêmicos/FG2P/results/exp104b_intermediate_sep_da_custom_dist_fixed/benchmark_exp104b_intermediate_sep_da_custom_dist_fixed__20260311_022457_cpu_raw_b128.csv",
  "benchmark_metadata": {
    "benchmark_date": "2026-03-15 17:32:27",
    "devices": [
      "cpu"
    ],
    "test_words": 500,
    "warmup_runs": 20,
    "benchmark_runs": 200,
    "adaptive": true,
    "adaptive_min_runs": 10,
    "adaptive_max_runs": 80,
    "adaptive_cv_target": 0.03,
    "loop_overhead_us": 0.100000761449337,
    "force": true,
    "selected_models": 19,
    "cpu_quantize": false,
    "cpu_threads": null,
    "batch_size": 128,
    "sweep_mode": true,
    "sweep_batch_sizes": [
      1,
      4,
      8,
      16,
      32,
      64,
      128
    ]
  },
  "result": {
    "model_index": 15,
    "base_name": "exp104b_intermediate_sep_da_custom_dist_fixed__20260311_022457",
    "experiment": "exp104b_intermediate_sep_da_custom_dist_fixed",
    "params": 9679340,
    "n": 5000,
    "total_time_s": 15.613745096168714,
    "mean_lat_ms": 3.122749019233743,
    "p50_ms": 3.05613749924305,
    "p95_ms": 3.3707984367765675,
    "p99_ms": 3.483255467926938,
    "throughput_wps": 320.23066658279794,
    "throughput_tps": 4021.4567109467766,
    "throughput_cps_in": 2843.648319255246,
    "throughput_cps_out": 4059.8843909367124,
    "tokens_per_word": 12.558,
    "chars_in_per_word": 8.88,
    "chars_out_per_word": 12.678,
    "ci95_lat_low_ms": 3.117803731569922,
    "ci95_lat_high_ms": 3.127694306897564,
    "ci95_wps_low": 319.72434064118124,
    "ci95_wps_high": 320.738598736767,
    "stable_wps": 320.2444516361042,
    "stable_cv": 0.05082344565877919,
    "stable_window_start": 3128,
    "global_cv": 0.05713252382965256,
    "thermal_ratio": 0.9997720678802086,
    "mean_first_ms": 3.1175946992152603,
    "mean_last_ms": 3.1168840992468176,
    "loop_overhead_us": 0.100000761449337,
    "status": "success",
    "device": "cpu",
    "batch_size": 128,
    "adaptive": true,
    "runs_executed": 10,
    "max_runs": 80,
    "min_runs": 10,
    "cv_target": 0.03,
    "converged": true,
    "final_run_cv": 0.01077648584657335,
    "n_samples_raw": 5000,
    "n_samples_clean": 5000,
    "n_outliers_removed": 0
  }
}
