{
  "artifact_type": "inference_benchmark",
  "generated_by": "python src/benchmark_inference.py",
  "base_name": "exp104b_intermediate_sep_da_custom_dist_fixed__20260225_045333",
  "experiment": "exp104b_intermediate_sep_da_custom_dist_fixed",
  "raw_csv_path": "C:/Users/leona/OneDrive/Documents/Projects/Acadêmicos/FG2P/results/exp104b_intermediate_sep_da_custom_dist_fixed/benchmark_exp104b_intermediate_sep_da_custom_dist_fixed__20260225_045333_cpu_raw_b32.csv",
  "benchmark_metadata": {
    "benchmark_date": "2026-03-15 17:04:56",
    "devices": [
      "cpu"
    ],
    "test_words": 500,
    "warmup_runs": 20,
    "benchmark_runs": 200,
    "adaptive": true,
    "adaptive_min_runs": 10,
    "adaptive_max_runs": 80,
    "adaptive_cv_target": 0.03,
    "loop_overhead_us": 0.100000761449337,
    "force": true,
    "selected_models": 19,
    "cpu_quantize": false,
    "cpu_threads": null,
    "batch_size": 32,
    "sweep_mode": true,
    "sweep_batch_sizes": [
      1,
      4,
      8,
      16,
      32,
      64,
      128
    ]
  },
  "result": {
    "model_index": 8,
    "base_name": "exp104b_intermediate_sep_da_custom_dist_fixed__20260225_045333",
    "experiment": "exp104b_intermediate_sep_da_custom_dist_fixed",
    "params": 9679340,
    "n": 5000,
    "total_time_s": 19.882614296264364,
    "mean_lat_ms": 3.9765228592528725,
    "p50_ms": 4.01773124895044,
    "p95_ms": 4.942453124385793,
    "p99_ms": 5.015399999138026,
    "throughput_wps": 251.47598426930318,
    "throughput_tps": 3158.0354104539097,
    "throughput_cps_in": 2233.1067403114125,
    "throughput_cps_out": 3188.212528566226,
    "tokens_per_word": 12.558,
    "chars_in_per_word": 8.88,
    "chars_out_per_word": 12.678,
    "ci95_lat_low_ms": 3.961588319200883,
    "ci95_lat_high_ms": 3.991457399304862,
    "ci95_wps_low": 250.53505523425014,
    "ci95_wps_high": 252.42400760150574,
    "stable_wps": 250.54759059363545,
    "stable_cv": 0.13215421652883516,
    "stable_window_start": 224,
    "global_cv": 0.1354931374649406,
    "thermal_ratio": 0.9963646365082927,
    "mean_first_ms": 3.9818576993129677,
    "mean_last_ms": 3.967382199203712,
    "loop_overhead_us": 0.100000761449337,
    "status": "success",
    "device": "cpu",
    "batch_size": 32,
    "adaptive": true,
    "runs_executed": 10,
    "max_runs": 80,
    "min_runs": 10,
    "cv_target": 0.03,
    "converged": true,
    "final_run_cv": 0.008116627278028685,
    "n_samples_raw": 5000,
    "n_samples_clean": 5000,
    "n_outliers_removed": 0
  }
}
