{
  "artifact_type": "inference_benchmark",
  "generated_by": "python src/benchmark_inference.py",
  "base_name": "exp104b_intermediate_sep_da_custom_dist_fixed__20260311_022457",
  "experiment": "exp104b_intermediate_sep_da_custom_dist_fixed",
  "raw_csv_path": "C:/Users/leona/OneDrive/Documents/Projects/Acadêmicos/FG2P/results/exp104b_intermediate_sep_da_custom_dist_fixed/benchmark_exp104b_intermediate_sep_da_custom_dist_fixed__20260311_022457_cuda_raw_b32.csv",
  "benchmark_metadata": {
    "benchmark_date": "2026-03-15 06:34:55",
    "devices": [
      "cuda"
    ],
    "test_words": 1000,
    "warmup_runs": 20,
    "benchmark_runs": 50,
    "loop_overhead_us": 0.10000010433941497,
    "force": true,
    "selected_models": 19,
    "cpu_quantize": false,
    "cpu_threads": null,
    "batch_size": 32,
    "sweep_mode": true,
    "sweep_batch_sizes": [
      1,
      4,
      8,
      16,
      32,
      64,
      128,
      256,
      512
    ]
  },
  "result": {
    "model_index": 15,
    "base_name": "exp104b_intermediate_sep_da_custom_dist_fixed__20260311_022457",
    "experiment": "exp104b_intermediate_sep_da_custom_dist_fixed",
    "params": 9679340,
    "n": 50000,
    "total_time_s": 122.01865659464693,
    "mean_lat_ms": 2.4403731318929385,
    "p50_ms": 2.396371874713168,
    "p95_ms": 3.0390468748214516,
    "p99_ms": 3.2664343745841506,
    "throughput_wps": 409.7734018339745,
    "throughput_tps": 5181.174892788774,
    "throughput_cps_in": 3685.5019760947666,
    "throughput_cps_out": 5222.152232972171,
    "tokens_per_word": 12.644,
    "chars_in_per_word": 8.994,
    "chars_out_per_word": 12.744,
    "ci95_lat_low_ms": 2.437060870242764,
    "ci95_lat_high_ms": 2.443685393543113,
    "ci95_wps_low": 409.21797979489264,
    "ci95_wps_high": 410.33033364504627,
    "stable_wps": 410.9937490778002,
    "stable_cv": 0.14832343369916257,
    "stable_window_start": 22416,
    "global_cv": 0.15484505201489276,
    "thermal_ratio": 0.9900630236956599,
    "mean_first_ms": 2.4542928598887555,
    "mean_last_ms": 2.4299046098961297,
    "loop_overhead_us": 0.10000010433941497,
    "status": "success",
    "device": "cuda",
    "batch_size": 32
  }
}
