{
  "artifact_type": "inference_benchmark",
  "generated_by": "python src/benchmark_inference.py",
  "base_name": "exp104b_intermediate_sep_da_custom_dist_fixed__20260225_045333",
  "experiment": "exp104b_intermediate_sep_da_custom_dist_fixed",
  "raw_csv_path": "C:/Users/leona/OneDrive/Documents/Projects/Acadêmicos/FG2P/results/exp104b_intermediate_sep_da_custom_dist_fixed/benchmark_exp104b_intermediate_sep_da_custom_dist_fixed__20260225_045333_cpu_raw_b4.csv",
  "benchmark_metadata": {
    "benchmark_date": "2026-03-15 15:32:05",
    "devices": [
      "cpu"
    ],
    "test_words": 500,
    "warmup_runs": 20,
    "benchmark_runs": 200,
    "adaptive": true,
    "adaptive_min_runs": 10,
    "adaptive_max_runs": 80,
    "adaptive_cv_target": 0.03,
    "loop_overhead_us": 0.100000761449337,
    "force": true,
    "selected_models": 19,
    "cpu_quantize": false,
    "cpu_threads": null,
    "batch_size": 4,
    "sweep_mode": true,
    "sweep_batch_sizes": [
      1,
      4,
      8,
      16,
      32,
      64,
      128
    ]
  },
  "result": {
    "model_index": 8,
    "base_name": "exp104b_intermediate_sep_da_custom_dist_fixed__20260225_045333",
    "experiment": "exp104b_intermediate_sep_da_custom_dist_fixed",
    "params": 9679340,
    "n": 4872,
    "total_time_s": 54.599151096874266,
    "mean_lat_ms": 11.206722310524276,
    "p50_ms": 11.042549998819595,
    "p95_ms": 14.603499999793712,
    "p99_ms": 15.891424998699222,
    "throughput_wps": 89.23215658345494,
    "throughput_tps": 1113.5154810764184,
    "throughput_cps_in": 787.7961311831173,
    "throughput_cps_out": 1123.3874294340706,
    "tokens_per_word": 12.478858784893267,
    "chars_in_per_word": 8.828612479474549,
    "chars_out_per_word": 12.589490968801314,
    "ci95_lat_low_ms": 11.15349019118614,
    "ci95_lat_high_ms": 11.259954429862411,
    "ci95_wps_low": 88.81030613657815,
    "ci95_wps_high": 89.65803375074766,
    "stable_wps": 89.57418763000723,
    "stable_cv": 0.16443777660766057,
    "stable_window_start": 80,
    "global_cv": 0.16915806742996486,
    "thermal_ratio": 1.0079297287082125,
    "mean_first_ms": 11.158727001405914,
    "mean_last_ms": 11.247212679256068,
    "loop_overhead_us": 0.100000761449337,
    "status": "success",
    "device": "cpu",
    "batch_size": 4,
    "adaptive": true,
    "runs_executed": 10,
    "max_runs": 80,
    "min_runs": 10,
    "cv_target": 0.03,
    "converged": true,
    "final_run_cv": 0.008327858189862434,
    "n_samples_raw": 5000,
    "n_samples_clean": 4872,
    "n_outliers_removed": 128
  }
}
