{
  "artifact_type": "inference_benchmark",
  "generated_by": "python src/benchmark_inference.py",
  "base_name": "exp104b_intermediate_sep_da_custom_dist_fixed__20260311_022457",
  "experiment": "exp104b_intermediate_sep_da_custom_dist_fixed",
  "raw_csv_path": "C:/Users/leona/OneDrive/Documents/Projects/Acadêmicos/FG2P/results/exp104b_intermediate_sep_da_custom_dist_fixed/benchmark_exp104b_intermediate_sep_da_custom_dist_fixed__20260311_022457_cpu_raw_b16.csv",
  "benchmark_metadata": {
    "benchmark_date": "2026-03-15 16:44:46",
    "devices": [
      "cpu"
    ],
    "test_words": 500,
    "warmup_runs": 20,
    "benchmark_runs": 200,
    "adaptive": true,
    "adaptive_min_runs": 10,
    "adaptive_max_runs": 80,
    "adaptive_cv_target": 0.03,
    "loop_overhead_us": 0.100000761449337,
    "force": true,
    "selected_models": 19,
    "cpu_quantize": false,
    "cpu_threads": null,
    "batch_size": 16,
    "sweep_mode": true,
    "sweep_batch_sizes": [
      1,
      4,
      8,
      16,
      32,
      64,
      128
    ]
  },
  "result": {
    "model_index": 15,
    "base_name": "exp104b_intermediate_sep_da_custom_dist_fixed__20260311_022457",
    "experiment": "exp104b_intermediate_sep_da_custom_dist_fixed",
    "params": 9679340,
    "n": 4960,
    "total_time_s": 26.409008596194326,
    "mean_lat_ms": 5.324396894394018,
    "p50_ms": 5.250324998996803,
    "p95_ms": 6.7370312490311335,
    "p99_ms": 7.271043749824457,
    "throughput_wps": 187.81469898551063,
    "throughput_tps": 2358.6648386708584,
    "throughput_cps_in": 1667.612770831026,
    "throughput_cps_out": 2381.005700042119,
    "tokens_per_word": 12.558467741935484,
    "chars_in_per_word": 8.879032258064516,
    "chars_out_per_word": 12.67741935483871,
    "ci95_lat_low_ms": 5.303108695723843,
    "ci95_lat_high_ms": 5.345685093064192,
    "ci95_wps_low": 187.06676180709917,
    "ci95_wps_high": 188.56864103244746,
    "stable_wps": 187.9543540999003,
    "stable_cv": 0.13756566851428897,
    "stable_window_start": 592,
    "global_cv": 0.14366575516156785,
    "thermal_ratio": 1.002936641065069,
    "mean_first_ms": 5.2987353822631595,
    "mean_last_ms": 5.3142958661796476,
    "loop_overhead_us": 0.100000761449337,
    "status": "success",
    "device": "cpu",
    "batch_size": 16,
    "adaptive": true,
    "runs_executed": 10,
    "max_runs": 80,
    "min_runs": 10,
    "cv_target": 0.03,
    "converged": true,
    "final_run_cv": 0.012562340070792263,
    "n_samples_raw": 5000,
    "n_samples_clean": 4960,
    "n_outliers_removed": 40
  }
}
