{
  "artifact_type": "inference_benchmark",
  "generated_by": "python src/benchmark_inference.py",
  "base_name": "exp104b_intermediate_sep_da_custom_dist_fixed__20260311_022457",
  "experiment": "exp104b_intermediate_sep_da_custom_dist_fixed",
  "raw_csv_path": "C:/Users/leona/OneDrive/Documents/Projects/Acadêmicos/FG2P/results/exp104b_intermediate_sep_da_custom_dist_fixed/benchmark_exp104b_intermediate_sep_da_custom_dist_fixed__20260311_022457_cpu_raw_b64.csv",
  "benchmark_metadata": {
    "benchmark_date": "2026-03-15 17:19:58",
    "devices": [
      "cpu"
    ],
    "test_words": 500,
    "warmup_runs": 20,
    "benchmark_runs": 200,
    "adaptive": true,
    "adaptive_min_runs": 10,
    "adaptive_max_runs": 80,
    "adaptive_cv_target": 0.03,
    "loop_overhead_us": 0.100000761449337,
    "force": true,
    "selected_models": 19,
    "cpu_quantize": false,
    "cpu_threads": null,
    "batch_size": 64,
    "sweep_mode": true,
    "sweep_batch_sizes": [
      1,
      4,
      8,
      16,
      32,
      64,
      128
    ]
  },
  "result": {
    "model_index": 15,
    "base_name": "exp104b_intermediate_sep_da_custom_dist_fixed__20260311_022457",
    "experiment": "exp104b_intermediate_sep_da_custom_dist_fixed",
    "params": 9679340,
    "n": 4360,
    "total_time_s": 15.177850096704788,
    "mean_lat_ms": 3.4811582790607307,
    "p50_ms": 3.4578865379444323,
    "p95_ms": 3.918223436585322,
    "p99_ms": 3.9425984366516786,
    "throughput_wps": 287.26071032593643,
    "throughput_tps": 3646.761540490959,
    "throughput_cps_in": 2582.052118732442,
    "throughput_cps_out": 3681.680847021405,
    "tokens_per_word": 12.694954128440367,
    "chars_in_per_word": 8.988532110091743,
    "chars_out_per_word": 12.81651376146789,
    "ci95_lat_low_ms": 3.4739726498919996,
    "ci95_lat_high_ms": 3.4883439082294623,
    "ci95_wps_low": 286.66898284910167,
    "ci95_wps_high": 287.8548856828474,
    "stable_wps": 285.0705885435273,
    "stable_cv": 0.06261241095494016,
    "stable_window_start": 872,
    "global_cv": 0.0695389620401769,
    "thermal_ratio": 1.0019442709589756,
    "mean_first_ms": 3.4757491964704,
    "mean_last_ms": 3.48250699469378,
    "loop_overhead_us": 0.100000761449337,
    "status": "success",
    "device": "cpu",
    "batch_size": 64,
    "adaptive": true,
    "runs_executed": 10,
    "max_runs": 80,
    "min_runs": 10,
    "cv_target": 0.03,
    "converged": true,
    "final_run_cv": 0.00999032483886627,
    "n_samples_raw": 5000,
    "n_samples_clean": 4360,
    "n_outliers_removed": 640
  }
}
