{
  "artifact_type": "inference_benchmark",
  "generated_by": "python src/benchmark_inference.py",
  "base_name": "exp104b_intermediate_sep_da_custom_dist_fixed__20260311_022457",
  "experiment": "exp104b_intermediate_sep_da_custom_dist_fixed",
  "raw_csv_path": "C:/Users/leona/OneDrive/Documents/Projects/Acadêmicos/FG2P/results/exp104b_intermediate_sep_da_custom_dist_fixed/benchmark_exp104b_intermediate_sep_da_custom_dist_fixed__20260311_022457_cpu_raw_b8.csv",
  "benchmark_metadata": {
    "benchmark_date": "2026-03-15 16:15:46",
    "devices": [
      "cpu"
    ],
    "test_words": 500,
    "warmup_runs": 20,
    "benchmark_runs": 200,
    "adaptive": true,
    "adaptive_min_runs": 10,
    "adaptive_max_runs": 80,
    "adaptive_cv_target": 0.03,
    "loop_overhead_us": 0.100000761449337,
    "force": true,
    "selected_models": 19,
    "cpu_quantize": false,
    "cpu_threads": null,
    "batch_size": 8,
    "sweep_mode": true,
    "sweep_batch_sizes": [
      1,
      4,
      8,
      16,
      32,
      64,
      128
    ]
  },
  "result": {
    "model_index": 15,
    "base_name": "exp104b_intermediate_sep_da_custom_dist_fixed__20260311_022457",
    "experiment": "exp104b_intermediate_sep_da_custom_dist_fixed",
    "params": 9679340,
    "n": 4876,
    "total_time_s": 36.923687096248614,
    "mean_lat_ms": 7.5725363199853595,
    "p50_ms": 7.480274998670211,
    "p95_ms": 9.728762499435106,
    "p99_ms": 10.403162499642349,
    "throughput_wps": 132.05615103631928,
    "throughput_tps": 1653.762254046506,
    "throughput_cps_in": 1169.7910852567143,
    "throughput_cps_out": 1669.1994989379543,
    "tokens_per_word": 12.523174733388023,
    "chars_in_per_word": 8.858285479901559,
    "chars_out_per_word": 12.640073831009024,
    "ci95_lat_low_ms": 7.54139941656989,
    "ci95_lat_high_ms": 7.60367322340083,
    "ci95_wps_low": 131.5153835020725,
    "ci95_wps_high": 132.601384008757,
    "stable_wps": 129.89314990839338,
    "stable_cv": 0.13684372389666943,
    "stable_window_start": 664,
    "global_cv": 0.1464906249032388,
    "thermal_ratio": 0.9740210575786115,
    "mean_first_ms": 7.723298050457229,
    "mean_last_ms": 7.522654935101179,
    "loop_overhead_us": 0.100000761449337,
    "status": "success",
    "device": "cpu",
    "batch_size": 8,
    "adaptive": true,
    "runs_executed": 10,
    "max_runs": 80,
    "min_runs": 10,
    "cv_target": 0.03,
    "converged": true,
    "final_run_cv": 0.007079082826250302,
    "n_samples_raw": 5000,
    "n_samples_clean": 4876,
    "n_outliers_removed": 124
  }
}
