{
  "artifact_type": "inference_benchmark",
  "generated_by": "python src/benchmark_inference.py",
  "base_name": "exp104b_intermediate_sep_da_custom_dist_fixed__20260225_045333",
  "experiment": "exp104b_intermediate_sep_da_custom_dist_fixed",
  "raw_csv_path": "C:/Users/leona/OneDrive/Documents/Projects/Acadêmicos/FG2P/results/exp104b_intermediate_sep_da_custom_dist_fixed/benchmark_exp104b_intermediate_sep_da_custom_dist_fixed__20260225_045333_cpu_raw_b8.csv",
  "benchmark_metadata": {
    "benchmark_date": "2026-03-15 16:15:46",
    "devices": [
      "cpu"
    ],
    "test_words": 500,
    "warmup_runs": 20,
    "benchmark_runs": 200,
    "adaptive": true,
    "adaptive_min_runs": 10,
    "adaptive_max_runs": 80,
    "adaptive_cv_target": 0.03,
    "loop_overhead_us": 0.100000761449337,
    "force": true,
    "selected_models": 19,
    "cpu_quantize": false,
    "cpu_threads": null,
    "batch_size": 8,
    "sweep_mode": true,
    "sweep_batch_sizes": [
      1,
      4,
      8,
      16,
      32,
      64,
      128
    ]
  },
  "result": {
    "model_index": 8,
    "base_name": "exp104b_intermediate_sep_da_custom_dist_fixed__20260225_045333",
    "experiment": "exp104b_intermediate_sep_da_custom_dist_fixed",
    "params": 9679340,
    "n": 4872,
    "total_time_s": 36.50278189647361,
    "mean_lat_ms": 7.492360816189164,
    "p50_ms": 7.518012498621829,
    "p95_ms": 9.5001499994396,
    "p99_ms": 10.081949998493656,
    "throughput_wps": 133.46927951457488,
    "throughput_tps": 1669.7905428925224,
    "throughput_cps_in": 1181.1702494972108,
    "throughput_cps_out": 1685.3236055946495,
    "tokens_per_word": 12.510673234811167,
    "chars_in_per_word": 8.849753694581281,
    "chars_out_per_word": 12.627052545155994,
    "ci95_lat_low_ms": 7.462869770542002,
    "ci95_lat_high_ms": 7.521851861836326,
    "ci95_wps_low": 132.94598436240247,
    "ci95_wps_high": 133.99671048090303,
    "stable_wps": 133.67110265583716,
    "stable_cv": 0.13455198128401633,
    "stable_window_start": 162,
    "global_cv": 0.1401745129921132,
    "thermal_ratio": 0.9943078830746304,
    "mean_first_ms": 7.475282083435296,
    "mean_last_ms": 7.432731903766261,
    "loop_overhead_us": 0.100000761449337,
    "status": "success",
    "device": "cpu",
    "batch_size": 8,
    "adaptive": true,
    "runs_executed": 10,
    "max_runs": 80,
    "min_runs": 10,
    "cv_target": 0.03,
    "converged": true,
    "final_run_cv": 0.001228268735690039,
    "n_samples_raw": 5000,
    "n_samples_clean": 4872,
    "n_outliers_removed": 128
  }
}
