{
  "artifact_type": "inference_benchmark",
  "generated_by": "python src/benchmark_inference.py",
  "base_name": "exp104b_intermediate_sep_da_custom_dist_fixed__20260225_045333",
  "experiment": "exp104b_intermediate_sep_da_custom_dist_fixed",
  "raw_csv_path": "C:/Users/leona/OneDrive/Documents/Projects/Acadêmicos/FG2P/results/exp104b_intermediate_sep_da_custom_dist_fixed/benchmark_exp104b_intermediate_sep_da_custom_dist_fixed__20260225_045333_cpu_raw_b128.csv",
  "benchmark_metadata": {
    "benchmark_date": "2026-03-15 17:32:27",
    "devices": [
      "cpu"
    ],
    "test_words": 500,
    "warmup_runs": 20,
    "benchmark_runs": 200,
    "adaptive": true,
    "adaptive_min_runs": 10,
    "adaptive_max_runs": 80,
    "adaptive_cv_target": 0.03,
    "loop_overhead_us": 0.100000761449337,
    "force": true,
    "selected_models": 19,
    "cpu_quantize": false,
    "cpu_threads": null,
    "batch_size": 128,
    "sweep_mode": true,
    "sweep_batch_sizes": [
      1,
      4,
      8,
      16,
      32,
      64,
      128
    ]
  },
  "result": {
    "model_index": 8,
    "base_name": "exp104b_intermediate_sep_da_custom_dist_fixed__20260225_045333",
    "experiment": "exp104b_intermediate_sep_da_custom_dist_fixed",
    "params": 9679340,
    "n": 5000,
    "total_time_s": 15.72064229620446,
    "mean_lat_ms": 3.144128459240892,
    "p50_ms": 3.153844530402239,
    "p95_ms": 3.4295523430500907,
    "p99_ms": 3.461864842961404,
    "throughput_wps": 318.0531625738462,
    "throughput_tps": 3994.111615602361,
    "throughput_cps_in": 2824.312083655754,
    "throughput_cps_out": 4032.277995111222,
    "tokens_per_word": 12.558,
    "chars_in_per_word": 8.88,
    "chars_out_per_word": 12.678,
    "ci95_lat_low_ms": 3.139156890500465,
    "ci95_lat_high_ms": 3.1491000279813184,
    "ci95_wps_low": 317.55104350909886,
    "ci95_wps_high": 318.55687207802265,
    "stable_wps": 319.39116386500814,
    "stable_cv": 0.052635207733773184,
    "stable_window_start": 2884,
    "global_cv": 0.05704559283691011,
    "thermal_ratio": 0.9974418058467683,
    "mean_first_ms": 3.1487054992467165,
    "mean_last_ms": 3.140650499248295,
    "loop_overhead_us": 0.100000761449337,
    "status": "success",
    "device": "cpu",
    "batch_size": 128,
    "adaptive": true,
    "runs_executed": 10,
    "max_runs": 80,
    "min_runs": 10,
    "cv_target": 0.03,
    "converged": true,
    "final_run_cv": 0.0011767122082144464,
    "n_samples_raw": 5000,
    "n_samples_clean": 5000,
    "n_outliers_removed": 0
  }
}
