{
  "artifact_type": "inference_benchmark",
  "generated_by": "python src/benchmark_inference.py",
  "base_name": "exp104b_intermediate_sep_da_custom_dist_fixed__20260225_045333",
  "experiment": "exp104b_intermediate_sep_da_custom_dist_fixed",
  "raw_csv_path": "C:/Users/leona/OneDrive/Documents/Projects/Acadêmicos/FG2P/results/exp104b_intermediate_sep_da_custom_dist_fixed/benchmark_exp104b_intermediate_sep_da_custom_dist_fixed__20260225_045333_cuda_raw_b64.csv",
  "benchmark_metadata": {
    "benchmark_date": "2026-03-15 08:01:10",
    "devices": [
      "cuda"
    ],
    "test_words": 1000,
    "warmup_runs": 20,
    "benchmark_runs": 50,
    "loop_overhead_us": 0.10000010433941497,
    "force": true,
    "selected_models": 19,
    "cpu_quantize": false,
    "cpu_threads": null,
    "batch_size": 64,
    "sweep_mode": true,
    "sweep_batch_sizes": [
      1,
      4,
      8,
      16,
      32,
      64,
      128,
      256,
      512
    ]
  },
  "result": {
    "model_index": 8,
    "base_name": "exp104b_intermediate_sep_da_custom_dist_fixed__20260225_045333",
    "experiment": "exp104b_intermediate_sep_da_custom_dist_fixed",
    "params": 9679340,
    "n": 50000,
    "total_time_s": 85.56873119486863,
    "mean_lat_ms": 1.7113746238973726,
    "p50_ms": 1.6789296873616877,
    "p95_ms": 2.082243749985082,
    "p99_ms": 2.207547500004239,
    "throughput_wps": 584.3255977014929,
    "throughput_tps": 7387.628531739975,
    "throughput_cps_in": 5255.424425727228,
    "throughput_cps_out": 7446.061091510125,
    "tokens_per_word": 12.643,
    "chars_in_per_word": 8.994,
    "chars_out_per_word": 12.743,
    "ci95_lat_low_ms": 1.709737046423806,
    "ci95_lat_high_ms": 1.7130122013709392,
    "ci95_wps_low": 583.7670036440435,
    "ci95_wps_high": 584.885261796054,
    "stable_wps": 575.3287215778048,
    "stable_cv": 0.09055843857467487,
    "stable_window_start": 9960,
    "global_cv": 0.10916557291602697,
    "thermal_ratio": 0.9640685815652476,
    "mean_first_ms": 1.7417572898943945,
    "mean_last_ms": 1.6791734798994185,
    "loop_overhead_us": 0.10000010433941497,
    "status": "success",
    "device": "cuda",
    "batch_size": 64
  }
}
