{
  "artifact_type": "inference_benchmark",
  "generated_by": "python src/benchmark_inference.py",
  "base_name": "exp104b_intermediate_sep_da_custom_dist_fixed__20260225_045333",
  "experiment": "exp104b_intermediate_sep_da_custom_dist_fixed",
  "raw_csv_path": "C:/Users/leona/OneDrive/Documents/Projects/Acadêmicos/FG2P/results/exp104b_intermediate_sep_da_custom_dist_fixed/benchmark_exp104b_intermediate_sep_da_custom_dist_fixed__20260225_045333_cuda_raw_b128.csv",
  "benchmark_metadata": {
    "benchmark_date": "2026-03-15 09:12:54",
    "devices": [
      "cuda"
    ],
    "test_words": 1000,
    "warmup_runs": 20,
    "benchmark_runs": 50,
    "loop_overhead_us": 0.10000010433941497,
    "force": true,
    "selected_models": 19,
    "cpu_quantize": false,
    "cpu_threads": null,
    "batch_size": 128,
    "sweep_mode": true,
    "sweep_batch_sizes": [
      1,
      4,
      8,
      16,
      32,
      64,
      128,
      256,
      512
    ]
  },
  "result": {
    "model_index": 8,
    "base_name": "exp104b_intermediate_sep_da_custom_dist_fixed__20260225_045333",
    "experiment": "exp104b_intermediate_sep_da_custom_dist_fixed",
    "params": 9679340,
    "n": 50000,
    "total_time_s": 67.48389669469634,
    "mean_lat_ms": 1.3496779338939269,
    "p50_ms": 1.3472726561508352,
    "p95_ms": 1.4311562499392494,
    "p99_ms": 1.739782031197592,
    "throughput_wps": 740.9174995659308,
    "throughput_tps": 9367.419947012064,
    "throughput_cps_in": 6663.811991095982,
    "throughput_cps_out": 9441.511696968657,
    "tokens_per_word": 12.643,
    "chars_in_per_word": 8.994,
    "chars_out_per_word": 12.743,
    "ci95_lat_low_ms": 1.3484383263979287,
    "ci95_lat_high_ms": 1.3509175413899253,
    "ci95_wps_low": 740.237630618909,
    "ci95_wps_high": 741.5986185080419,
    "stable_wps": 737.7248233612399,
    "stable_cv": 0.03422896525742991,
    "stable_window_start": 11384,
    "global_cv": 0.10478110569718646,
    "thermal_ratio": 0.9837011890031505,
    "mean_first_ms": 1.356667059892152,
    "mean_last_ms": 1.3345549998973183,
    "loop_overhead_us": 0.10000010433941497,
    "status": "success",
    "device": "cuda",
    "batch_size": 128
  }
}
