{
  "artifact_type": "inference_benchmark",
  "generated_by": "python src/benchmark_inference.py",
  "base_name": "exp104b_intermediate_sep_da_custom_dist_fixed__20260311_022457",
  "experiment": "exp104b_intermediate_sep_da_custom_dist_fixed",
  "raw_csv_path": "C:/Users/leona/OneDrive/Documents/Projects/Acadêmicos/FG2P/results/exp104b_intermediate_sep_da_custom_dist_fixed/benchmark_exp104b_intermediate_sep_da_custom_dist_fixed__20260311_022457_cuda_raw_b16.csv",
  "benchmark_metadata": {
    "benchmark_date": "2026-03-15 04:42:32",
    "devices": [
      "cuda"
    ],
    "test_words": 1000,
    "warmup_runs": 20,
    "benchmark_runs": 50,
    "loop_overhead_us": 0.10000010433941497,
    "force": true,
    "selected_models": 19,
    "cpu_quantize": false,
    "cpu_threads": null,
    "batch_size": 16,
    "sweep_mode": true,
    "sweep_batch_sizes": [
      1,
      4,
      8,
      16,
      32,
      64,
      128,
      256,
      512
    ]
  },
  "result": {
    "model_index": 15,
    "base_name": "exp104b_intermediate_sep_da_custom_dist_fixed__20260311_022457",
    "experiment": "exp104b_intermediate_sep_da_custom_dist_fixed",
    "params": 9679340,
    "n": 50000,
    "total_time_s": 185.22310689474125,
    "mean_lat_ms": 3.704462137894825,
    "p50_ms": 3.616962499766032,
    "p95_ms": 4.660281249673517,
    "p99_ms": 5.31621874936036,
    "throughput_wps": 269.9447214672522,
    "throughput_tps": 3413.1810582319363,
    "throughput_cps_in": 2427.8828248764657,
    "throughput_cps_out": 3440.1755303786617,
    "tokens_per_word": 12.644,
    "chars_in_per_word": 8.994,
    "chars_out_per_word": 12.744,
    "ci95_lat_low_ms": 3.6996160663364925,
    "ci95_lat_high_ms": 3.709308209453157,
    "ci95_wps_low": 269.59204884929864,
    "ci95_wps_high": 270.29831800634383,
    "stable_wps": 272.43980712978964,
    "stable_cv": 0.13275956755322815,
    "stable_window_start": 19576,
    "global_cv": 0.14924287037807307,
    "thermal_ratio": 0.9963381802761698,
    "mean_first_ms": 3.701047849898987,
    "mean_last_ms": 3.6874952798833878,
    "loop_overhead_us": 0.10000010433941497,
    "status": "success",
    "device": "cuda",
    "batch_size": 16
  }
}
