{
  "artifact_type": "inference_benchmark",
  "generated_by": "python src/benchmark_inference.py",
  "base_name": "exp104b_intermediate_sep_da_custom_dist_fixed__20260225_045333",
  "experiment": "exp104b_intermediate_sep_da_custom_dist_fixed",
  "raw_csv_path": "C:/Users/leona/OneDrive/Documents/Projects/Acadêmicos/FG2P/results/exp104b_intermediate_sep_da_custom_dist_fixed/benchmark_exp104b_intermediate_sep_da_custom_dist_fixed__20260225_045333_cpu_raw.csv",
  "benchmark_metadata": {
    "benchmark_date": "2026-03-15 13:37:48",
    "devices": [
      "cpu"
    ],
    "test_words": 500,
    "warmup_runs": 20,
    "benchmark_runs": 200,
    "adaptive": true,
    "adaptive_min_runs": 10,
    "adaptive_max_runs": 80,
    "adaptive_cv_target": 0.03,
    "loop_overhead_us": 0.100000761449337,
    "force": true,
    "selected_models": 19,
    "cpu_quantize": false,
    "cpu_threads": null,
    "batch_size": 1,
    "sweep_mode": true,
    "sweep_batch_sizes": [
      1,
      4,
      8,
      16,
      32,
      64,
      128
    ]
  },
  "result": {
    "model_index": 8,
    "base_name": "exp104b_intermediate_sep_da_custom_dist_fixed__20260225_045333",
    "experiment": "exp104b_intermediate_sep_da_custom_dist_fixed",
    "params": 9679340,
    "n": 4935,
    "total_time_s": 144.28400629592943,
    "mean_lat_ms": 29.236880708395024,
    "p50_ms": 28.916800001752563,
    "p95_ms": 42.093299998668954,
    "p99_ms": 47.71980000077747,
    "throughput_wps": 34.20337518129497,
    "throughput_tps": 424.21195232452305,
    "throughput_cps_in": 300.19959323254517,
    "throughput_cps_out": 428.3565558419323,
    "tokens_per_word": 12.402634245187437,
    "chars_in_per_word": 8.776899696048632,
    "chars_out_per_word": 12.523809523809524,
    "ci95_lat_low_ms": 29.030830636401497,
    "ci95_lat_high_ms": 29.442930780388547,
    "ci95_wps_low": 33.964010154385974,
    "ci95_wps_high": 34.44613805662553,
    "stable_wps": 34.272978251680016,
    "stable_cv": 0.25128187075914843,
    "stable_window_start": 3,
    "global_cv": 0.2525976128621017,
    "thermal_ratio": 1.003442602424919,
    "mean_first_ms": 29.18484954313168,
    "mean_last_ms": 29.285321376939763,
    "loop_overhead_us": 0.100000761449337,
    "status": "success",
    "device": "cpu",
    "batch_size": 1,
    "adaptive": true,
    "runs_executed": 10,
    "max_runs": 80,
    "min_runs": 10,
    "cv_target": 0.03,
    "converged": true,
    "final_run_cv": 0.002721853976108734,
    "n_samples_raw": 5000,
    "n_samples_clean": 4935,
    "n_outliers_removed": 65
  }
}
