{
  "artifact_type": "inference_benchmark",
  "generated_by": "python src/benchmark_inference.py",
  "base_name": "exp104b_intermediate_sep_da_custom_dist_fixed__20260225_045333",
  "experiment": "exp104b_intermediate_sep_da_custom_dist_fixed",
  "raw_csv_path": "C:/Users/leona/OneDrive/Documents/Projects/Acadêmicos/FG2P/results/exp104b_intermediate_sep_da_custom_dist_fixed/benchmark_exp104b_intermediate_sep_da_custom_dist_fixed__20260225_045333_cuda_raw_b4.csv",
  "benchmark_metadata": {
    "benchmark_date": "2026-03-14 21:57:11",
    "devices": [
      "cuda"
    ],
    "test_words": 1000,
    "warmup_runs": 20,
    "benchmark_runs": 50,
    "loop_overhead_us": 0.10000010433941497,
    "force": true,
    "selected_models": 19,
    "cpu_quantize": false,
    "cpu_threads": null,
    "batch_size": 4,
    "sweep_mode": true,
    "sweep_batch_sizes": [
      1,
      4,
      8,
      16,
      32,
      64,
      128,
      256,
      512
    ]
  },
  "result": {
    "model_index": 8,
    "base_name": "exp104b_intermediate_sep_da_custom_dist_fixed__20260225_045333",
    "experiment": "exp104b_intermediate_sep_da_custom_dist_fixed",
    "params": 9679340,
    "n": 50000,
    "total_time_s": 516.3963736942724,
    "mean_lat_ms": 10.327927473885447,
    "p50_ms": 9.983824999583248,
    "p95_ms": 14.269550000537947,
    "p99_ms": 17.66492499948299,
    "throughput_wps": 96.82484724341235,
    "throughput_tps": 1224.1565436984622,
    "throughput_cps_in": 870.8426761072507,
    "throughput_cps_out": 1233.8390284228035,
    "tokens_per_word": 12.643,
    "chars_in_per_word": 8.994,
    "chars_out_per_word": 12.743,
    "ci95_lat_low_ms": 10.308604191267396,
    "ci95_lat_high_ms": 10.347250756503499,
    "ci95_wps_low": 96.64402878914244,
    "ci95_wps_high": 97.0063435791936,
    "stable_wps": 97.55837903502125,
    "stable_cv": 0.18958171294503268,
    "stable_window_start": 33908,
    "global_cv": 0.21345024475004204,
    "thermal_ratio": 0.9936770387102315,
    "mean_first_ms": 10.38645927989064,
    "mean_last_ms": 10.320786099926135,
    "loop_overhead_us": 0.10000010433941497,
    "status": "success",
    "device": "cuda",
    "batch_size": 4
  }
}
