{
  "artifact_type": "inference_benchmark",
  "generated_by": "python src/benchmark_inference.py",
  "base_name": "exp104b_intermediate_sep_da_custom_dist_fixed__20260225_045333",
  "experiment": "exp104b_intermediate_sep_da_custom_dist_fixed",
  "raw_csv_path": "C:/Users/leona/OneDrive/Documents/Projects/Acadêmicos/FG2P/results/exp104b_intermediate_sep_da_custom_dist_fixed/benchmark_exp104b_intermediate_sep_da_custom_dist_fixed__20260225_045333_cpu_raw_b64.csv",
  "benchmark_metadata": {
    "benchmark_date": "2026-03-15 17:19:58",
    "devices": [
      "cpu"
    ],
    "test_words": 500,
    "warmup_runs": 20,
    "benchmark_runs": 200,
    "adaptive": true,
    "adaptive_min_runs": 10,
    "adaptive_max_runs": 80,
    "adaptive_cv_target": 0.03,
    "loop_overhead_us": 0.100000761449337,
    "force": true,
    "selected_models": 19,
    "cpu_quantize": false,
    "cpu_threads": null,
    "batch_size": 64,
    "sweep_mode": true,
    "sweep_batch_sizes": [
      1,
      4,
      8,
      16,
      32,
      64,
      128
    ]
  },
  "result": {
    "model_index": 8,
    "base_name": "exp104b_intermediate_sep_da_custom_dist_fixed__20260225_045333",
    "experiment": "exp104b_intermediate_sep_da_custom_dist_fixed",
    "params": 9679340,
    "n": 4424,
    "total_time_s": 15.371505296629039,
    "mean_lat_ms": 3.474571721661175,
    "p50_ms": 3.433717186908325,
    "p95_ms": 3.930054686634321,
    "p99_ms": 3.9694703116310848,
    "throughput_wps": 287.80525489394853,
    "throughput_tps": 3648.634204504318,
    "throughput_cps_in": 2583.4164731224205,
    "throughput_cps_out": 3683.5689743682533,
    "tokens_per_word": 12.67744122965642,
    "chars_in_per_word": 8.97626582278481,
    "chars_out_per_word": 12.79882459312839,
    "ci95_lat_low_ms": 3.467220512473532,
    "ci95_lat_high_ms": 3.481922930848818,
    "ci95_wps_low": 287.1976260991571,
    "ci95_wps_high": 288.4154602807755,
    "stable_wps": 284.2168521111767,
    "stable_cv": 0.06382063325751401,
    "stable_window_start": 564,
    "global_cv": 0.07179744478882535,
    "thermal_ratio": 0.9954274455327924,
    "mean_first_ms": 3.4987385739252073,
    "mean_last_ms": 3.482740401229414,
    "loop_overhead_us": 0.100000761449337,
    "status": "success",
    "device": "cpu",
    "batch_size": 64,
    "adaptive": true,
    "runs_executed": 10,
    "max_runs": 80,
    "min_runs": 10,
    "cv_target": 0.03,
    "converged": true,
    "final_run_cv": 0.014044142335034347,
    "n_samples_raw": 5000,
    "n_samples_clean": 4424,
    "n_outliers_removed": 576
  }
}
