{
  "artifact_type": "inference_benchmark",
  "generated_by": "python src/benchmark_inference.py",
  "base_name": "exp104b_intermediate_sep_da_custom_dist_fixed__20260225_045333",
  "experiment": "exp104b_intermediate_sep_da_custom_dist_fixed",
  "raw_csv_path": "C:/Users/leona/OneDrive/Documents/Projects/Acadêmicos/FG2P/results/exp104b_intermediate_sep_da_custom_dist_fixed/benchmark_exp104b_intermediate_sep_da_custom_dist_fixed__20260225_045333_cpu_raw_b16.csv",
  "benchmark_metadata": {
    "benchmark_date": "2026-03-15 16:44:46",
    "devices": [
      "cpu"
    ],
    "test_words": 500,
    "warmup_runs": 20,
    "benchmark_runs": 200,
    "adaptive": true,
    "adaptive_min_runs": 10,
    "adaptive_max_runs": 80,
    "adaptive_cv_target": 0.03,
    "loop_overhead_us": 0.100000761449337,
    "force": true,
    "selected_models": 19,
    "cpu_quantize": false,
    "cpu_threads": null,
    "batch_size": 16,
    "sweep_mode": true,
    "sweep_batch_sizes": [
      1,
      4,
      8,
      16,
      32,
      64,
      128
    ]
  },
  "result": {
    "model_index": 8,
    "base_name": "exp104b_intermediate_sep_da_custom_dist_fixed__20260225_045333",
    "experiment": "exp104b_intermediate_sep_da_custom_dist_fixed",
    "params": 9679340,
    "n": 4832,
    "total_time_s": 25.570983796336805,
    "mean_lat_ms": 5.292008235996855,
    "p50_ms": 5.221887498919386,
    "p95_ms": 6.518537499687227,
    "p99_ms": 6.860431249151588,
    "throughput_wps": 188.9641805917617,
    "throughput_tps": 2364.32045327333,
    "throughput_cps_in": 1670.9564379811245,
    "throughput_cps_out": 2386.1420618764346,
    "tokens_per_word": 12.512003311258278,
    "chars_in_per_word": 8.842715231788079,
    "chars_out_per_word": 12.62748344370861,
    "ci95_lat_low_ms": 5.272060644880397,
    "ci95_lat_high_ms": 5.311955827113313,
    "ci95_wps_low": 188.25457751282394,
    "ci95_wps_high": 189.67915343900341,
    "stable_wps": 190.32438414753784,
    "stable_cv": 0.12632010655246118,
    "stable_window_start": 586,
    "global_cv": 0.13368335537250955,
    "thermal_ratio": 1.0051505746762328,
    "mean_first_ms": 5.251366316553598,
    "mean_last_ms": 5.2784138709192625,
    "loop_overhead_us": 0.100000761449337,
    "status": "success",
    "device": "cpu",
    "batch_size": 16,
    "adaptive": true,
    "runs_executed": 10,
    "max_runs": 80,
    "min_runs": 10,
    "cv_target": 0.03,
    "converged": true,
    "final_run_cv": 0.010486467396635455,
    "n_samples_raw": 5000,
    "n_samples_clean": 4832,
    "n_outliers_removed": 168
  }
}
