{
  "artifact_type": "inference_benchmark",
  "generated_by": "python src/benchmark_inference.py",
  "base_name": "exp104b_intermediate_sep_da_custom_dist_fixed__20260225_045333",
  "experiment": "exp104b_intermediate_sep_da_custom_dist_fixed",
  "raw_csv_path": "C:/Users/leona/OneDrive/Documents/Projects/Acadêmicos/FG2P/results/exp104b_intermediate_sep_da_custom_dist_fixed/benchmark_exp104b_intermediate_sep_da_custom_dist_fixed__20260225_045333_cuda_raw_b512.csv",
  "benchmark_metadata": {
    "benchmark_date": "2026-03-15 11:19:26",
    "devices": [
      "cuda"
    ],
    "test_words": 1000,
    "warmup_runs": 20,
    "benchmark_runs": 50,
    "loop_overhead_us": 0.10000010433941497,
    "force": true,
    "selected_models": 19,
    "cpu_quantize": false,
    "cpu_threads": null,
    "batch_size": 512,
    "sweep_mode": true,
    "sweep_batch_sizes": [
      1,
      4,
      8,
      16,
      32,
      64,
      128,
      256,
      512
    ]
  },
  "result": {
    "model_index": 8,
    "base_name": "exp104b_intermediate_sep_da_custom_dist_fixed__20260225_045333",
    "experiment": "exp104b_intermediate_sep_da_custom_dist_fixed",
    "params": 9679340,
    "n": 50000,
    "total_time_s": 45.63597629488231,
    "mean_lat_ms": 0.9127195258976463,
    "p50_ms": 0.9091780736879568,
    "p95_ms": 0.9485193358534616,
    "p99_ms": 0.9562485654788122,
    "throughput_wps": 1095.626829081491,
    "throughput_tps": 13852.01000007729,
    "throughput_cps_in": 9854.067700758931,
    "throughput_cps_out": 13961.572682985441,
    "tokens_per_word": 12.643,
    "chars_in_per_word": 8.994,
    "chars_out_per_word": 12.743,
    "ci95_lat_low_ms": 0.9122940396875895,
    "ci95_lat_high_ms": 0.913145012107703,
    "ci95_wps_low": 1095.1163142114963,
    "ci95_wps_high": 1096.137820151105,
    "stable_wps": 1091.3552172012514,
    "stable_cv": 0.018712822691381862,
    "stable_window_start": 2000,
    "global_cv": 0.05318352004696931,
    "thermal_ratio": 0.9702825826678138,
    "mean_first_ms": 0.939889549898453,
    "mean_last_ms": 0.91195845989796,
    "loop_overhead_us": 0.10000010433941497,
    "status": "success",
    "device": "cuda",
    "batch_size": 512
  }
}
