{
  "artifact_type": "inference_benchmark",
  "generated_by": "python src/benchmark_inference.py",
  "base_name": "exp104b_intermediate_sep_da_custom_dist_fixed__20260225_045333",
  "experiment": "exp104b_intermediate_sep_da_custom_dist_fixed",
  "raw_csv_path": "C:/Users/leona/OneDrive/Documents/Projects/Acadêmicos/FG2P/results/exp104b_intermediate_sep_da_custom_dist_fixed/benchmark_exp104b_intermediate_sep_da_custom_dist_fixed__20260225_045333_cuda_raw_b8.csv",
  "benchmark_metadata": {
    "benchmark_date": "2026-03-15 02:00:06",
    "devices": [
      "cuda"
    ],
    "test_words": 1000,
    "warmup_runs": 20,
    "benchmark_runs": 50,
    "loop_overhead_us": 0.10000010433941497,
    "force": true,
    "selected_models": 19,
    "cpu_quantize": false,
    "cpu_threads": null,
    "batch_size": 8,
    "sweep_mode": true,
    "sweep_batch_sizes": [
      1,
      4,
      8,
      16,
      32,
      64,
      128,
      256,
      512
    ]
  },
  "result": {
    "model_index": 8,
    "base_name": "exp104b_intermediate_sep_da_custom_dist_fixed__20260225_045333",
    "experiment": "exp104b_intermediate_sep_da_custom_dist_fixed",
    "params": 9679340,
    "n": 50000,
    "total_time_s": 335.1296555948329,
    "mean_lat_ms": 6.702593111896658,
    "p50_ms": 6.5673500000434615,
    "p95_ms": 8.572587500314057,
    "p99_ms": 9.320137499091743,
    "throughput_wps": 149.19598777748664,
    "throughput_tps": 1886.2848734707636,
    "throughput_cps_in": 1341.868714070715,
    "throughput_cps_out": 1901.2044722485123,
    "tokens_per_word": 12.643,
    "chars_in_per_word": 8.994,
    "chars_out_per_word": 12.743,
    "ci95_lat_low_ms": 6.6942333423799285,
    "ci95_lat_high_ms": 6.710952881413388,
    "ci95_wps_low": 149.01013576918317,
    "ci95_wps_high": 149.38230397037233,
    "stable_wps": 150.1540685883511,
    "stable_cv": 0.1406084190917829,
    "stable_window_start": 16,
    "global_cv": 0.1422919656370434,
    "thermal_ratio": 1.0021519631999487,
    "mean_first_ms": 6.660722659857947,
    "mean_last_ms": 6.675056289907025,
    "loop_overhead_us": 0.10000010433941497,
    "status": "success",
    "device": "cuda",
    "batch_size": 8
  }
}
