{
  "artifact_type": "inference_benchmark",
  "generated_by": "python src/benchmark_inference.py",
  "base_name": "exp104b_intermediate_sep_da_custom_dist_fixed__20260225_045333",
  "experiment": "exp104b_intermediate_sep_da_custom_dist_fixed",
  "raw_csv_path": "C:/Users/leona/OneDrive/Documents/Projects/Acadêmicos/FG2P/results/exp104b_intermediate_sep_da_custom_dist_fixed/benchmark_exp104b_intermediate_sep_da_custom_dist_fixed__20260225_045333_cuda_raw_b32.csv",
  "benchmark_metadata": {
    "benchmark_date": "2026-03-15 06:34:55",
    "devices": [
      "cuda"
    ],
    "test_words": 1000,
    "warmup_runs": 20,
    "benchmark_runs": 50,
    "loop_overhead_us": 0.10000010433941497,
    "force": true,
    "selected_models": 19,
    "cpu_quantize": false,
    "cpu_threads": null,
    "batch_size": 32,
    "sweep_mode": true,
    "sweep_batch_sizes": [
      1,
      4,
      8,
      16,
      32,
      64,
      128,
      256,
      512
    ]
  },
  "result": {
    "model_index": 8,
    "base_name": "exp104b_intermediate_sep_da_custom_dist_fixed__20260225_045333",
    "experiment": "exp104b_intermediate_sep_da_custom_dist_fixed",
    "params": 9679340,
    "n": 50000,
    "total_time_s": 122.33005539411988,
    "mean_lat_ms": 2.4466011078823975,
    "p50_ms": 2.396784374670915,
    "p95_ms": 3.030103124931429,
    "p99_ms": 3.2610249997765095,
    "throughput_wps": 408.7302980360081,
    "throughput_tps": 5167.577158069251,
    "throughput_cps_in": 3676.120300535857,
    "throughput_cps_out": 5208.4501878728515,
    "tokens_per_word": 12.643,
    "chars_in_per_word": 8.994,
    "chars_out_per_word": 12.743,
    "ci95_lat_low_ms": 2.4432411044159186,
    "ci95_lat_high_ms": 2.4499611113488764,
    "ci95_wps_low": 408.1697441513386,
    "ci95_wps_high": 409.2923936948335,
    "stable_wps": 410.5371486303474,
    "stable_cv": 0.14777686816423868,
    "stable_window_start": 1736,
    "global_cv": 0.15667708693442275,
    "thermal_ratio": 1.0035755355227884,
    "mean_first_ms": 2.4350813898746306,
    "mean_last_ms": 2.4437881098850083,
    "loop_overhead_us": 0.10000010433941497,
    "status": "success",
    "device": "cuda",
    "batch_size": 32
  }
}
