{
  "artifact_type": "inference_benchmark",
  "generated_by": "python src/benchmark_inference.py",
  "base_name": "exp104b_intermediate_sep_da_custom_dist_fixed__20260311_022457",
  "experiment": "exp104b_intermediate_sep_da_custom_dist_fixed",
  "raw_csv_path": "C:/Users/leona/OneDrive/Documents/Projects/Acadêmicos/FG2P/results/exp104b_intermediate_sep_da_custom_dist_fixed/benchmark_exp104b_intermediate_sep_da_custom_dist_fixed__20260311_022457_cuda_raw_b512.csv",
  "benchmark_metadata": {
    "benchmark_date": "2026-03-15 11:19:26",
    "devices": [
      "cuda"
    ],
    "test_words": 1000,
    "warmup_runs": 20,
    "benchmark_runs": 50,
    "loop_overhead_us": 0.10000010433941497,
    "force": true,
    "selected_models": 19,
    "cpu_quantize": false,
    "cpu_threads": null,
    "batch_size": 512,
    "sweep_mode": true,
    "sweep_batch_sizes": [
      1,
      4,
      8,
      16,
      32,
      64,
      128,
      256,
      512
    ]
  },
  "result": {
    "model_index": 15,
    "base_name": "exp104b_intermediate_sep_da_custom_dist_fixed__20260311_022457",
    "experiment": "exp104b_intermediate_sep_da_custom_dist_fixed",
    "params": 9679340,
    "n": 50000,
    "total_time_s": 45.79914549481782,
    "mean_lat_ms": 0.9159829098963564,
    "p50_ms": 0.9122575818656276,
    "p95_ms": 0.9472631146454138,
    "p99_ms": 1.192882031151612,
    "throughput_wps": 1091.7234254000984,
    "throughput_tps": 13803.750990758845,
    "throughput_cps_in": 9818.960488048486,
    "throughput_cps_out": 13912.923333298855,
    "tokens_per_word": 12.644,
    "chars_in_per_word": 8.994,
    "chars_out_per_word": 12.744,
    "ci95_lat_low_ms": 0.9156700157344667,
    "ci95_lat_high_ms": 0.9162958040582462,
    "ci95_wps_low": 1091.3506266983113,
    "ci95_wps_high": 1092.096478880431,
    "stable_wps": 1082.3354904825947,
    "stable_cv": 0.019034561447425737,
    "stable_window_start": 5000,
    "global_cv": 0.0389707729721844,
    "thermal_ratio": 0.9837638003357728,
    "mean_first_ms": 0.9210732998960339,
    "mean_last_ms": 0.9061185698935333,
    "loop_overhead_us": 0.10000010433941497,
    "status": "success",
    "device": "cuda",
    "batch_size": 512
  }
}
