{
  "artifact_type": "inference_benchmark",
  "generated_by": "python src/benchmark_inference.py",
  "base_name": "exp104b_intermediate_sep_da_custom_dist_fixed__20260311_022457",
  "experiment": "exp104b_intermediate_sep_da_custom_dist_fixed",
  "raw_csv_path": "C:/Users/leona/OneDrive/Documents/Projects/Acadêmicos/FG2P/results/exp104b_intermediate_sep_da_custom_dist_fixed/benchmark_exp104b_intermediate_sep_da_custom_dist_fixed__20260311_022457_cuda_raw_b128.csv",
  "benchmark_metadata": {
    "benchmark_date": "2026-03-15 09:12:54",
    "devices": [
      "cuda"
    ],
    "test_words": 1000,
    "warmup_runs": 20,
    "benchmark_runs": 50,
    "loop_overhead_us": 0.10000010433941497,
    "force": true,
    "selected_models": 19,
    "cpu_quantize": false,
    "cpu_threads": null,
    "batch_size": 128,
    "sweep_mode": true,
    "sweep_batch_sizes": [
      1,
      4,
      8,
      16,
      32,
      64,
      128,
      256,
      512
    ]
  },
  "result": {
    "model_index": 15,
    "base_name": "exp104b_intermediate_sep_da_custom_dist_fixed__20260311_022457",
    "experiment": "exp104b_intermediate_sep_da_custom_dist_fixed",
    "params": 9679340,
    "n": 50000,
    "total_time_s": 67.2362047947363,
    "mean_lat_ms": 1.3447240958947257,
    "p50_ms": 1.3480648436575393,
    "p95_ms": 1.4406843748452047,
    "p99_ms": 1.7221531249765576,
    "throughput_wps": 743.6469704475993,
    "throughput_tps": 9402.672294339447,
    "throughput_cps_in": 6688.360852205708,
    "throughput_cps_out": 9477.036991384206,
    "tokens_per_word": 12.644,
    "chars_in_per_word": 8.994,
    "chars_out_per_word": 12.744,
    "ci95_lat_low_ms": 1.3439558383855235,
    "ci95_lat_high_ms": 1.345492353403928,
    "ci95_wps_low": 743.2223583211934,
    "ci95_wps_high": 744.0720680236687,
    "stable_wps": 747.4319341788322,
    "stable_cv": 0.036236581536026165,
    "stable_window_start": 26256,
    "global_cv": 0.06517822928629494,
    "thermal_ratio": 1.0122037826790193,
    "mean_first_ms": 1.338984019903819,
    "mean_last_ms": 1.355324689893405,
    "loop_overhead_us": 0.10000010433941497,
    "status": "success",
    "device": "cuda",
    "batch_size": 128
  }
}
