{
  "artifact_type": "inference_benchmark",
  "generated_by": "python src/benchmark_inference.py",
  "base_name": "exp104b_intermediate_sep_da_custom_dist_fixed__20260311_022457",
  "experiment": "exp104b_intermediate_sep_da_custom_dist_fixed",
  "raw_csv_path": "C:/Users/leona/OneDrive/Documents/Projects/Acadêmicos/FG2P/results/exp104b_intermediate_sep_da_custom_dist_fixed/benchmark_exp104b_intermediate_sep_da_custom_dist_fixed__20260311_022457_cuda_raw_b256.csv",
  "benchmark_metadata": {
    "benchmark_date": "2026-03-15 10:17:42",
    "devices": [
      "cuda"
    ],
    "test_words": 1000,
    "warmup_runs": 20,
    "benchmark_runs": 50,
    "loop_overhead_us": 0.10000010433941497,
    "force": true,
    "selected_models": 19,
    "cpu_quantize": false,
    "cpu_threads": null,
    "batch_size": 256,
    "sweep_mode": true,
    "sweep_batch_sizes": [
      1,
      4,
      8,
      16,
      32,
      64,
      128,
      256,
      512
    ]
  },
  "result": {
    "model_index": 15,
    "base_name": "exp104b_intermediate_sep_da_custom_dist_fixed__20260311_022457",
    "experiment": "exp104b_intermediate_sep_da_custom_dist_fixed",
    "params": 9679340,
    "n": 50000,
    "total_time_s": 52.09211429489096,
    "mean_lat_ms": 1.0418422858978191,
    "p50_ms": 1.0554187499315049,
    "p95_ms": 1.1258324217669724,
    "p99_ms": 1.1589703123922845,
    "throughput_wps": 959.838176599099,
    "throughput_tps": 12136.193904919008,
    "throughput_cps_in": 8632.784560332297,
    "throughput_cps_out": 12232.177722578917,
    "tokens_per_word": 12.644,
    "chars_in_per_word": 8.994,
    "chars_out_per_word": 12.744,
    "ci95_lat_low_ms": 1.0412593578311249,
    "ci95_lat_high_ms": 1.0424252139645134,
    "ci95_wps_low": 959.3014315116541,
    "ci95_wps_high": 960.3755226583842,
    "stable_wps": 928.7528777829721,
    "stable_cv": 0.02331421684969308,
    "stable_window_start": 28000,
    "global_cv": 0.06383250920245834,
    "thermal_ratio": 1.1280070582273132,
    "mean_first_ms": 0.9469030198998554,
    "mean_last_ms": 1.0681132899037948,
    "loop_overhead_us": 0.10000010433941497,
    "status": "success",
    "device": "cuda",
    "batch_size": 256
  }
}
