{
  "artifact_type": "inference_benchmark",
  "generated_by": "python src/benchmark_inference.py",
  "base_name": "exp104b_intermediate_sep_da_custom_dist_fixed__20260311_022457",
  "experiment": "exp104b_intermediate_sep_da_custom_dist_fixed",
  "raw_csv_path": "C:/Users/leona/OneDrive/Documents/Projects/Acadêmicos/FG2P/results/exp104b_intermediate_sep_da_custom_dist_fixed/benchmark_exp104b_intermediate_sep_da_custom_dist_fixed__20260311_022457_cpu_raw.csv",
  "benchmark_metadata": {
    "benchmark_date": "2026-03-15 13:37:48",
    "devices": [
      "cpu"
    ],
    "test_words": 500,
    "warmup_runs": 20,
    "benchmark_runs": 200,
    "adaptive": true,
    "adaptive_min_runs": 10,
    "adaptive_max_runs": 80,
    "adaptive_cv_target": 0.03,
    "loop_overhead_us": 0.100000761449337,
    "force": true,
    "selected_models": 19,
    "cpu_quantize": false,
    "cpu_threads": null,
    "batch_size": 1,
    "sweep_mode": true,
    "sweep_batch_sizes": [
      1,
      4,
      8,
      16,
      32,
      64,
      128
    ]
  },
  "result": {
    "model_index": 15,
    "base_name": "exp104b_intermediate_sep_da_custom_dist_fixed__20260311_022457",
    "experiment": "exp104b_intermediate_sep_da_custom_dist_fixed",
    "params": 9679340,
    "n": 4933,
    "total_time_s": 145.11028999616974,
    "mean_lat_ms": 29.41623555568006,
    "p50_ms": 29.170299996621907,
    "p95_ms": 42.129299996304326,
    "p99_ms": 47.82629999681376,
    "throughput_wps": 33.99483248314237,
    "throughput_tps": 421.3760443977748,
    "throughput_cps_in": 298.186985920448,
    "throughput_cps_out": 425.5108304285645,
    "tokens_per_word": 12.395296979525643,
    "chars_in_per_word": 8.771538617474153,
    "chars_out_per_word": 12.516926819379687,
    "ci95_lat_low_ms": 29.20926447596169,
    "ci95_lat_high_ms": 29.623206635398432,
    "ci95_wps_low": 33.757317778185566,
    "ci95_wps_high": 34.23571315268718,
    "stable_wps": 34.03188764472995,
    "stable_cv": 0.2498414933970645,
    "stable_window_start": 2446,
    "global_cv": 0.25212856794507926,
    "thermal_ratio": 0.9975446623260599,
    "mean_first_ms": 29.441920992937558,
    "mean_last_ms": 29.369631135130433,
    "loop_overhead_us": 0.100000761449337,
    "status": "success",
    "device": "cpu",
    "batch_size": 1,
    "adaptive": true,
    "runs_executed": 10,
    "max_runs": 80,
    "min_runs": 10,
    "cv_target": 0.03,
    "converged": true,
    "final_run_cv": 0.0030299064569050313,
    "n_samples_raw": 5000,
    "n_samples_clean": 4933,
    "n_outliers_removed": 67
  }
}
