{
  "artifact_type": "inference_benchmark",
  "generated_by": "python src/benchmark_inference.py",
  "base_name": "exp104b_intermediate_sep_da_custom_dist_fixed__20260225_045333",
  "experiment": "exp104b_intermediate_sep_da_custom_dist_fixed",
  "raw_csv_path": "C:/Users/leona/OneDrive/Documents/Projects/Acadêmicos/FG2P/results/exp104b_intermediate_sep_da_custom_dist_fixed/benchmark_exp104b_intermediate_sep_da_custom_dist_fixed__20260225_045333_cuda_raw_b256.csv",
  "benchmark_metadata": {
    "benchmark_date": "2026-03-15 10:17:42",
    "devices": [
      "cuda"
    ],
    "test_words": 1000,
    "warmup_runs": 20,
    "benchmark_runs": 50,
    "loop_overhead_us": 0.10000010433941497,
    "force": true,
    "selected_models": 19,
    "cpu_quantize": false,
    "cpu_threads": null,
    "batch_size": 256,
    "sweep_mode": true,
    "sweep_batch_sizes": [
      1,
      4,
      8,
      16,
      32,
      64,
      128,
      256,
      512
    ]
  },
  "result": {
    "model_index": 8,
    "base_name": "exp104b_intermediate_sep_da_custom_dist_fixed__20260225_045333",
    "experiment": "exp104b_intermediate_sep_da_custom_dist_fixed",
    "params": 9679340,
    "n": 50000,
    "total_time_s": 60.04609579473345,
    "mean_lat_ms": 1.2009219158946691,
    "p50_ms": 1.2031253905070116,
    "p95_ms": 1.251384482639988,
    "p99_ms": 1.628400390504794,
    "throughput_wps": 832.6936054414618,
    "throughput_tps": 10527.745253596402,
    "throughput_cps_in": 7489.2462873405075,
    "throughput_cps_out": 10611.014614140548,
    "tokens_per_word": 12.643,
    "chars_in_per_word": 8.994,
    "chars_out_per_word": 12.743,
    "ci95_lat_low_ms": 1.2000873840419766,
    "ci95_lat_high_ms": 1.2017564477473615,
    "ci95_wps_low": 832.1153607076168,
    "ci95_wps_high": 833.2726543894923,
    "stable_wps": 835.1052109285378,
    "stable_cv": 0.025200805238889686,
    "stable_window_start": 37768,
    "global_cv": 0.07927880185431216,
    "thermal_ratio": 0.9945390717094734,
    "mean_first_ms": 1.2011565898946175,
    "mean_last_ms": 1.1945971598915095,
    "loop_overhead_us": 0.10000010433941497,
    "status": "success",
    "device": "cuda",
    "batch_size": 256
  }
}
