{
  "artifact_type": "inference_benchmark",
  "generated_by": "python src/benchmark_inference.py",
  "base_name": "exp104b_intermediate_sep_da_custom_dist_fixed__20260225_045333",
  "experiment": "exp104b_intermediate_sep_da_custom_dist_fixed",
  "raw_csv_path": "C:/Users/leona/OneDrive/Documents/Projects/Acadêmicos/FG2P/results/exp104b_intermediate_sep_da_custom_dist_fixed/benchmark_exp104b_intermediate_sep_da_custom_dist_fixed__20260225_045333_cuda_raw.csv",
  "benchmark_metadata": {
    "benchmark_date": "2026-03-14 11:37:52",
    "devices": [
      "cuda"
    ],
    "test_words": 1000,
    "warmup_runs": 20,
    "benchmark_runs": 50,
    "loop_overhead_us": 0.10000010433941497,
    "force": true,
    "selected_models": 19,
    "cpu_quantize": false,
    "cpu_threads": null,
    "batch_size": 1,
    "sweep_mode": true,
    "sweep_batch_sizes": [
      1,
      4,
      8,
      16,
      32,
      64,
      128,
      256,
      512
    ]
  },
  "result": {
    "model_index": 8,
    "base_name": "exp104b_intermediate_sep_da_custom_dist_fixed__20260225_045333",
    "experiment": "exp104b_intermediate_sep_da_custom_dist_fixed",
    "params": 9679340,
    "n": 50000,
    "total_time_s": 1550.8675856944,
    "mean_lat_ms": 31.017351713888004,
    "p50_ms": 29.978300001605476,
    "p95_ms": 47.46729999962781,
    "p99_ms": 58.94329999930278,
    "throughput_wps": 32.24001872320552,
    "throughput_tps": 407.6105567174874,
    "throughput_cps_in": 289.96672839651046,
    "throughput_cps_out": 410.83455858980795,
    "tokens_per_word": 12.643,
    "chars_in_per_word": 8.994,
    "chars_out_per_word": 12.743,
    "ci95_lat_low_ms": 30.936061728977784,
    "ci95_lat_high_ms": 31.098641698798225,
    "ci95_wps_low": 32.1557452471837,
    "ci95_wps_high": 32.324735086214964,
    "stable_wps": 32.647134104077466,
    "stable_cv": 0.28146948822445156,
    "stable_window_start": 33957,
    "global_cv": 0.2989931640717139,
    "thermal_ratio": 0.9933882160548445,
    "mean_first_ms": 31.05876290986862,
    "mean_last_ms": 30.853409079904758,
    "loop_overhead_us": 0.10000010433941497,
    "status": "success",
    "device": "cuda",
    "batch_size": 1
  }
}
