{
  "artifact_type": "inference_benchmark",
  "generated_by": "python src/benchmark_inference.py",
  "base_name": "exp104b_intermediate_sep_da_custom_dist_fixed__20260311_022457",
  "experiment": "exp104b_intermediate_sep_da_custom_dist_fixed",
  "raw_csv_path": "C:/Users/leona/OneDrive/Documents/Projects/Acadêmicos/FG2P/results/exp104b_intermediate_sep_da_custom_dist_fixed/benchmark_exp104b_intermediate_sep_da_custom_dist_fixed__20260311_022457_cpu_raw_b4.csv",
  "benchmark_metadata": {
    "benchmark_date": "2026-03-15 15:32:05",
    "devices": [
      "cpu"
    ],
    "test_words": 500,
    "warmup_runs": 20,
    "benchmark_runs": 200,
    "adaptive": true,
    "adaptive_min_runs": 10,
    "adaptive_max_runs": 80,
    "adaptive_cv_target": 0.03,
    "loop_overhead_us": 0.100000761449337,
    "force": true,
    "selected_models": 19,
    "cpu_quantize": false,
    "cpu_threads": null,
    "batch_size": 4,
    "sweep_mode": true,
    "sweep_batch_sizes": [
      1,
      4,
      8,
      16,
      32,
      64,
      128
    ]
  },
  "result": {
    "model_index": 15,
    "base_name": "exp104b_intermediate_sep_da_custom_dist_fixed__20260311_022457",
    "experiment": "exp104b_intermediate_sep_da_custom_dist_fixed",
    "params": 9679340,
    "n": 4856,
    "total_time_s": 55.26816849630268,
    "mean_lat_ms": 11.381418553604341,
    "p50_ms": 11.181850000866689,
    "p95_ms": 14.798200001678197,
    "p99_ms": 15.990174997568829,
    "throughput_wps": 87.86250986994179,
    "throughput_tps": 1097.0871959337007,
    "throughput_cps_in": 776.1610555788494,
    "throughput_cps_out": 1106.8758322268718,
    "tokens_per_word": 12.48640856672158,
    "chars_in_per_word": 8.833813838550247,
    "chars_out_per_word": 12.597817133443163,
    "ci95_lat_low_ms": 11.327687280937749,
    "ci95_lat_high_ms": 11.435149826270932,
    "ci95_wps_low": 87.44966311701626,
    "ci95_wps_high": 88.27927318251464,
    "stable_wps": 88.00089810484006,
    "stable_cv": 0.16317721874191035,
    "stable_window_start": 2652,
    "global_cv": 0.16784716106731168,
    "thermal_ratio": 0.9912990870844998,
    "mean_first_ms": 11.44626091573711,
    "mean_last_ms": 11.346667996301187,
    "loop_overhead_us": 0.100000761449337,
    "status": "success",
    "device": "cpu",
    "batch_size": 4,
    "adaptive": true,
    "runs_executed": 10,
    "max_runs": 80,
    "min_runs": 10,
    "cv_target": 0.03,
    "converged": true,
    "final_run_cv": 0.007851195191347535,
    "n_samples_raw": 5000,
    "n_samples_clean": 4856,
    "n_outliers_removed": 144
  }
}
