{
  "artifact_type": "inference_benchmark",
  "generated_by": "python src/benchmark_inference.py",
  "base_name": "exp104b_intermediate_sep_da_custom_dist_fixed__20260311_022457",
  "experiment": "exp104b_intermediate_sep_da_custom_dist_fixed",
  "raw_csv_path": "C:/Users/leona/OneDrive/Documents/Projects/Acadêmicos/FG2P/results/exp104b_intermediate_sep_da_custom_dist_fixed/benchmark_exp104b_intermediate_sep_da_custom_dist_fixed__20260311_022457_cuda_raw_b64.csv",
  "benchmark_metadata": {
    "benchmark_date": "2026-03-15 08:01:10",
    "devices": [
      "cuda"
    ],
    "test_words": 1000,
    "warmup_runs": 20,
    "benchmark_runs": 50,
    "loop_overhead_us": 0.10000010433941497,
    "force": true,
    "selected_models": 19,
    "cpu_quantize": false,
    "cpu_threads": null,
    "batch_size": 64,
    "sweep_mode": true,
    "sweep_batch_sizes": [
      1,
      4,
      8,
      16,
      32,
      64,
      128,
      256,
      512
    ]
  },
  "result": {
    "model_index": 15,
    "base_name": "exp104b_intermediate_sep_da_custom_dist_fixed__20260311_022457",
    "experiment": "exp104b_intermediate_sep_da_custom_dist_fixed",
    "params": 9679340,
    "n": 50000,
    "total_time_s": 84.59014969481814,
    "mean_lat_ms": 1.6918029938963628,
    "p50_ms": 1.6593343748104417,
    "p95_ms": 2.0406874998320745,
    "p99_ms": 2.154940624880055,
    "throughput_wps": 591.0853708190438,
    "throughput_tps": 7473.683428635989,
    "throughput_cps_in": 5316.221825146479,
    "throughput_cps_out": 7532.791965717894,
    "tokens_per_word": 12.644,
    "chars_in_per_word": 8.994,
    "chars_out_per_word": 12.744,
    "ci95_lat_low_ms": 1.6902674439122976,
    "ci95_lat_high_ms": 1.693338543880428,
    "ci95_wps_low": 590.5493639260202,
    "ci95_wps_high": 591.6223515998139,
    "stable_wps": 589.4703802352776,
    "stable_cv": 0.09292549149437943,
    "stable_window_start": 24832,
    "global_cv": 0.1035483300893203,
    "thermal_ratio": 1.000296720158008,
    "mean_first_ms": 1.6900098599021476,
    "mean_last_ms": 1.690511319894813,
    "loop_overhead_us": 0.10000010433941497,
    "status": "success",
    "device": "cuda",
    "batch_size": 64
  }
}
