{
  "metadata": {
    "benchmark_date": "2026-03-14 02:41:54",
    "devices": [
      "cpu"
    ],
    "test_words": 200,
    "warmup_runs": 5,
    "benchmark_runs": 10,
    "loop_overhead_us": 0.100000761449337,
    "force": true,
    "selected_models": 1,
    "cpu_quantize": false,
    "cpu_threads": null,
    "batch_size": 4
  },
  "results": [
    {
      "model_index": 18,
      "base_name": "exp104d_structural_tokens_correct__20260312_142940",
      "experiment": "exp104d_structural_tokens_correct",
      "params": 17165612,
      "n": 2000,
      "total_time_s": 36.109487698297016,
      "mean_lat_ms": 18.054743849148508,
      "p50_ms": 17.926250002346933,
      "p95_ms": 24.110375001328066,
      "p99_ms": 27.915249986108392,
      "throughput_wps": 55.38710536993643,
      "throughput_tps": 709.2318842620359,
      "throughput_cps_in": 502.63798123217305,
      "throughput_cps_out": 717.5399500675264,
      "tokens_per_word": 12.805,
      "chars_in_per_word": 9.075,
      "chars_out_per_word": 12.955,
      "ci95_lat_low_ms": 17.89615010135829,
      "ci95_lat_high_ms": 18.213337596938725,
      "ci95_wps_low": 54.904818772374746,
      "ci95_wps_high": 55.877939910891875,
      "stable_wps": 55.84520681106972,
      "stable_cv": 0.1940981217757577,
      "stable_window_start": 564,
      "global_cv": 0.20042581460910355,
      "thermal_ratio": 1.0002513180621924,
      "mean_first_ms": 18.095595499908086,
      "mean_last_ms": 18.10014324990334,
      "loop_overhead_us": 0.100000761449337,
      "status": "success",
      "device": "cpu",
      "batch_size": 4,
      "artifact_path": "C:/Users/leona/OneDrive/Documents/Projects/Acadêmicos/FG2P/results/exp104d_structural_tokens_correct/benchmark_exp104d_structural_tokens_correct__20260312_142940_cpu.json"
    }
  ],
  "skipped": []
}
