{
  "metadata": {
    "benchmark_date": "2026-03-14 02:43:11",
    "devices": [
      "cpu"
    ],
    "test_words": 200,
    "warmup_runs": 5,
    "benchmark_runs": 10,
    "loop_overhead_us": 0.100000761449337,
    "force": true,
    "selected_models": 1,
    "cpu_quantize": false,
    "cpu_threads": null,
    "batch_size": 8
  },
  "results": [
    {
      "model_index": 18,
      "base_name": "exp104d_structural_tokens_correct__20260312_142940",
      "experiment": "exp104d_structural_tokens_correct",
      "params": 17165612,
      "n": 2000,
      "total_time_s": 23.98745999892708,
      "mean_lat_ms": 11.99372999946354,
      "p50_ms": 11.803325003711507,
      "p95_ms": 15.319199999794364,
      "p99_ms": 16.99428749270737,
      "throughput_wps": 83.37689776614351,
      "throughput_tps": 1067.6411758954675,
      "throughput_cps_in": 756.6453472277524,
      "throughput_cps_out": 1080.1477105603892,
      "tokens_per_word": 12.805,
      "chars_in_per_word": 9.075,
      "chars_out_per_word": 12.955,
      "ci95_lat_low_ms": 11.91419660162731,
      "ci95_lat_high_ms": 12.073263397299769,
      "ci95_wps_low": 82.82764709860085,
      "ci95_wps_high": 83.93348149579923,
      "stable_wps": 83.05171707649012,
      "stable_cv": 0.14503366045969415,
      "stable_window_start": 160,
      "global_cv": 0.15130531897754684,
      "thermal_ratio": 1.0044046400198925,
      "mean_first_ms": 11.947230249643326,
      "mean_last_ms": 11.999853498127777,
      "loop_overhead_us": 0.100000761449337,
      "status": "success",
      "device": "cpu",
      "batch_size": 8,
      "artifact_path": "C:/Users/leona/OneDrive/Documents/Projects/Acadêmicos/FG2P/results/exp104d_structural_tokens_correct/benchmark_exp104d_structural_tokens_correct__20260312_142940_cpu.json"
    }
  ],
  "skipped": []
}
