{
  "metadata": {
    "benchmark_date": "2026-03-14 00:10:47",
    "devices": [
      "cuda",
      "cpu"
    ],
    "test_words": 200,
    "warmup_runs": 1,
    "benchmark_runs": 1,
    "loop_overhead_us": 0.100000761449337,
    "force": true,
    "selected_models": 1
  },
  "results": [
    {
      "model_index": 18,
      "base_name": "exp104d_structural_tokens_correct__20260312_142940",
      "experiment": "exp104d_structural_tokens_correct",
      "params": 17165612,
      "n": 200,
      "total_time_s": 13.460134300403297,
      "mean_lat_ms": 67.30067150201648,
      "p50_ms": 66.7265000520274,
      "p95_ms": 110.43620004784316,
      "p99_ms": 119.73929998930544,
      "throughput_wps": 14.85869275420287,
      "throughput_tps": 190.26556071756775,
      "throughput_cps_in": 134.84263674439106,
      "throughput_cps_out": 192.4943646306982,
      "tokens_per_word": 12.805,
      "chars_in_per_word": 9.075,
      "chars_out_per_word": 12.955,
      "ci95_lat_low_ms": 64.16751242053604,
      "ci95_lat_high_ms": 70.43383058349693,
      "ci95_wps_low": 14.197722766398934,
      "ci95_wps_high": 15.584210175490018,
      "stable_wps": 14.055211326946552,
      "stable_cv": 0.24935145968822894,
      "stable_window_start": 119,
      "global_cv": 0.335909259150929,
      "thermal_ratio": 1.0040569035929867,
      "mean_first_ms": 67.6186874974519,
      "mean_last_ms": 67.89300999371335,
      "loop_overhead_us": 0.100000761449337,
      "status": "success",
      "device": "cuda",
      "artifact_path": "C:/Users/leona/OneDrive/Documents/Projects/Acadêmicos/FG2P/results/exp104d_structural_tokens_correct/benchmark_exp104d_structural_tokens_correct__20260312_142940_cuda.json"
    },
    {
      "model_index": 18,
      "base_name": "exp104d_structural_tokens_correct__20260312_142940",
      "experiment": "exp104d_structural_tokens_correct",
      "params": 17165612,
      "n": 200,
      "total_time_s": 15.232823200291023,
      "mean_lat_ms": 76.16411600145511,
      "p50_ms": 75.81900001969188,
      "p95_ms": 118.6197999631986,
      "p99_ms": 154.3365999823436,
      "throughput_wps": 13.129542526048553,
      "throughput_tps": 168.12379204605173,
      "throughput_cps_in": 119.15059842389061,
      "throughput_cps_out": 170.093223424959,
      "tokens_per_word": 12.805,
      "chars_in_per_word": 9.075,
      "chars_out_per_word": 12.955,
      "ci95_lat_low_ms": 73.03126210917729,
      "ci95_lat_high_ms": 79.29696989373295,
      "ci95_wps_low": 12.610822347185712,
      "ci95_wps_high": 13.69276623626004,
      "stable_wps": 14.327195094238977,
      "stable_cv": 0.2104849469626872,
      "stable_window_start": 56,
      "global_cv": 0.29678958854495974,
      "thermal_ratio": 1.1427266040909052,
      "mean_first_ms": 72.78357500035781,
      "mean_last_ms": 83.17172749375459,
      "loop_overhead_us": 0.100000761449337,
      "status": "success",
      "device": "cpu",
      "artifact_path": "C:/Users/leona/OneDrive/Documents/Projects/Acadêmicos/FG2P/results/exp104d_structural_tokens_correct/benchmark_exp104d_structural_tokens_correct__20260312_142940_cpu.json"
    }
  ],
  "skipped": []
}
