{
  "metadata": {
    "benchmark_date": "2026-03-14 04:17:35",
    "devices": [
      "cuda"
    ],
    "test_words": 200,
    "warmup_runs": 10,
    "benchmark_runs": 20,
    "loop_overhead_us": 0.100000761449337,
    "force": true,
    "selected_models": 1,
    "cpu_quantize": false,
    "cpu_threads": null,
    "batch_size": 512,
    "sweep_mode": false,
    "sweep_batch_sizes": null
  },
  "results": [
    {
      "model_index": 18,
      "base_name": "exp104d_structural_tokens_correct__20260312_142940",
      "experiment": "exp104d_structural_tokens_correct",
      "params": 17165612,
      "n": 4000,
      "total_time_s": 4.43887779652141,
      "mean_lat_ms": 1.1097194491303526,
      "p50_ms": 1.1134259990649298,
      "p95_ms": 1.172314498689957,
      "p99_ms": 1.172314498689957,
      "throughput_wps": 901.1286598461118,
      "throughput_tps": 11538.95248932946,
      "throughput_cps_in": 8177.742588103464,
      "throughput_cps_out": 11674.121788306378,
      "tokens_per_word": 12.805,
      "chars_in_per_word": 9.075,
      "chars_out_per_word": 12.955,
      "ci95_lat_low_ms": 1.1088695408510445,
      "ci95_lat_high_ms": 1.1105693574096607,
      "ci95_wps_low": 900.4390345619139,
      "ci95_wps_high": 901.8193422758385,
      "stable_wps": 900.2810459082323,
      "stable_cv": 0.010504257999163047,
      "stable_window_start": 200,
      "global_cv": 0.024713416392293568,
      "thermal_ratio": 1.0214402607799036,
      "mean_first_ms": 1.1016598741116468,
      "mean_last_ms": 1.1252797491033562,
      "loop_overhead_us": 0.100000761449337,
      "status": "success",
      "device": "cuda",
      "batch_size": 512,
      "artifact_path": "C:/Users/leona/OneDrive/Documents/Projects/Acadêmicos/FG2P/results/exp104d_structural_tokens_correct/benchmark_exp104d_structural_tokens_correct__20260312_142940_cuda_b512.json"
    }
  ],
  "skipped": []
}
