{
  "artifact_type": "inference_benchmark",
  "generated_by": "python src/benchmark_inference.py",
  "base_name": "exp7_lambda_mid_candidate_0.20__20260221_194037",
  "experiment": "exp7_lambda_mid_candidate_0.20",
  "raw_csv_path": "C:/Users/leona/OneDrive/Documents/Projects/Acadêmicos/FG2P/results/exp7_lambda_mid_candidate_0.20/benchmark_exp7_lambda_mid_candidate_0.20__20260221_194037_cpu_raw_b8.csv",
  "benchmark_metadata": {
    "benchmark_date": "2026-03-15 16:15:46",
    "devices": [
      "cpu"
    ],
    "test_words": 500,
    "warmup_runs": 20,
    "benchmark_runs": 200,
    "adaptive": true,
    "adaptive_min_runs": 10,
    "adaptive_max_runs": 80,
    "adaptive_cv_target": 0.03,
    "loop_overhead_us": 0.100000761449337,
    "force": true,
    "selected_models": 19,
    "cpu_quantize": false,
    "cpu_threads": null,
    "batch_size": 8,
    "sweep_mode": true,
    "sweep_batch_sizes": [
      1,
      4,
      8,
      16,
      32,
      64,
      128
    ]
  },
  "result": {
    "model_index": 4,
    "base_name": "exp7_lambda_mid_candidate_0.20__20260221_194037",
    "experiment": "exp7_lambda_mid_candidate_0.20",
    "params": 4321963,
    "n": 4912,
    "total_time_s": 21.80954379629111,
    "mean_lat_ms": 4.440053704456659,
    "p50_ms": 4.343537499153172,
    "p95_ms": 5.4567999995924765,
    "p99_ms": 5.9695125000871485,
    "throughput_wps": 225.2225010243142,
    "throughput_tps": 2162.5395029134274,
    "throughput_cps_in": 1996.8780826770985,
    "throughput_cps_out": 2189.041662032331,
    "tokens_per_word": 9.601791530944626,
    "chars_in_per_word": 8.866245928338762,
    "chars_out_per_word": 9.719462540716613,
    "ci95_lat_low_ms": 4.424202422998496,
    "ci95_lat_high_ms": 4.455904985914822,
    "ci95_wps_low": 224.42130233050614,
    "ci95_wps_high": 226.02944087767386,
    "stable_wps": 225.59115352214926,
    "stable_cv": 0.12209306767869349,
    "stable_window_start": 3882,
    "global_cv": 0.127658360348615,
    "thermal_ratio": 0.9998349426869493,
    "mean_first_ms": 4.435753512436068,
    "mean_last_ms": 4.43502135887995,
    "loop_overhead_us": 0.100000761449337,
    "status": "success",
    "device": "cpu",
    "batch_size": 8,
    "adaptive": true,
    "runs_executed": 10,
    "max_runs": 80,
    "min_runs": 10,
    "cv_target": 0.03,
    "converged": true,
    "final_run_cv": 0.008279111290494304,
    "n_samples_raw": 5000,
    "n_samples_clean": 4912,
    "n_outliers_removed": 88
  }
}
