{
  "artifact_type": "inference_benchmark",
  "generated_by": "python src/benchmark_inference.py",
  "base_name": "exp7_lambda_mid_candidate_0.20__20260221_194037",
  "experiment": "exp7_lambda_mid_candidate_0.20",
  "raw_csv_path": "C:/Users/leona/OneDrive/Documents/Projects/Acadêmicos/FG2P/results/exp7_lambda_mid_candidate_0.20/benchmark_exp7_lambda_mid_candidate_0.20__20260221_194037_cpu_raw_b128.csv",
  "benchmark_metadata": {
    "benchmark_date": "2026-03-15 17:32:27",
    "devices": [
      "cpu"
    ],
    "test_words": 500,
    "warmup_runs": 20,
    "benchmark_runs": 200,
    "adaptive": true,
    "adaptive_min_runs": 10,
    "adaptive_max_runs": 80,
    "adaptive_cv_target": 0.03,
    "loop_overhead_us": 0.100000761449337,
    "force": true,
    "selected_models": 19,
    "cpu_quantize": false,
    "cpu_threads": null,
    "batch_size": 128,
    "sweep_mode": true,
    "sweep_batch_sizes": [
      1,
      4,
      8,
      16,
      32,
      64,
      128
    ]
  },
  "result": {
    "model_index": 4,
    "base_name": "exp7_lambda_mid_candidate_0.20__20260221_194037",
    "experiment": "exp7_lambda_mid_candidate_0.20",
    "params": 4321963,
    "n": 5000,
    "total_time_s": 7.125893696254934,
    "mean_lat_ms": 1.425178739250987,
    "p50_ms": 1.4518758612996017,
    "p95_ms": 1.5185835929969471,
    "p99_ms": 1.5808879302469372,
    "throughput_wps": 701.6663752123873,
    "throughput_tps": 6748.627196792741,
    "throughput_cps_in": 6230.797411885999,
    "throughput_cps_out": 6832.827161818227,
    "tokens_per_word": 9.618,
    "chars_in_per_word": 8.88,
    "chars_out_per_word": 9.738,
    "ci95_lat_low_ms": 1.4230084531515403,
    "ci95_lat_high_ms": 1.4273490253504335,
    "ci95_wps_low": 700.5994905517146,
    "ci95_wps_high": 702.7365141684841,
    "stable_wps": 705.2288136305878,
    "stable_cv": 0.0489679583064025,
    "stable_window_start": 4000,
    "global_cv": 0.05493847306364604,
    "thermal_ratio": 0.9997870662382006,
    "mean_first_ms": 1.418281499252771,
    "mean_last_ms": 1.4179794992378447,
    "loop_overhead_us": 0.100000761449337,
    "status": "success",
    "device": "cpu",
    "batch_size": 128,
    "adaptive": true,
    "runs_executed": 10,
    "max_runs": 80,
    "min_runs": 10,
    "cv_target": 0.03,
    "converged": true,
    "final_run_cv": 0.009009124815044756,
    "n_samples_raw": 5000,
    "n_samples_clean": 5000,
    "n_outliers_removed": 0
  }
}
