{
  "artifact_type": "inference_benchmark",
  "generated_by": "python src/benchmark_inference.py",
  "base_name": "exp7_lambda_mid_candidate_0.20__20260221_194037",
  "experiment": "exp7_lambda_mid_candidate_0.20",
  "raw_csv_path": "C:/Users/leona/OneDrive/Documents/Projects/Acadêmicos/FG2P/results/exp7_lambda_mid_candidate_0.20/benchmark_exp7_lambda_mid_candidate_0.20__20260221_194037_cuda_raw_b4.csv",
  "benchmark_metadata": {
    "benchmark_date": "2026-03-14 21:57:11",
    "devices": [
      "cuda"
    ],
    "test_words": 1000,
    "warmup_runs": 20,
    "benchmark_runs": 50,
    "loop_overhead_us": 0.10000010433941497,
    "force": true,
    "selected_models": 19,
    "cpu_quantize": false,
    "cpu_threads": null,
    "batch_size": 4,
    "sweep_mode": true,
    "sweep_batch_sizes": [
      1,
      4,
      8,
      16,
      32,
      64,
      128,
      256,
      512
    ]
  },
  "result": {
    "model_index": 4,
    "base_name": "exp7_lambda_mid_candidate_0.20__20260221_194037",
    "experiment": "exp7_lambda_mid_candidate_0.20",
    "params": 4321963,
    "n": 50000,
    "total_time_s": 432.7743978948829,
    "mean_lat_ms": 8.655487957897659,
    "p50_ms": 8.426250001068638,
    "p95_ms": 11.56362499816396,
    "p99_ms": 13.84324999955652,
    "throughput_wps": 115.53363656263363,
    "throughput_tps": 1119.4054046553574,
    "throughput_cps_in": 1039.109527244327,
    "throughput_cps_out": 1131.0743019481833,
    "tokens_per_word": 9.689,
    "chars_in_per_word": 8.994,
    "chars_out_per_word": 9.79,
    "ci95_lat_low_ms": 8.639582601246717,
    "ci95_lat_high_ms": 8.6713933145486,
    "ci95_wps_low": 115.32172094215014,
    "ci95_wps_high": 115.74633245079421,
    "stable_wps": 117.93781118854378,
    "stable_cv": 0.16318912644193267,
    "stable_window_start": 34452,
    "global_cv": 0.20964320291194505,
    "thermal_ratio": 0.9798915432420122,
    "mean_first_ms": 8.662433029896148,
    "mean_last_ms": 8.488244869895516,
    "loop_overhead_us": 0.10000010433941497,
    "status": "success",
    "device": "cuda",
    "batch_size": 4
  }
}
