{
  "artifact_type": "inference_benchmark",
  "generated_by": "python src/benchmark_inference.py",
  "base_name": "exp7_lambda_mid_candidate_0.20__20260221_194037",
  "experiment": "exp7_lambda_mid_candidate_0.20",
  "raw_csv_path": "C:/Users/leona/OneDrive/Documents/Projects/Acadêmicos/FG2P/results/exp7_lambda_mid_candidate_0.20/benchmark_exp7_lambda_mid_candidate_0.20__20260221_194037_cpu_raw_b32.csv",
  "benchmark_metadata": {
    "benchmark_date": "2026-03-15 17:04:56",
    "devices": [
      "cpu"
    ],
    "test_words": 500,
    "warmup_runs": 20,
    "benchmark_runs": 200,
    "adaptive": true,
    "adaptive_min_runs": 10,
    "adaptive_max_runs": 80,
    "adaptive_cv_target": 0.03,
    "loop_overhead_us": 0.100000761449337,
    "force": true,
    "selected_models": 19,
    "cpu_quantize": false,
    "cpu_threads": null,
    "batch_size": 32,
    "sweep_mode": true,
    "sweep_batch_sizes": [
      1,
      4,
      8,
      16,
      32,
      64,
      128
    ]
  },
  "result": {
    "model_index": 4,
    "base_name": "exp7_lambda_mid_candidate_0.20__20260221_194037",
    "experiment": "exp7_lambda_mid_candidate_0.20",
    "params": 4321963,
    "n": 5000,
    "total_time_s": 10.221817496218137,
    "mean_lat_ms": 2.0443634992436275,
    "p50_ms": 2.0543343739518605,
    "p95_ms": 2.4402749993896578,
    "p99_ms": 2.49051499995403,
    "throughput_wps": 489.14980157392733,
    "throughput_tps": 4704.642791538033,
    "throughput_cps_in": 4343.650237976474,
    "throughput_cps_out": 4763.340767726904,
    "tokens_per_word": 9.618,
    "chars_in_per_word": 8.88,
    "chars_out_per_word": 9.738,
    "ci95_lat_low_ms": 2.037822452442449,
    "ci95_lat_high_ms": 2.0509045460448054,
    "ci95_wps_low": 487.5897329929432,
    "ci95_wps_high": 490.71988523899205,
    "stable_wps": 485.769598382877,
    "stable_cv": 0.10855427926457294,
    "stable_window_start": 564,
    "global_cv": 0.11542983344711082,
    "thermal_ratio": 1.0013058690800714,
    "mean_first_ms": 2.0445387992222095,
    "mean_last_ms": 2.0472086992231198,
    "loop_overhead_us": 0.100000761449337,
    "status": "success",
    "device": "cpu",
    "batch_size": 32,
    "adaptive": true,
    "runs_executed": 10,
    "max_runs": 80,
    "min_runs": 10,
    "cv_target": 0.03,
    "converged": true,
    "final_run_cv": 0.01189552440313849,
    "n_samples_raw": 5000,
    "n_samples_clean": 5000,
    "n_outliers_removed": 0
  }
}
