{
  "artifact_type": "inference_benchmark",
  "generated_by": "python src/benchmark_inference.py",
  "base_name": "exp7_lambda_mid_candidate_0.20__20260221_194037",
  "experiment": "exp7_lambda_mid_candidate_0.20",
  "raw_csv_path": "C:/Users/leona/OneDrive/Documents/Projects/Acadêmicos/FG2P/results/exp7_lambda_mid_candidate_0.20/benchmark_exp7_lambda_mid_candidate_0.20__20260221_194037_cpu_raw.csv",
  "benchmark_metadata": {
    "benchmark_date": "2026-03-15 13:37:48",
    "devices": [
      "cpu"
    ],
    "test_words": 500,
    "warmup_runs": 20,
    "benchmark_runs": 200,
    "adaptive": true,
    "adaptive_min_runs": 10,
    "adaptive_max_runs": 80,
    "adaptive_cv_target": 0.03,
    "loop_overhead_us": 0.100000761449337,
    "force": true,
    "selected_models": 19,
    "cpu_quantize": false,
    "cpu_threads": null,
    "batch_size": 1,
    "sweep_mode": true,
    "sweep_batch_sizes": [
      1,
      4,
      8,
      16,
      32,
      64,
      128
    ]
  },
  "result": {
    "model_index": 4,
    "base_name": "exp7_lambda_mid_candidate_0.20__20260221_194037",
    "experiment": "exp7_lambda_mid_candidate_0.20",
    "params": 4321963,
    "n": 4925,
    "total_time_s": 92.65021389644244,
    "mean_lat_ms": 18.812226171866484,
    "p50_ms": 18.532699992647395,
    "p95_ms": 26.234299992211163,
    "p99_ms": 28.928600004292093,
    "throughput_wps": 53.15691991283259,
    "throughput_tps": 504.8450298482907,
    "throughput_cps_in": 465.816517684879,
    "throughput_cps_out": 511.31020650367884,
    "tokens_per_word": 9.497258883248731,
    "chars_in_per_word": 8.763045685279188,
    "chars_out_per_word": 9.618883248730965,
    "ci95_lat_low_ms": 18.69117799625404,
    "ci95_lat_high_ms": 18.93327434747893,
    "ci95_wps_low": 52.817065957381836,
    "ci95_wps_high": 53.5011758060628,
    "stable_wps": 53.19822604358689,
    "stable_cv": 0.22885753276764462,
    "stable_window_start": 3408,
    "global_cv": 0.23039078416111503,
    "thermal_ratio": 0.997773449055101,
    "mean_first_ms": 18.85035208062692,
    "mean_last_ms": 18.808380811390123,
    "loop_overhead_us": 0.100000761449337,
    "status": "success",
    "device": "cpu",
    "batch_size": 1,
    "adaptive": true,
    "runs_executed": 10,
    "max_runs": 80,
    "min_runs": 10,
    "cv_target": 0.03,
    "converged": true,
    "final_run_cv": 0.006934916023475455,
    "n_samples_raw": 5000,
    "n_samples_clean": 4925,
    "n_outliers_removed": 75
  }
}
