{
  "artifact_type": "inference_benchmark",
  "generated_by": "python src/benchmark_inference.py",
  "base_name": "exp7_lambda_mid_candidate_0.20__20260221_194037",
  "experiment": "exp7_lambda_mid_candidate_0.20",
  "raw_csv_path": "C:/Users/leona/OneDrive/Documents/Projects/Acadêmicos/FG2P/results/exp7_lambda_mid_candidate_0.20/benchmark_exp7_lambda_mid_candidate_0.20__20260221_194037_cuda_raw_b128.csv",
  "benchmark_metadata": {
    "benchmark_date": "2026-03-15 09:12:54",
    "devices": [
      "cuda"
    ],
    "test_words": 1000,
    "warmup_runs": 20,
    "benchmark_runs": 50,
    "loop_overhead_us": 0.10000010433941497,
    "force": true,
    "selected_models": 19,
    "cpu_quantize": false,
    "cpu_threads": null,
    "batch_size": 128,
    "sweep_mode": true,
    "sweep_batch_sizes": [
      1,
      4,
      8,
      16,
      32,
      64,
      128,
      256,
      512
    ]
  },
  "result": {
    "model_index": 4,
    "base_name": "exp7_lambda_mid_candidate_0.20__20260221_194037",
    "experiment": "exp7_lambda_mid_candidate_0.20",
    "params": 4321963,
    "n": 50000,
    "total_time_s": 60.46208249465872,
    "mean_lat_ms": 1.2092416498931744,
    "p50_ms": 1.2113855768727544,
    "p95_ms": 1.2715203124321306,
    "p99_ms": 1.4386515624414642,
    "throughput_wps": 826.9645691482268,
    "throughput_tps": 8012.45971047717,
    "throughput_cps_in": 7437.719334919152,
    "throughput_cps_out": 8095.983131961141,
    "tokens_per_word": 9.689,
    "chars_in_per_word": 8.994,
    "chars_out_per_word": 9.79,
    "ci95_lat_low_ms": 1.2086481738684138,
    "ci95_lat_high_ms": 1.209835125917935,
    "ci95_wps_low": 826.5589075546742,
    "ci95_wps_high": 827.3706291214489,
    "stable_wps": 830.6470554387324,
    "stable_cv": 0.040449298132095676,
    "stable_window_start": 37640,
    "global_cv": 0.055991101669603895,
    "thermal_ratio": 1.0019491937894245,
    "mean_first_ms": 1.2054317098919454,
    "mean_last_ms": 1.207781329894442,
    "loop_overhead_us": 0.10000010433941497,
    "status": "success",
    "device": "cuda",
    "batch_size": 128
  }
}
