{
  "artifact_type": "inference_benchmark",
  "generated_by": "python src/benchmark_inference.py",
  "base_name": "exp7_lambda_mid_candidate_0.20__20260221_194037",
  "experiment": "exp7_lambda_mid_candidate_0.20",
  "raw_csv_path": "C:/Users/leona/OneDrive/Documents/Projects/Acadêmicos/FG2P/results/exp7_lambda_mid_candidate_0.20/benchmark_exp7_lambda_mid_candidate_0.20__20260221_194037_cuda_raw_b8.csv",
  "benchmark_metadata": {
    "benchmark_date": "2026-03-15 02:00:06",
    "devices": [
      "cuda"
    ],
    "test_words": 1000,
    "warmup_runs": 20,
    "benchmark_runs": 50,
    "loop_overhead_us": 0.10000010433941497,
    "force": true,
    "selected_models": 19,
    "cpu_quantize": false,
    "cpu_threads": null,
    "batch_size": 8,
    "sweep_mode": true,
    "sweep_batch_sizes": [
      1,
      4,
      8,
      16,
      32,
      64,
      128,
      256,
      512
    ]
  },
  "result": {
    "model_index": 4,
    "base_name": "exp7_lambda_mid_candidate_0.20__20260221_194037",
    "experiment": "exp7_lambda_mid_candidate_0.20",
    "params": 4321963,
    "n": 50000,
    "total_time_s": 255.8406569947083,
    "mean_lat_ms": 5.116813139894166,
    "p50_ms": 5.005325000386165,
    "p95_ms": 6.452137499511537,
    "p99_ms": 7.161724998443333,
    "throughput_wps": 195.43414478111734,
    "throughput_tps": 1893.561428784246,
    "throughput_cps_in": 1757.7346981613694,
    "throughput_cps_out": 1913.3002774071388,
    "tokens_per_word": 9.689,
    "chars_in_per_word": 8.994,
    "chars_out_per_word": 9.79,
    "ci95_lat_low_ms": 5.110293319429344,
    "ci95_lat_high_ms": 5.123332960358988,
    "ci95_wps_low": 195.18544036418254,
    "ci95_wps_high": 195.68348380277865,
    "stable_wps": 194.40095317477537,
    "stable_cv": 0.1330094262742924,
    "stable_window_start": 19360,
    "global_cv": 0.14536672635808476,
    "thermal_ratio": 1.011150983729197,
    "mean_first_ms": 5.119798519890992,
    "mean_last_ms": 5.176889309883063,
    "loop_overhead_us": 0.10000010433941497,
    "status": "success",
    "device": "cuda",
    "batch_size": 8
  }
}
