{
  "artifact_type": "inference_benchmark",
  "generated_by": "python src/benchmark_inference.py",
  "base_name": "exp7_lambda_mid_candidate_0.20__20260221_194037",
  "experiment": "exp7_lambda_mid_candidate_0.20",
  "raw_csv_path": "C:/Users/leona/OneDrive/Documents/Projects/Acadêmicos/FG2P/results/exp7_lambda_mid_candidate_0.20/benchmark_exp7_lambda_mid_candidate_0.20__20260221_194037_cpu_raw_b16.csv",
  "benchmark_metadata": {
    "benchmark_date": "2026-03-15 16:44:46",
    "devices": [
      "cpu"
    ],
    "test_words": 500,
    "warmup_runs": 20,
    "benchmark_runs": 200,
    "adaptive": true,
    "adaptive_min_runs": 10,
    "adaptive_max_runs": 80,
    "adaptive_cv_target": 0.03,
    "loop_overhead_us": 0.100000761449337,
    "force": true,
    "selected_models": 19,
    "cpu_quantize": false,
    "cpu_threads": null,
    "batch_size": 16,
    "sweep_mode": true,
    "sweep_batch_sizes": [
      1,
      4,
      8,
      16,
      32,
      64,
      128
    ]
  },
  "result": {
    "model_index": 4,
    "base_name": "exp7_lambda_mid_candidate_0.20__20260221_194037",
    "experiment": "exp7_lambda_mid_candidate_0.20",
    "params": 4321963,
    "n": 4960,
    "total_time_s": 14.36265969600936,
    "mean_lat_ms": 2.895697519356726,
    "p50_ms": 2.8865374988527037,
    "p95_ms": 3.5531874991647783,
    "p99_ms": 3.7037812489870703,
    "throughput_wps": 345.33993737790274,
    "throughput_tps": 3321.111897767331,
    "throughput_cps_in": 3066.2844439763785,
    "throughput_cps_out": 3362.1906403183316,
    "tokens_per_word": 9.616935483870968,
    "chars_in_per_word": 8.879032258064516,
    "chars_out_per_word": 9.735887096774194,
    "ci95_lat_low_ms": 2.8862792275094558,
    "ci95_lat_high_ms": 2.905115811203996,
    "ci95_wps_low": 344.22035642894394,
    "ci95_wps_high": 346.4668249935371,
    "stable_wps": 343.6511592492027,
    "stable_cv": 0.11189811660805837,
    "stable_window_start": 336,
    "global_cv": 0.11687018102282454,
    "thermal_ratio": 0.9966687337794625,
    "mean_first_ms": 2.9021222774410433,
    "mean_last_ms": 2.8924545355303346,
    "loop_overhead_us": 0.100000761449337,
    "status": "success",
    "device": "cpu",
    "batch_size": 16,
    "adaptive": true,
    "runs_executed": 10,
    "max_runs": 80,
    "min_runs": 10,
    "cv_target": 0.03,
    "converged": true,
    "final_run_cv": 0.011861348551565145,
    "n_samples_raw": 5000,
    "n_samples_clean": 4960,
    "n_outliers_removed": 40
  }
}
