{
  "artifact_type": "inference_benchmark",
  "generated_by": "python src/benchmark_inference.py",
  "base_name": "exp7_lambda_mid_candidate_0.20__20260221_194037",
  "experiment": "exp7_lambda_mid_candidate_0.20",
  "raw_csv_path": "C:/Users/leona/OneDrive/Documents/Projects/Acadêmicos/FG2P/results/exp7_lambda_mid_candidate_0.20/benchmark_exp7_lambda_mid_candidate_0.20__20260221_194037_cpu_raw_b64.csv",
  "benchmark_metadata": {
    "benchmark_date": "2026-03-15 17:19:58",
    "devices": [
      "cpu"
    ],
    "test_words": 500,
    "warmup_runs": 20,
    "benchmark_runs": 200,
    "adaptive": true,
    "adaptive_min_runs": 10,
    "adaptive_max_runs": 80,
    "adaptive_cv_target": 0.03,
    "loop_overhead_us": 0.100000761449337,
    "force": true,
    "selected_models": 19,
    "cpu_quantize": false,
    "cpu_threads": null,
    "batch_size": 64,
    "sweep_mode": true,
    "sweep_batch_sizes": [
      1,
      4,
      8,
      16,
      32,
      64,
      128
    ]
  },
  "result": {
    "model_index": 4,
    "base_name": "exp7_lambda_mid_candidate_0.20__20260221_194037",
    "experiment": "exp7_lambda_mid_candidate_0.20",
    "params": 4321963,
    "n": 4360,
    "total_time_s": 7.246585596585646,
    "mean_lat_ms": 1.662060916648084,
    "p50_ms": 1.663046153295839,
    "p95_ms": 1.824556249403031,
    "p99_ms": 1.8486203116481192,
    "throughput_wps": 601.6626646974665,
    "throughput_tps": 5844.13161695819,
    "throughput_cps_in": 5408.064181076539,
    "throughput_cps_out": 5917.269509685175,
    "tokens_per_word": 9.713302752293577,
    "chars_in_per_word": 8.988532110091743,
    "chars_out_per_word": 9.8348623853211,
    "ci95_lat_low_ms": 1.659153624355518,
    "ci95_lat_high_ms": 1.66496820894065,
    "ci95_wps_low": 600.612068524875,
    "ci95_wps_high": 602.7169427354505,
    "stable_wps": 597.4257120600048,
    "stable_cv": 0.05110442316001009,
    "stable_window_start": 1192,
    "global_cv": 0.05892898123062014,
    "thermal_ratio": 0.9953260251876934,
    "mean_first_ms": 1.661454471705429,
    "mean_last_ms": 1.6536888753528836,
    "loop_overhead_us": 0.100000761449337,
    "status": "success",
    "device": "cpu",
    "batch_size": 64,
    "adaptive": true,
    "runs_executed": 10,
    "max_runs": 80,
    "min_runs": 10,
    "cv_target": 0.03,
    "converged": true,
    "final_run_cv": 0.008837569362176273,
    "n_samples_raw": 5000,
    "n_samples_clean": 4360,
    "n_outliers_removed": 640
  }
}
