{
  "artifact_type": "inference_benchmark",
  "generated_by": "python src/benchmark_inference.py",
  "base_name": "exp7_lambda_mid_candidate_0.20__20260221_194037",
  "experiment": "exp7_lambda_mid_candidate_0.20",
  "raw_csv_path": "C:/Users/leona/OneDrive/Documents/Projects/Acadêmicos/FG2P/results/exp7_lambda_mid_candidate_0.20/benchmark_exp7_lambda_mid_candidate_0.20__20260221_194037_cuda_raw_b256.csv",
  "benchmark_metadata": {
    "benchmark_date": "2026-03-15 10:17:42",
    "devices": [
      "cuda"
    ],
    "test_words": 1000,
    "warmup_runs": 20,
    "benchmark_runs": 50,
    "loop_overhead_us": 0.10000010433941497,
    "force": true,
    "selected_models": 19,
    "cpu_quantize": false,
    "cpu_threads": null,
    "batch_size": 256,
    "sweep_mode": true,
    "sweep_batch_sizes": [
      1,
      4,
      8,
      16,
      32,
      64,
      128,
      256,
      512
    ]
  },
  "result": {
    "model_index": 4,
    "base_name": "exp7_lambda_mid_candidate_0.20__20260221_194037",
    "experiment": "exp7_lambda_mid_candidate_0.20",
    "params": 4321963,
    "n": 50000,
    "total_time_s": 55.127795894642084,
    "mean_lat_ms": 1.1025559178928417,
    "p50_ms": 1.1015980468050657,
    "p95_ms": 1.1530232757572463,
    "p99_ms": 1.2279324217593057,
    "throughput_wps": 906.9834770023799,
    "throughput_tps": 8787.762908676059,
    "throughput_cps_in": 8157.409392159405,
    "throughput_cps_out": 8879.368239853298,
    "tokens_per_word": 9.689,
    "chars_in_per_word": 8.994,
    "chars_out_per_word": 9.79,
    "ci95_lat_low_ms": 1.1022302611859338,
    "ci95_lat_high_ms": 1.1028815745997496,
    "ci95_wps_low": 906.7156647012744,
    "ci95_wps_high": 907.2514475551233,
    "stable_wps": 910.5302339863241,
    "stable_cv": 0.024455217913595992,
    "stable_window_start": 17256,
    "global_cv": 0.03369677461350032,
    "thermal_ratio": 0.996995858255505,
    "mean_first_ms": 1.1012895798959106,
    "mean_last_ms": 1.097981149896168,
    "loop_overhead_us": 0.10000010433941497,
    "status": "success",
    "device": "cuda",
    "batch_size": 256
  }
}
