{
  "artifact_type": "inference_benchmark",
  "generated_by": "python src/benchmark_inference.py",
  "base_name": "exp7_lambda_mid_candidate_0.20__20260221_194037",
  "experiment": "exp7_lambda_mid_candidate_0.20",
  "raw_csv_path": "C:/Users/leona/OneDrive/Documents/Projects/Acadêmicos/FG2P/results/exp7_lambda_mid_candidate_0.20/benchmark_exp7_lambda_mid_candidate_0.20__20260221_194037_cuda_raw_b16.csv",
  "benchmark_metadata": {
    "benchmark_date": "2026-03-15 04:42:32",
    "devices": [
      "cuda"
    ],
    "test_words": 1000,
    "warmup_runs": 20,
    "benchmark_runs": 50,
    "loop_overhead_us": 0.10000010433941497,
    "force": true,
    "selected_models": 19,
    "cpu_quantize": false,
    "cpu_threads": null,
    "batch_size": 16,
    "sweep_mode": true,
    "sweep_batch_sizes": [
      1,
      4,
      8,
      16,
      32,
      64,
      128,
      256,
      512
    ]
  },
  "result": {
    "model_index": 4,
    "base_name": "exp7_lambda_mid_candidate_0.20__20260221_194037",
    "experiment": "exp7_lambda_mid_candidate_0.20",
    "params": 4321963,
    "n": 50000,
    "total_time_s": 160.1197430946895,
    "mean_lat_ms": 3.20239486189379,
    "p50_ms": 3.1311062500412845,
    "p95_ms": 3.971724999903472,
    "p99_ms": 4.568743749334772,
    "throughput_wps": 312.26630166669486,
    "throughput_tps": 3025.548196848607,
    "throughput_cps_in": 2808.5231171902537,
    "throughput_cps_out": 3057.087093316943,
    "tokens_per_word": 9.689,
    "chars_in_per_word": 8.994,
    "chars_out_per_word": 9.79,
    "ci95_lat_low_ms": 3.1986522557510306,
    "ci95_lat_high_ms": 3.2061374680365495,
    "ci95_wps_low": 311.9017852382991,
    "ci95_wps_high": 312.631671105243,
    "stable_wps": 316.4055899842888,
    "stable_cv": 0.10679948911335656,
    "stable_window_start": 23672,
    "global_cv": 0.133330091326208,
    "thermal_ratio": 0.9289832026779333,
    "mean_first_ms": 3.382575799893766,
    "mean_last_ms": 3.142356099886183,
    "loop_overhead_us": 0.10000010433941497,
    "status": "success",
    "device": "cuda",
    "batch_size": 16
  }
}
