{
  "artifact_type": "inference_benchmark",
  "generated_by": "python src/benchmark_inference.py",
  "base_name": "exp7_lambda_mid_candidate_0.20__20260221_194037",
  "experiment": "exp7_lambda_mid_candidate_0.20",
  "raw_csv_path": "C:/Users/leona/OneDrive/Documents/Projects/Acadêmicos/FG2P/results/exp7_lambda_mid_candidate_0.20/benchmark_exp7_lambda_mid_candidate_0.20__20260221_194037_cpu_raw_b4.csv",
  "benchmark_metadata": {
    "benchmark_date": "2026-03-15 15:32:05",
    "devices": [
      "cpu"
    ],
    "test_words": 500,
    "warmup_runs": 20,
    "benchmark_runs": 200,
    "adaptive": true,
    "adaptive_min_runs": 10,
    "adaptive_max_runs": 80,
    "adaptive_cv_target": 0.03,
    "loop_overhead_us": 0.100000761449337,
    "force": true,
    "selected_models": 19,
    "cpu_quantize": false,
    "cpu_threads": null,
    "batch_size": 4,
    "sweep_mode": true,
    "sweep_batch_sizes": [
      1,
      4,
      8,
      16,
      32,
      64,
      128
    ]
  },
  "result": {
    "model_index": 4,
    "base_name": "exp7_lambda_mid_candidate_0.20__20260221_194037",
    "experiment": "exp7_lambda_mid_candidate_0.20",
    "params": 4321963,
    "n": 4880,
    "total_time_s": 33.44467079626338,
    "mean_lat_ms": 6.853416146775283,
    "p50_ms": 6.791549996705726,
    "p95_ms": 8.715474999917205,
    "p99_ms": 9.201099997881101,
    "throughput_wps": 145.91263372654336,
    "throughput_tps": 1393.764653387109,
    "throughput_cps_in": 1286.7221884811613,
    "throughput_cps_out": 1409.9705237723113,
    "tokens_per_word": 9.552049180327868,
    "chars_in_per_word": 8.818442622950819,
    "chars_out_per_word": 9.66311475409836,
    "ci95_lat_low_ms": 6.824271473899571,
    "ci95_lat_high_ms": 6.882560819650996,
    "ci95_wps_low": 145.29475673426865,
    "ci95_wps_high": 146.53578829984227,
    "stable_wps": 145.73531291313756,
    "stable_cv": 0.1492762951907869,
    "stable_window_start": 2152,
    "global_cv": 0.15156744206944867,
    "thermal_ratio": 1.0036604975121195,
    "mean_first_ms": 6.827181556561345,
    "mean_last_ms": 6.852172437663926,
    "loop_overhead_us": 0.100000761449337,
    "status": "success",
    "device": "cpu",
    "batch_size": 4,
    "adaptive": true,
    "runs_executed": 10,
    "max_runs": 80,
    "min_runs": 10,
    "cv_target": 0.03,
    "converged": true,
    "final_run_cv": 0.005470689094430587,
    "n_samples_raw": 5000,
    "n_samples_clean": 4880,
    "n_outliers_removed": 120
  }
}
