{
  "artifact_type": "inference_benchmark",
  "generated_by": "python src/benchmark_inference.py",
  "base_name": "exp7_lambda_mid_candidate_0.20__20260221_194037",
  "experiment": "exp7_lambda_mid_candidate_0.20",
  "raw_csv_path": "C:/Users/leona/OneDrive/Documents/Projects/Acadêmicos/FG2P/results/exp7_lambda_mid_candidate_0.20/benchmark_exp7_lambda_mid_candidate_0.20__20260221_194037_cuda_raw_b64.csv",
  "benchmark_metadata": {
    "benchmark_date": "2026-03-15 08:01:10",
    "devices": [
      "cuda"
    ],
    "test_words": 1000,
    "warmup_runs": 20,
    "benchmark_runs": 50,
    "loop_overhead_us": 0.10000010433941497,
    "force": true,
    "selected_models": 19,
    "cpu_quantize": false,
    "cpu_threads": null,
    "batch_size": 64,
    "sweep_mode": true,
    "sweep_batch_sizes": [
      1,
      4,
      8,
      16,
      32,
      64,
      128,
      256,
      512
    ]
  },
  "result": {
    "model_index": 4,
    "base_name": "exp7_lambda_mid_candidate_0.20__20260221_194037",
    "experiment": "exp7_lambda_mid_candidate_0.20",
    "params": 4321963,
    "n": 50000,
    "total_time_s": 74.09414299463697,
    "mean_lat_ms": 1.4818828598927394,
    "p50_ms": 1.462903124750028,
    "p95_ms": 1.8428156249433414,
    "p99_ms": 1.9928749999257889,
    "throughput_wps": 674.8171714951757,
    "throughput_tps": 6538.303574616756,
    "throughput_cps_in": 6069.305640427609,
    "throughput_cps_out": 6606.460108937769,
    "tokens_per_word": 9.689,
    "chars_in_per_word": 8.994,
    "chars_out_per_word": 9.79,
    "ci95_lat_low_ms": 1.4805526997363765,
    "ci95_lat_high_ms": 1.4832130200491023,
    "ci95_wps_low": 674.2119887586307,
    "ci95_wps_high": 675.4234416499038,
    "stable_wps": 678.5282359338897,
    "stable_cv": 0.09027627287428389,
    "stable_window_start": 18960,
    "global_cv": 0.10240448806682215,
    "thermal_ratio": 1.00184360106359,
    "mean_first_ms": 1.4841063199020026,
    "mean_last_ms": 1.4868424198918548,
    "loop_overhead_us": 0.10000010433941497,
    "status": "success",
    "device": "cuda",
    "batch_size": 64
  }
}
