{
  "artifact_type": "inference_benchmark",
  "generated_by": "python src/benchmark_inference.py",
  "base_name": "exp7_lambda_mid_candidate_0.20__20260221_194037",
  "experiment": "exp7_lambda_mid_candidate_0.20",
  "raw_csv_path": "C:/Users/leona/OneDrive/Documents/Projects/Acadêmicos/FG2P/results/exp7_lambda_mid_candidate_0.20/benchmark_exp7_lambda_mid_candidate_0.20__20260221_194037_cuda_raw_b32.csv",
  "benchmark_metadata": {
    "benchmark_date": "2026-03-15 06:34:55",
    "devices": [
      "cuda"
    ],
    "test_words": 1000,
    "warmup_runs": 20,
    "benchmark_runs": 50,
    "loop_overhead_us": 0.10000010433941497,
    "force": true,
    "selected_models": 19,
    "cpu_quantize": false,
    "cpu_threads": null,
    "batch_size": 32,
    "sweep_mode": true,
    "sweep_batch_sizes": [
      1,
      4,
      8,
      16,
      32,
      64,
      128,
      256,
      512
    ]
  },
  "result": {
    "model_index": 4,
    "base_name": "exp7_lambda_mid_candidate_0.20__20260221_194037",
    "experiment": "exp7_lambda_mid_candidate_0.20",
    "params": 4321963,
    "n": 50000,
    "total_time_s": 106.13254679490365,
    "mean_lat_ms": 2.122650935898073,
    "p50_ms": 2.089278124660723,
    "p95_ms": 2.4473499999862725,
    "p99_ms": 3.709299999829909,
    "throughput_wps": 471.10901895742444,
    "throughput_tps": 4564.575284678485,
    "throughput_cps_in": 4237.154516503076,
    "throughput_cps_out": 4612.157295593185,
    "tokens_per_word": 9.689,
    "chars_in_per_word": 8.994,
    "chars_out_per_word": 9.79,
    "ci95_lat_low_ms": 2.120181344701202,
    "ci95_lat_high_ms": 2.1251205270949436,
    "ci95_wps_low": 470.56154568654415,
    "ci95_wps_high": 471.6577676240852,
    "stable_wps": 473.7619094993068,
    "stable_cv": 0.12020152075607535,
    "stable_window_start": 12640,
    "global_cv": 0.13273193255389504,
    "thermal_ratio": 0.9893961834655621,
    "mean_first_ms": 2.135827219888688,
    "mean_last_ms": 2.1131792998997296,
    "loop_overhead_us": 0.10000010433941497,
    "status": "success",
    "device": "cuda",
    "batch_size": 32
  }
}
