{
  "artifact_type": "inference_benchmark",
  "generated_by": "python src/benchmark_inference.py",
  "base_name": "exp7_lambda_mid_candidate_0.20__20260221_194037",
  "experiment": "exp7_lambda_mid_candidate_0.20",
  "raw_csv_path": "C:/Users/leona/OneDrive/Documents/Projects/Acadêmicos/FG2P/results/exp7_lambda_mid_candidate_0.20/benchmark_exp7_lambda_mid_candidate_0.20__20260221_194037_cuda_raw.csv",
  "benchmark_metadata": {
    "benchmark_date": "2026-03-14 11:37:52",
    "devices": [
      "cuda"
    ],
    "test_words": 1000,
    "warmup_runs": 20,
    "benchmark_runs": 50,
    "loop_overhead_us": 0.10000010433941497,
    "force": true,
    "selected_models": 19,
    "cpu_quantize": false,
    "cpu_threads": null,
    "batch_size": 1,
    "sweep_mode": true,
    "sweep_batch_sizes": [
      1,
      4,
      8,
      16,
      32,
      64,
      128,
      256,
      512
    ]
  },
  "result": {
    "model_index": 4,
    "base_name": "exp7_lambda_mid_candidate_0.20__20260221_194037",
    "experiment": "exp7_lambda_mid_candidate_0.20",
    "params": 4321963,
    "n": 50000,
    "total_time_s": 1194.0980477954372,
    "mean_lat_ms": 23.881960955908745,
    "p50_ms": 23.17879999893421,
    "p95_ms": 34.665100000640905,
    "p99_ms": 42.19140000052221,
    "throughput_wps": 41.87260844476783,
    "throughput_tps": 405.70370322135545,
    "throughput_cps_in": 376.60224035224184,
    "throughput_cps_out": 409.93283667427704,
    "tokens_per_word": 9.689,
    "chars_in_per_word": 8.994,
    "chars_out_per_word": 9.79,
    "ci95_lat_low_ms": 23.828851617806354,
    "ci95_lat_high_ms": 23.935070294011137,
    "ci95_wps_low": 41.77969764518355,
    "ci95_wps_high": 41.96593340036327,
    "stable_wps": 42.04538875412116,
    "stable_cv": 0.24179786660843147,
    "stable_window_start": 27590,
    "global_cv": 0.25370547280225175,
    "thermal_ratio": 1.0544032634346805,
    "mean_first_ms": 23.298445349917255,
    "mean_last_ms": 24.565956809907313,
    "loop_overhead_us": 0.10000010433941497,
    "status": "success",
    "device": "cuda",
    "batch_size": 1
  }
}
