{
  "artifact_type": "inference_benchmark",
  "generated_by": "python src/benchmark_inference.py",
  "base_name": "exp7_lambda_mid_candidate_0.20__20260221_194037",
  "experiment": "exp7_lambda_mid_candidate_0.20",
  "raw_csv_path": "C:/Users/leona/OneDrive/Documents/Projects/Acadêmicos/FG2P/results/exp7_lambda_mid_candidate_0.20/benchmark_exp7_lambda_mid_candidate_0.20__20260221_194037_cuda_raw_b512.csv",
  "benchmark_metadata": {
    "benchmark_date": "2026-03-15 11:19:26",
    "devices": [
      "cuda"
    ],
    "test_words": 1000,
    "warmup_runs": 20,
    "benchmark_runs": 50,
    "loop_overhead_us": 0.10000010433941497,
    "force": true,
    "selected_models": 19,
    "cpu_quantize": false,
    "cpu_threads": null,
    "batch_size": 512,
    "sweep_mode": true,
    "sweep_batch_sizes": [
      1,
      4,
      8,
      16,
      32,
      64,
      128,
      256,
      512
    ]
  },
  "result": {
    "model_index": 4,
    "base_name": "exp7_lambda_mid_candidate_0.20__20260221_194037",
    "experiment": "exp7_lambda_mid_candidate_0.20",
    "params": 4321963,
    "n": 50000,
    "total_time_s": 35.30798849480652,
    "mean_lat_ms": 0.7061597698961305,
    "p50_ms": 0.6847048827046365,
    "p95_ms": 0.9341284835287282,
    "p99_ms": 0.954906967100833,
    "throughput_wps": 1416.110124975104,
    "throughput_tps": 13720.691000883782,
    "throughput_cps_in": 12736.494464026086,
    "throughput_cps_out": 13863.718123506269,
    "tokens_per_word": 9.689,
    "chars_in_per_word": 8.994,
    "chars_out_per_word": 9.79,
    "ci95_lat_low_ms": 0.7053663995507276,
    "ci95_lat_high_ms": 0.7069531402415334,
    "ci95_wps_low": 1414.520911044183,
    "ci95_wps_high": 1417.7029138855137,
    "stable_wps": 1459.4654348090082,
    "stable_cv": 0.054026856791920444,
    "stable_window_start": 39512,
    "global_cv": 0.1281745856380375,
    "thermal_ratio": 0.9700497245775727,
    "mean_first_ms": 0.7121006298920293,
    "mean_last_ms": 0.690773019898279,
    "loop_overhead_us": 0.10000010433941497,
    "status": "success",
    "device": "cuda",
    "batch_size": 512
  }
}
